customer_id,Age,Gender,Category,Location,Season,Purchase Amount (USD),Previous Purchases,Review Rating,has_review,Subscription Status,is_subscriber,Discount Applied,discount_used,Payment Method,Shipping Type,Frequency of Purchases,frequency_score,engagement_score,loyalty_A,value_score,loyalty_B,discount_dependency_flag,satisfied_flag
1,55,Male,Clothing,Kentucky,Winter,53,14,3.1,1,Yes,1,Yes,1,Venmo,Express,Fortnightly,5,0.8,High Engagement,0.33890306122448977,Low Value,1,0
2,19,Male,Clothing,Maine,Winter,64,2,3.1,1,Yes,1,Yes,1,Cash,Express,Fortnightly,5,0.8,High Engagement,0.2852040816326531,Low Value,1,0
3,50,Male,Clothing,Massachusetts,Spring,73,23,3.1,1,Yes,1,Yes,1,Credit Card,Free Shipping,Weekly,7,1.0,High Engagement,0.5557397959183673,Mid Value,1,0
4,21,Male,Footwear,Rhode Island,Spring,90,49,3.5,1,Yes,1,Yes,1,PayPal,Next Day Air,Weekly,7,1.0,High Engagement,0.9272959183673469,High Value,1,0
5,45,Male,Clothing,Oregon,Spring,49,31,2.7,1,Yes,1,Yes,1,PayPal,Free Shipping,Annually,1,0.4,Medium Engagement,0.48737244897959187,Mid Value,1,0
6,46,Male,Footwear,Wyoming,Summer,20,14,2.9,1,Yes,1,Yes,1,Venmo,Standard,Weekly,7,1.0,High Engagement,0.1326530612244898,Low Value,1,0
7,63,Male,Clothing,Montana,Fall,85,49,3.2,1,Yes,1,Yes,1,Cash,Free Shipping,Quarterly,3,0.6,Medium Engagement,0.8960459183673469,High Value,1,0
8,27,Male,Clothing,Louisiana,Winter,34,19,3.2,1,Yes,1,Yes,1,Credit Card,Free Shipping,Weekly,7,1.0,High Engagement,0.2711734693877551,Low Value,1,0
9,26,Male,Outerwear,West Virginia,Summer,97,8,2.6,1,Yes,1,Yes,1,Venmo,Express,Annually,1,0.4,Medium Engagement,0.5526785714285715,Mid Value,1,0
10,57,Male,Accessories,Missouri,Spring,31,4,4.8,1,Yes,1,Yes,1,Cash,2-Day Shipping,Quarterly,3,0.6,Medium Engagement,0.0993622448979592,Low Value,1,1
11,53,Male,Footwear,Arkansas,Fall,34,26,4.1,1,Yes,1,Yes,1,Bank Transfer,Store Pickup,Bi-Weekly,6,0.9,High Engagement,0.3426020408163265,Low Value,1,1
12,30,Male,Clothing,Hawaii,Winter,68,10,4.9,1,Yes,1,Yes,1,Bank Transfer,Store Pickup,Fortnightly,5,0.8,High Engagement,0.39183673469387753,Low Value,1,1
13,61,Male,Outerwear,Delaware,Winter,72,37,4.5,1,Yes,1,Yes,1,Venmo,Express,Fortnightly,5,0.8,High Engagement,0.6923469387755102,High Value,1,1
14,65,Male,Clothing,New Hampshire,Spring,51,31,4.7,1,Yes,1,Yes,1,PayPal,Express,Weekly,7,1.0,High Engagement,0.4998724489795918,Mid Value,1,1
15,64,Male,Outerwear,New York,Winter,53,34,4.7,1,Yes,1,Yes,1,Debit Card,Free Shipping,Weekly,7,1.0,High Engagement,0.542984693877551,Mid Value,1,1
16,64,Male,Clothing,Rhode Island,Winter,81,8,2.8,1,Yes,1,Yes,1,PayPal,Store Pickup,Monthly,4,0.7,High Engagement,0.4526785714285714,Mid Value,1,0
17,25,Male,Accessories,Alabama,Spring,36,44,4.1,1,Yes,1,Yes,1,Debit Card,Next Day Air,Bi-Weekly,6,0.9,High Engagement,0.5387755102040817,Mid Value,1,1
18,53,Male,Clothing,Mississippi,Winter,38,36,4.7,1,Yes,1,Yes,1,Venmo,2-Day Shipping,Quarterly,3,0.6,Medium Engagement,0.46964285714285714,Mid Value,1,1
19,52,Male,Clothing,Montana,Summer,48,17,4.6,1,Yes,1,Yes,1,Cash,Free Shipping,Weekly,7,1.0,High Engagement,0.338265306122449,Low Value,1,1
20,66,Male,Clothing,Rhode Island,Summer,90,46,3.3,1,Yes,1,Yes,1,Debit Card,Standard,Bi-Weekly,6,0.9,High Engagement,0.8966836734693877,High Value,1,0
21,21,Male,Clothing,Louisiana,Winter,51,50,2.8,1,Yes,1,Yes,1,Cash,Express,Every 3 Months,3,0.6,Medium Engagement,0.69375,High Value,1,0
22,31,Male,Clothing,North Carolina,Winter,62,22,4.1,1,Yes,1,Yes,1,Debit Card,Store Pickup,Quarterly,3,0.6,Medium Engagement,0.47678571428571426,Mid Value,1,1
23,56,Male,Clothing,California,Summer,37,32,3.2,1,Yes,1,Yes,1,Debit Card,Store Pickup,Annually,1,0.4,Medium Engagement,0.4225765306122449,Mid Value,1,0
24,31,Male,Clothing,Oklahoma,Winter,88,40,4.4,1,Yes,1,Yes,1,Credit Card,Express,Weekly,7,1.0,High Engagement,0.8229591836734693,High Value,1,1
25,18,Male,Outerwear,Florida,Fall,22,16,2.9,1,Yes,1,Yes,1,Debit Card,Store Pickup,Weekly,7,1.0,High Engagement,0.16556122448979593,Low Value,1,0
26,18,Male,Clothing,Texas,Summer,25,14,3.6,1,Yes,1,Yes,1,PayPal,Express,Annually,1,0.4,Medium Engagement,0.1639030612244898,Low Value,1,0
27,38,Male,Accessories,Nevada,Spring,20,13,3.6,1,Yes,1,Yes,1,Credit Card,Next Day Air,Annually,1,0.4,Medium Engagement,0.12244897959183673,Low Value,1,0
28,56,Male,Clothing,Kentucky,Summer,56,7,5.0,1,Yes,1,Yes,1,Bank Transfer,Next Day Air,Every 3 Months,3,0.6,Medium Engagement,0.28622448979591836,Low Value,1,1
29,54,Male,Accessories,North Carolina,Fall,94,41,4.4,1,Yes,1,Yes,1,PayPal,Free Shipping,Every 3 Months,3,0.6,Medium Engagement,0.8706632653061225,High Value,1,1
30,31,Male,Clothing,Wyoming,Fall,48,14,4.1,1,Yes,1,Yes,1,Credit Card,Store Pickup,Weekly,7,1.0,High Engagement,0.30765306122448977,Low Value,1,1
31,57,Male,Accessories,North Carolina,Winter,31,16,4.7,1,Yes,1,Yes,1,Credit Card,Standard,Monthly,4,0.7,High Engagement,0.22181122448979593,Low Value,1,1
32,33,Male,Clothing,West Virginia,Winter,79,45,4.7,1,Yes,1,Yes,1,Venmo,Store Pickup,Monthly,4,0.7,High Engagement,0.8177295918367347,High Value,1,1
33,36,Male,Outerwear,Kansas,Summer,67,37,4.9,1,Yes,1,Yes,1,Venmo,Free Shipping,Annually,1,0.4,Medium Engagement,0.6610969387755102,High Value,1,1
34,54,Male,Clothing,Colorado,Summer,38,45,3.3,1,Yes,1,Yes,1,Cash,Store Pickup,Quarterly,3,0.6,Medium Engagement,0.5614795918367347,Mid Value,1,0
35,36,Male,Clothing,North Dakota,Spring,91,38,4.6,1,Yes,1,Yes,1,PayPal,2-Day Shipping,Quarterly,3,0.6,Medium Engagement,0.8213010204081632,High Value,1,1
36,54,Male,Clothing,Massachusetts,Summer,33,48,4.0,1,Yes,1,Yes,1,Credit Card,2-Day Shipping,Bi-Weekly,6,0.9,High Engagement,0.5608418367346939,Mid Value,1,1
37,35,Male,Clothing,Illinois,Winter,69,44,4.6,1,Yes,1,Yes,1,PayPal,Free Shipping,Fortnightly,5,0.8,High Engagement,0.7450255102040817,High Value,1,1
38,35,Male,Clothing,Indiana,Summer,45,10,2.8,1,Yes,1,Yes,1,PayPal,Store Pickup,Weekly,7,1.0,High Engagement,0.24808673469387754,Low Value,1,0
39,29,Male,Clothing,Florida,Winter,37,44,3.8,0,Yes,1,Yes,1,Venmo,2-Day Shipping,Every 3 Months,3,0.6,Medium Engagement,0.5450255102040816,Mid Value,1,0
40,70,Male,Clothing,Arizona,Summer,60,18,4.2,1,Yes,1,Yes,1,Credit Card,Express,Monthly,4,0.7,High Engagement,0.423469387755102,Mid Value,1,1
41,69,Male,Accessories,Louisiana,Winter,76,31,4.6,1,Yes,1,Yes,1,Debit Card,Next Day Air,Quarterly,3,0.6,Medium Engagement,0.6561224489795918,High Value,1,1
42,67,Male,Accessories,Alaska,Spring,39,40,4.5,1,Yes,1,Yes,1,Venmo,Standard,Annually,1,0.4,Medium Engagement,0.5167091836734694,Mid Value,1,1
43,20,Male,Outerwear,Tennessee,Spring,100,15,4.1,1,Yes,1,Yes,1,PayPal,Free Shipping,Annually,1,0.4,Medium Engagement,0.6428571428571428,High Value,1,1
44,25,Male,Accessories,Ohio,Fall,69,19,3.7,1,Yes,1,Yes,1,PayPal,Store Pickup,Fortnightly,5,0.8,High Engagement,0.4899234693877551,Mid Value,1,0
45,39,Male,Accessories,Kentucky,Summer,53,45,4.6,1,Yes,1,Yes,1,PayPal,Free Shipping,Weekly,7,1.0,High Engagement,0.6552295918367347,High Value,1,1
46,50,Male,Clothing,Tennessee,Fall,21,25,2.9,1,Yes,1,Yes,1,PayPal,2-Day Shipping,Annually,1,0.4,Medium Engagement,0.25114795918367344,Low Value,1,0
47,57,Male,Clothing,California,Summer,43,45,2.9,1,Yes,1,Yes,1,Cash,Store Pickup,Quarterly,3,0.6,Medium Engagement,0.5927295918367347,High Value,1,0
48,55,Male,Accessories,Montana,Winter,54,36,4.5,1,Yes,1,Yes,1,Cash,Free Shipping,Weekly,7,1.0,High Engagement,0.5696428571428571,Mid Value,1,1
49,42,Male,Clothing,Nevada,Summer,55,38,2.7,1,Yes,1,Yes,1,Cash,Store Pickup,Monthly,4,0.7,High Engagement,0.5963010204081632,High Value,1,0
50,68,Male,Clothing,New Jersey,Spring,30,34,4.6,1,Yes,1,Yes,1,Debit Card,Next Day Air,Bi-Weekly,6,0.9,High Engagement,0.399234693877551,Low Value,1,1
51,49,Male,Clothing,Maryland,Spring,28,39,3.8,0,Yes,1,Yes,1,Debit Card,Store Pickup,Bi-Weekly,6,0.9,High Engagement,0.4377551020408163,Mid Value,1,0
52,59,Male,Clothing,Vermont,Winter,59,7,4.7,1,Yes,1,Yes,1,Credit Card,2-Day Shipping,Quarterly,3,0.6,Medium Engagement,0.30497448979591835,Low Value,1,1
53,42,Male,Clothing,Alaska,Summer,20,26,2.6,1,Yes,1,Yes,1,Credit Card,Free Shipping,Weekly,7,1.0,High Engagement,0.25510204081632654,Low Value,1,0
54,29,Male,Clothing,Mississippi,Winter,24,35,3.9,1,Yes,1,Yes,1,Credit Card,Next Day Air,Weekly,7,1.0,High Engagement,0.3719387755102041,Low Value,1,0
55,47,Male,Outerwear,New Mexico,Summer,94,35,4.2,1,Yes,1,Yes,1,Debit Card,Next Day Air,Bi-Weekly,6,0.9,High Engagement,0.8094387755102042,High Value,1,1
56,40,Male,Outerwear,South Carolina,Winter,28,49,3.0,1,Yes,1,Yes,1,Credit Card,2-Day Shipping,Annually,1,0.4,Medium Engagement,0.539795918367347,Mid Value,1,0
57,41,Male,Accessories,Mississippi,Summer,73,46,4.7,1,Yes,1,Yes,1,Credit Card,Store Pickup,Weekly,7,1.0,High Engagement,0.7904336734693878,High Value,1,1
58,21,Male,Outerwear,West Virginia,Summer,64,17,4.4,1,Yes,1,Yes,1,Debit Card,Store Pickup,Fortnightly,5,0.8,High Engagement,0.43826530612244896,Mid Value,1,1
59,69,Male,Clothing,Missouri,Summer,54,29,4.2,1,Yes,1,Yes,1,Venmo,Free Shipping,Monthly,4,0.7,High Engagement,0.4982142857142857,Mid Value,1,1
60,63,Male,Accessories,Louisiana,Spring,79,4,4.6,1,Yes,1,Yes,1,Debit Card,Standard,Weekly,7,1.0,High Engagement,0.3993622448979592,Low Value,1,1
61,50,Male,Clothing,Idaho,Summer,37,17,4.0,1,Yes,1,Yes,1,Cash,Express,Weekly,7,1.0,High Engagement,0.26951530612244895,Low Value,1,1
62,55,Male,Accessories,Texas,Winter,68,21,4.7,1,Yes,1,Yes,1,Credit Card,Store Pickup,Every 3 Months,3,0.6,Medium Engagement,0.5040816326530613,Mid Value,1,1
63,30,Male,Footwear,Mississippi,Spring,21,31,3.8,1,Yes,1,Yes,1,Credit Card,Free Shipping,Fortnightly,5,0.8,High Engagement,0.3123724489795918,Low Value,1,0
64,33,Male,Accessories,Arizona,Winter,79,43,2.7,1,Yes,1,Yes,1,Credit Card,2-Day Shipping,Weekly,7,1.0,High Engagement,0.7973214285714285,High Value,1,0
65,65,Male,Footwear,Alabama,Fall,83,18,4.8,1,Yes,1,Yes,1,Debit Card,Standard,Fortnightly,5,0.8,High Engagement,0.5672193877551021,Mid Value,1,1
66,65,Male,Accessories,New Jersey,Spring,36,44,4.8,1,Yes,1,Yes,1,Venmo,2-Day Shipping,Every 3 Months,3,0.6,Medium Engagement,0.5387755102040817,Mid Value,1,1
67,31,Male,Clothing,Pennsylvania,Winter,94,3,4.7,1,Yes,1,Yes,1,Venmo,2-Day Shipping,Every 3 Months,3,0.6,Medium Engagement,0.48290816326530617,Mid Value,1,1
68,45,Male,Outerwear,Connecticut,Winter,33,49,4.4,1,Yes,1,Yes,1,Debit Card,Store Pickup,Monthly,4,0.7,High Engagement,0.571045918367347,Mid Value,1,1
69,57,Male,Accessories,Utah,Summer,46,21,3.9,1,Yes,1,Yes,1,Cash,Next Day Air,Every 3 Months,3,0.6,Medium Engagement,0.3665816326530612,Low Value,1,0
70,48,Male,Accessories,Tennessee,Summer,70,5,4.4,1,Yes,1,Yes,1,Cash,Express,Weekly,7,1.0,High Engagement,0.35331632653061223,Low Value,1,1
71,22,Male,Accessories,Alabama,Fall,29,32,4.2,1,Yes,1,Yes,1,Debit Card,Express,Every 3 Months,3,0.6,Medium Engagement,0.37257653061224494,Low Value,1,1
72,36,Male,Clothing,Virginia,Summer,48,34,2.9,1,Yes,1,Yes,1,Bank Transfer,Express,Annually,1,0.4,Medium Engagement,0.511734693877551,Mid Value,1,0
73,18,Male,Clothing,Georgia,Winter,26,21,2.9,1,Yes,1,Yes,1,Bank Transfer,Store Pickup,Every 3 Months,3,0.6,Medium Engagement,0.24158163265306123,Low Value,1,0
74,48,Male,Clothing,Hawaii,Spring,85,43,2.7,1,Yes,1,Yes,1,Bank Transfer,Free Shipping,Bi-Weekly,6,0.9,High Engagement,0.8348214285714286,High Value,1,0
75,49,Male,Accessories,Indiana,Spring,58,3,4.5,1,Yes,1,Yes,1,Cash,Express,Monthly,4,0.7,High Engagement,0.25790816326530613,Low Value,1,1
76,64,Male,Accessories,Utah,Summer,85,21,2.7,1,Yes,1,Yes,1,Credit Card,Free Shipping,Annually,1,0.4,Medium Engagement,0.6103316326530612,High Value,1,0
77,50,Male,Accessories,Delaware,Summer,43,32,4.2,1,Yes,1,Yes,1,Venmo,Free Shipping,Monthly,4,0.7,High Engagement,0.4600765306122449,Mid Value,1,1
78,22,Male,Clothing,Delaware,Summer,53,36,3.3,1,Yes,1,Yes,1,Debit Card,Next Day Air,Fortnightly,5,0.8,High Engagement,0.5633928571428571,Mid Value,1,0
79,50,Male,Clothing,Nebraska,Spring,91,50,4.7,1,Yes,1,Yes,1,Venmo,Free Shipping,Fortnightly,5,0.8,High Engagement,0.94375,High Value,1,1
80,38,Male,Outerwear,Iowa,Winter,96,43,2.6,1,Yes,1,Yes,1,Bank Transfer,2-Day Shipping,Every 3 Months,3,0.6,Medium Engagement,0.9035714285714285,High Value,1,0
81,19,Male,Footwear,New York,Summer,72,24,3.8,0,Yes,1,Yes,1,Credit Card,Store Pickup,Every 3 Months,3,0.6,Medium Engagement,0.5596938775510204,Mid Value,1,0
82,67,Male,Footwear,Virginia,Summer,96,36,2.6,1,Yes,1,Yes,1,Credit Card,Express,Every 3 Months,3,0.6,Medium Engagement,0.8321428571428571,High Value,1,0
83,19,Male,Clothing,Georgia,Spring,28,21,4.0,1,Yes,1,Yes,1,Credit Card,2-Day Shipping,Every 3 Months,3,0.6,Medium Engagement,0.2540816326530612,Low Value,1,1
84,36,Male,Clothing,Texas,Summer,40,34,4.1,1,Yes,1,Yes,1,Bank Transfer,Standard,Weekly,7,1.0,High Engagement,0.461734693877551,Mid Value,1,1
85,52,Male,Outerwear,Arizona,Spring,32,42,4.4,1,Yes,1,Yes,1,Bank Transfer,Standard,Every 3 Months,3,0.6,Medium Engagement,0.49336734693877554,Mid Value,1,1
86,53,Male,Accessories,New Mexico,Winter,95,2,4.5,1,Yes,1,Yes,1,Debit Card,Next Day Air,Bi-Weekly,6,0.9,High Engagement,0.4789540816326531,Mid Value,1,1
87,24,Male,Clothing,Nevada,Spring,41,47,3.7,1,Yes,1,Yes,1,Cash,2-Day Shipping,Bi-Weekly,6,0.9,High Engagement,0.6006377551020409,High Value,1,0
88,52,Male,Footwear,Ohio,Fall,53,44,3.7,1,Yes,1,Yes,1,Debit Card,2-Day Shipping,Fortnightly,5,0.8,High Engagement,0.6450255102040816,High Value,1,0
89,33,Male,Clothing,Wyoming,Fall,47,35,3.5,1,Yes,1,Yes,1,Credit Card,Free Shipping,Monthly,4,0.7,High Engagement,0.5156887755102041,Mid Value,1,0
90,47,Male,Outerwear,California,Fall,83,15,3.6,1,Yes,1,Yes,1,Cash,Next Day Air,Quarterly,3,0.6,Medium Engagement,0.5366071428571428,Mid Value,1,0
91,25,Male,Accessories,South Carolina,Summer,48,29,2.9,1,Yes,1,Yes,1,Credit Card,Express,Monthly,4,0.7,High Engagement,0.4607142857142857,Mid Value,1,0
92,44,Male,Accessories,South Carolina,Winter,99,18,4.6,1,Yes,1,Yes,1,Credit Card,Standard,Every 3 Months,3,0.6,Medium Engagement,0.667219387755102,High Value,1,1
93,61,Male,Outerwear,Texas,Winter,87,13,4.4,1,Yes,1,Yes,1,Venmo,2-Day Shipping,Every 3 Months,3,0.6,Medium Engagement,0.5411989795918367,Mid Value,1,1
94,37,Male,Clothing,Florida,Fall,62,46,4.5,1,Yes,1,Yes,1,Credit Card,Standard,Weekly,7,1.0,High Engagement,0.7216836734693878,High Value,1,1
95,58,Male,Clothing,Nevada,Spring,76,28,4.6,1,Yes,1,Yes,1,Credit Card,Free Shipping,Weekly,7,1.0,High Engagement,0.6255102040816326,High Value,1,1
96,37,Male,Footwear,Missouri,Fall,100,48,3.8,1,Yes,1,Yes,1,PayPal,Free Shipping,Monthly,4,0.7,High Engagement,0.9795918367346939,High Value,1,0
97,32,Male,Accessories,Delaware,Spring,73,43,3.8,0,Yes,1,Yes,1,Venmo,Express,Every 3 Months,3,0.6,Medium Engagement,0.7598214285714285,High Value,1,0
98,21,Male,Footwear,Virginia,Winter,92,37,4.8,1,Yes,1,Yes,1,Cash,Store Pickup,Annually,1,0.4,Medium Engagement,0.8173469387755102,High Value,1,1
99,20,Male,Clothing,New York,Spring,67,20,2.6,1,Yes,1,Yes,1,Bank Transfer,Next Day Air,Annually,1,0.4,Medium Engagement,0.48762755102040817,Mid Value,1,0
100,26,Male,Clothing,Missouri,Summer,40,33,3.7,1,Yes,1,Yes,1,Debit Card,Express,Quarterly,3,0.6,Medium Engagement,0.45153061224489793,Mid Value,1,0
101,62,Male,Accessories,South Dakota,Fall,98,31,2.7,1,Yes,1,Yes,1,Cash,Express,Fortnightly,5,0.8,High Engagement,0.7936224489795918,High Value,1,0
102,27,Male,Outerwear,North Dakota,Spring,85,50,4.6,1,Yes,1,Yes,1,Credit Card,Express,Bi-Weekly,6,0.9,High Engagement,0.90625,High Value,1,1
103,51,Male,Clothing,Oklahoma,Winter,67,35,4.8,1,Yes,1,Yes,1,Credit Card,Next Day Air,Quarterly,3,0.6,Medium Engagement,0.6406887755102041,High Value,1,1
104,54,Male,Footwear,West Virginia,Winter,89,22,4.0,1,Yes,1,Yes,1,Venmo,Next Day Air,Bi-Weekly,6,0.9,High Engagement,0.6455357142857143,High Value,1,1
105,55,Male,Accessories,New Hampshire,Spring,24,1,4.4,1,Yes,1,Yes,1,PayPal,2-Day Shipping,Monthly,4,0.7,High Engagement,0.025,Low Value,1,1
106,69,Male,Accessories,New York,Fall,96,4,3.6,1,Yes,1,Yes,1,Bank Transfer,Next Day Air,Annually,1,0.4,Medium Engagement,0.5056122448979592,Mid Value,1,0
107,64,Male,Outerwear,Minnesota,Summer,35,31,3.7,1,Yes,1,Yes,1,Credit Card,Standard,Monthly,4,0.7,High Engagement,0.39987244897959184,Low Value,1,0
108,28,Male,Footwear,Maryland,Winter,67,46,3.1,1,Yes,1,Yes,1,PayPal,Next Day Air,Fortnightly,5,0.8,High Engagement,0.7529336734693878,High Value,1,0
109,70,Male,Clothing,Montana,Spring,79,32,3.4,1,Yes,1,Yes,1,Bank Transfer,Next Day Air,Bi-Weekly,6,0.9,High Engagement,0.6850765306122449,High Value,1,0
110,58,Male,Clothing,Alabama,Spring,85,43,2.6,1,Yes,1,Yes,1,Bank Transfer,Next Day Air,Fortnightly,5,0.8,High Engagement,0.8348214285714286,High Value,1,0
111,56,Male,Accessories,New York,Summer,26,26,4.0,1,Yes,1,Yes,1,Venmo,Standard,Fortnightly,5,0.8,High Engagement,0.2926020408163265,Low Value,1,1
112,26,Male,Accessories,Massachusetts,Summer,75,9,5.0,1,Yes,1,Yes,1,Credit Card,Free Shipping,Annually,1,0.4,Medium Engagement,0.42538265306122447,Mid Value,1,1
113,37,Male,Accessories,Florida,Spring,65,28,4.3,1,Yes,1,Yes,1,PayPal,Free Shipping,Bi-Weekly,6,0.9,High Engagement,0.5567602040816326,Mid Value,1,1
114,44,Male,Accessories,New Jersey,Winter,54,20,3.1,1,Yes,1,Yes,1,PayPal,Next Day Air,Quarterly,3,0.6,Medium Engagement,0.4063775510204082,Mid Value,1,0
115,70,Male,Outerwear,Massachusetts,Summer,95,9,3.7,1,Yes,1,Yes,1,Cash,Store Pickup,Weekly,7,1.0,High Engagement,0.5503826530612245,Mid Value,1,0
116,53,Male,Clothing,Wyoming,Spring,94,48,3.8,1,Yes,1,Yes,1,Debit Card,Standard,Every 3 Months,3,0.6,Medium Engagement,0.9420918367346939,High Value,1,0
117,55,Male,Footwear,Virginia,Spring,86,12,3.4,1,Yes,1,Yes,1,Venmo,Free Shipping,Annually,1,0.4,Medium Engagement,0.5247448979591837,Mid Value,1,0
118,50,Male,Footwear,South Dakota,Summer,32,29,4.6,1,Yes,1,Yes,1,Cash,Express,Fortnightly,5,0.8,High Engagement,0.3607142857142857,Low Value,1,1
119,50,Male,Clothing,Kentucky,Fall,45,27,4.8,1,Yes,1,Yes,1,Cash,2-Day Shipping,Bi-Weekly,6,0.9,High Engagement,0.4215561224489796,Mid Value,1,1
120,38,Male,Outerwear,Wyoming,Fall,76,44,4.3,1,Yes,1,Yes,1,Cash,Express,Annually,1,0.4,Medium Engagement,0.7887755102040817,High Value,1,1
121,64,Male,Accessories,West Virginia,Summer,84,32,4.0,1,Yes,1,Yes,1,Bank Transfer,Express,Annually,1,0.4,Medium Engagement,0.7163265306122449,High Value,1,1
122,19,Male,Clothing,Virginia,Winter,72,11,4.2,1,Yes,1,Yes,1,Cash,Standard,Fortnightly,5,0.8,High Engagement,0.4270408163265306,Mid Value,1,1
123,40,Male,Accessories,Washington,Spring,40,44,4.8,1,Yes,1,Yes,1,Cash,2-Day Shipping,Fortnightly,5,0.8,High Engagement,0.5637755102040816,Mid Value,1,1
124,57,Male,Clothing,Louisiana,Fall,89,46,3.1,1,Yes,1,Yes,1,Cash,Free Shipping,Weekly,7,1.0,High Engagement,0.8904336734693878,High Value,1,0
125,44,Male,Clothing,Nevada,Spring,86,50,3.1,1,Yes,1,Yes,1,PayPal,Next Day Air,Annually,1,0.4,Medium Engagement,0.9125,High Value,1,0
126,49,Male,Clothing,California,Winter,54,45,3.6,1,Yes,1,Yes,1,Venmo,Next Day Air,Every 3 Months,3,0.6,Medium Engagement,0.6614795918367347,High Value,1,0
127,43,Male,Clothing,Mississippi,Spring,36,48,3.9,1,Yes,1,Yes,1,Cash,Store Pickup,Every 3 Months,3,0.6,Medium Engagement,0.5795918367346938,Mid Value,1,0
128,24,Male,Clothing,Mississippi,Winter,89,26,4.8,1,Yes,1,Yes,1,Credit Card,Next Day Air,Weekly,7,1.0,High Engagement,0.6863520408163266,High Value,1,1
129,20,Male,Accessories,California,Spring,32,21,4.7,1,Yes,1,Yes,1,Credit Card,Standard,Fortnightly,5,0.8,High Engagement,0.27908163265306124,Low Value,1,1
130,24,Male,Clothing,Pennsylvania,Summer,67,49,4.2,1,Yes,1,Yes,1,PayPal,2-Day Shipping,Bi-Weekly,6,0.9,High Engagement,0.783545918367347,High Value,1,1
131,44,Male,Accessories,Kentucky,Fall,39,13,3.7,1,Yes,1,Yes,1,PayPal,Next Day Air,Fortnightly,5,0.8,High Engagement,0.24119897959183673,Low Value,1,0
132,28,Male,Clothing,Maine,Summer,29,46,3.9,1,Yes,1,Yes,1,Credit Card,Standard,Weekly,7,1.0,High Engagement,0.5154336734693877,Mid Value,1,0
133,30,Male,Accessories,New Mexico,Fall,58,42,4.7,1,Yes,1,Yes,1,PayPal,2-Day Shipping,Weekly,7,1.0,High Engagement,0.6558673469387755,High Value,1,1
134,52,Male,Clothing,Montana,Winter,65,25,2.5,1,Yes,1,Yes,1,Venmo,Next Day Air,Annually,1,0.4,Medium Engagement,0.5261479591836735,Mid Value,1,0
135,43,Male,Accessories,Texas,Fall,94,25,4.9,1,Yes,1,Yes,1,Cash,Store Pickup,Monthly,4,0.7,High Engagement,0.7073979591836734,High Value,1,1
136,43,Male,Footwear,Kansas,Fall,81,12,4.1,1,Yes,1,Yes,1,PayPal,Express,Quarterly,3,0.6,Medium Engagement,0.49349489795918366,Mid Value,1,1
137,39,Male,Clothing,South Carolina,Winter,86,4,3.3,1,Yes,1,Yes,1,Debit Card,Free Shipping,Quarterly,3,0.6,Medium Engagement,0.44311224489795914,Mid Value,1,0
138,68,Male,Footwear,Colorado,Spring,43,38,4.7,1,Yes,1,Yes,1,PayPal,Free Shipping,Weekly,7,1.0,High Engagement,0.5213010204081632,Mid Value,1,1
139,68,Male,Clothing,Georgia,Winter,29,42,4.4,1,Yes,1,Yes,1,Bank Transfer,Store Pickup,Weekly,7,1.0,High Engagement,0.47461734693877555,Mid Value,1,1
140,49,Male,Outerwear,Florida,Fall,95,30,3.8,1,Yes,1,Yes,1,Venmo,Store Pickup,Annually,1,0.4,Medium Engagement,0.7646683673469388,High Value,1,0
141,63,Male,Clothing,North Carolina,Fall,28,50,3.9,1,Yes,1,Yes,1,Credit Card,2-Day Shipping,Weekly,7,1.0,High Engagement,0.55,Mid Value,1,0
142,56,Male,Accessories,Virginia,Fall,46,45,4.9,1,Yes,1,Yes,1,PayPal,Free Shipping,Weekly,7,1.0,High Engagement,0.6114795918367347,High Value,1,1
143,37,Male,Outerwear,Nebraska,Fall,58,33,3.1,1,Yes,1,Yes,1,Credit Card,Free Shipping,Fortnightly,5,0.8,High Engagement,0.5640306122448979,Mid Value,1,0
144,30,Male,Outerwear,Missouri,Fall,48,25,2.7,1,Yes,1,Yes,1,PayPal,Store Pickup,Quarterly,3,0.6,Medium Engagement,0.41989795918367345,Mid Value,1,0
145,19,Male,Footwear,New Jersey,Fall,43,25,3.2,1,Yes,1,Yes,1,Cash,Express,Monthly,4,0.7,High Engagement,0.38864795918367345,Low Value,1,0
146,24,Male,Accessories,Missouri,Fall,95,44,4.5,1,Yes,1,Yes,1,Debit Card,Standard,Quarterly,3,0.6,Medium Engagement,0.9075255102040816,High Value,1,1
147,52,Male,Clothing,Colorado,Fall,30,21,4.0,1,Yes,1,Yes,1,Venmo,Standard,Fortnightly,5,0.8,High Engagement,0.26658163265306123,Low Value,1,1
148,63,Male,Footwear,Idaho,Summer,64,31,3.5,1,Yes,1,Yes,1,Bank Transfer,2-Day Shipping,Fortnightly,5,0.8,High Engagement,0.5811224489795919,Mid Value,1,0
149,37,Male,Accessories,Wyoming,Fall,90,47,2.6,1,Yes,1,Yes,1,Debit Card,Store Pickup,Annually,1,0.4,Medium Engagement,0.9068877551020409,High Value,1,0
150,38,Male,Clothing,Delaware,Summer,76,14,3.2,1,Yes,1,Yes,1,PayPal,Free Shipping,Monthly,4,0.7,High Engagement,0.4826530612244898,Mid Value,1,0
151,35,Male,Footwear,California,Fall,96,17,4.9,1,Yes,1,Yes,1,Debit Card,Standard,Every 3 Months,3,0.6,Medium Engagement,0.6382653061224489,High Value,1,1
152,28,Male,Accessories,North Dakota,Fall,47,3,4.5,1,Yes,1,Yes,1,Venmo,Next Day Air,Annually,1,0.4,Medium Engagement,0.18915816326530613,Low Value,1,1
153,30,Male,Clothing,South Carolina,Summer,85,42,4.3,1,Yes,1,Yes,1,Venmo,Express,Annually,1,0.4,Medium Engagement,0.8246173469387755,High Value,1,1
154,69,Male,Clothing,North Carolina,Winter,55,22,3.2,1,Yes,1,Yes,1,Debit Card,Standard,Annually,1,0.4,Medium Engagement,0.4330357142857143,Mid Value,1,0
155,41,Male,Clothing,Oklahoma,Fall,98,21,3.6,1,Yes,1,Yes,1,Venmo,Next Day Air,Quarterly,3,0.6,Medium Engagement,0.6915816326530613,High Value,1,0
156,63,Male,Clothing,Maine,Spring,77,21,4.3,1,Yes,1,Yes,1,Bank Transfer,Free Shipping,Quarterly,3,0.6,Medium Engagement,0.5603316326530612,Mid Value,1,1
157,35,Male,Clothing,Missouri,Fall,26,40,4.0,1,Yes,1,Yes,1,Debit Card,Standard,Annually,1,0.4,Medium Engagement,0.43545918367346936,Mid Value,1,1
158,36,Male,Accessories,Vermont,Fall,68,1,3.0,1,Yes,1,Yes,1,Bank Transfer,Next Day Air,Fortnightly,5,0.8,High Engagement,0.3,Low Value,1,0
159,25,Male,Clothing,Connecticut,Fall,73,50,4.1,1,Yes,1,Yes,1,Bank Transfer,Standard,Monthly,4,0.7,High Engagement,0.83125,High Value,1,1
160,58,Male,Accessories,New Hampshire,Fall,27,39,3.8,1,Yes,1,Yes,1,Bank Transfer,Store Pickup,Every 3 Months,3,0.6,Medium Engagement,0.4315051020408163,Mid Value,1,0
161,27,Male,Accessories,Texas,Summer,23,34,4.6,1,Yes,1,Yes,1,Venmo,Free Shipping,Monthly,4,0.7,High Engagement,0.355484693877551,Low Value,1,1
162,65,Male,Accessories,North Dakota,Fall,49,29,3.0,1,Yes,1,Yes,1,Venmo,Express,Fortnightly,5,0.8,High Engagement,0.4669642857142857,Mid Value,1,0
163,54,Male,Accessories,California,Summer,74,31,3.0,1,Yes,1,Yes,1,PayPal,Store Pickup,Bi-Weekly,6,0.9,High Engagement,0.6436224489795919,High Value,1,0
164,54,Male,Clothing,Virginia,Summer,67,8,3.4,1,Yes,1,Yes,1,Debit Card,Standard,Weekly,7,1.0,High Engagement,0.36517857142857146,Low Value,1,0
165,59,Male,Accessories,Delaware,Spring,65,5,2.6,1,Yes,1,Yes,1,Credit Card,Free Shipping,Fortnightly,5,0.8,High Engagement,0.32206632653061223,Low Value,1,0
166,42,Male,Accessories,Kentucky,Winter,60,7,2.8,1,Yes,1,Yes,1,Cash,Store Pickup,Monthly,4,0.7,High Engagement,0.3112244897959184,Low Value,1,0
167,46,Male,Footwear,Delaware,Fall,31,30,4.0,1,Yes,1,Yes,1,Cash,Store Pickup,Monthly,4,0.7,High Engagement,0.36466836734693875,Low Value,1,1
168,33,Male,Accessories,Arkansas,Fall,27,14,4.0,1,Yes,1,Yes,1,Credit Card,Express,Every 3 Months,3,0.6,Medium Engagement,0.1764030612244898,Low Value,1,1
169,34,Male,Footwear,Louisiana,Summer,80,5,3.0,1,Yes,1,Yes,1,Cash,Express,Fortnightly,5,0.8,High Engagement,0.41581632653061223,Mid Value,1,0
170,27,Male,Outerwear,Nevada,Summer,30,3,3.3,1,Yes,1,Yes,1,PayPal,Standard,Every 3 Months,3,0.6,Medium Engagement,0.08290816326530612,Low Value,1,0
171,52,Male,Clothing,Wyoming,Fall,25,46,2.6,1,Yes,1,Yes,1,Venmo,Store Pickup,Bi-Weekly,6,0.9,High Engagement,0.49043367346938777,Mid Value,1,0
172,29,Male,Clothing,Virginia,Summer,35,4,3.6,1,Yes,1,Yes,1,Credit Card,Store Pickup,Weekly,7,1.0,High Engagement,0.12436224489795919,Low Value,1,0
173,54,Male,Accessories,Nebraska,Summer,67,42,3.9,1,Yes,1,Yes,1,Credit Card,Next Day Air,Bi-Weekly,6,0.9,High Engagement,0.7121173469387756,High Value,1,0
174,25,Male,Accessories,Hawaii,Fall,46,30,3.4,1,Yes,1,Yes,1,Cash,Standard,Annually,1,0.4,Medium Engagement,0.45841836734693875,Mid Value,1,0
175,41,Male,Footwear,Vermont,Winter,35,37,3.5,1,Yes,1,Yes,1,Venmo,Express,Annually,1,0.4,Medium Engagement,0.4610969387755102,Mid Value,1,0
176,53,Male,Outerwear,Oklahoma,Fall,86,2,2.8,1,Yes,1,Yes,1,Bank Transfer,Next Day Air,Annually,1,0.4,Medium Engagement,0.42270408163265305,Mid Value,1,0
177,53,Male,Accessories,New Hampshire,Spring,81,30,2.7,1,Yes,1,Yes,1,Credit Card,Next Day Air,Quarterly,3,0.6,Medium Engagement,0.6771683673469387,High Value,1,0
178,21,Male,Clothing,Kansas,Fall,42,47,3.7,1,Yes,1,Yes,1,Bank Transfer,Next Day Air,Monthly,4,0.7,High Engagement,0.6068877551020408,High Value,1,0
179,61,Male,Clothing,Idaho,Fall,43,21,4.3,1,Yes,1,Yes,1,PayPal,2-Day Shipping,Quarterly,3,0.6,Medium Engagement,0.3478316326530612,Low Value,1,1
180,64,Male,Footwear,Illinois,Fall,31,9,4.9,1,Yes,1,Yes,1,Bank Transfer,Store Pickup,Fortnightly,5,0.8,High Engagement,0.1503826530612245,Low Value,1,1
181,51,Male,Footwear,South Dakota,Fall,81,12,3.3,1,Yes,1,Yes,1,Debit Card,Store Pickup,Fortnightly,5,0.8,High Engagement,0.49349489795918366,Mid Value,1,0
182,32,Male,Clothing,Massachusetts,Summer,61,4,4.7,1,Yes,1,Yes,1,Bank Transfer,Next Day Air,Weekly,7,1.0,High Engagement,0.28686224489795914,Low Value,1,1
183,38,Male,Accessories,Alabama,Summer,96,10,2.8,1,Yes,1,Yes,1,Debit Card,Store Pickup,Annually,1,0.4,Medium Engagement,0.5668367346938775,Mid Value,1,0
184,58,Male,Clothing,Ohio,Spring,29,26,3.6,1,Yes,1,Yes,1,Credit Card,2-Day Shipping,Weekly,7,1.0,High Engagement,0.31135204081632656,Low Value,1,0
185,32,Male,Footwear,Hawaii,Spring,33,40,3.0,1,Yes,1,Yes,1,Cash,Express,Fortnightly,5,0.8,High Engagement,0.4792091836734694,Mid Value,1,0
186,46,Male,Clothing,Wisconsin,Summer,32,34,4.5,1,Yes,1,Yes,1,Bank Transfer,Store Pickup,Fortnightly,5,0.8,High Engagement,0.411734693877551,Mid Value,1,1
187,39,Male,Accessories,Minnesota,Summer,56,31,2.9,1,Yes,1,Yes,1,Debit Card,Standard,Annually,1,0.4,Medium Engagement,0.5311224489795918,Mid Value,1,0
188,19,Male,Footwear,Georgia,Spring,94,1,3.3,1,Yes,1,Yes,1,Bank Transfer,Store Pickup,Bi-Weekly,6,0.9,High Engagement,0.4625,Mid Value,1,0
189,50,Male,Clothing,Arkansas,Spring,53,5,3.1,1,Yes,1,Yes,1,Bank Transfer,Express,Bi-Weekly,6,0.9,High Engagement,0.24706632653061222,Low Value,1,0
190,36,Male,Clothing,West Virginia,Fall,82,4,4.4,1,Yes,1,Yes,1,Credit Card,Next Day Air,Weekly,7,1.0,High Engagement,0.4181122448979592,Mid Value,1,1
191,65,Male,Outerwear,Indiana,Fall,70,48,3.0,1,Yes,1,Yes,1,Venmo,Free Shipping,Quarterly,3,0.6,Medium Engagement,0.7920918367346939,High Value,1,0
192,64,Male,Accessories,Utah,Fall,76,29,3.9,1,Yes,1,Yes,1,Cash,Free Shipping,Every 3 Months,3,0.6,Medium Engagement,0.6357142857142857,High Value,1,0
193,46,Male,Footwear,Nebraska,Summer,29,12,2.9,1,Yes,1,Yes,1,PayPal,Express,Bi-Weekly,6,0.9,High Engagement,0.16849489795918368,Low Value,1,0
194,36,Male,Accessories,North Dakota,Fall,100,29,3.0,1,Yes,1,Yes,1,Venmo,Standard,Annually,1,0.4,Medium Engagement,0.7857142857142857,High Value,1,0
195,51,Male,Accessories,Missouri,Spring,94,15,3.1,1,Yes,1,Yes,1,Debit Card,Express,Quarterly,3,0.6,Medium Engagement,0.6053571428571429,High Value,1,0
196,51,Male,Outerwear,New York,Fall,25,34,4.3,1,Yes,1,Yes,1,Credit Card,Free Shipping,Monthly,4,0.7,High Engagement,0.367984693877551,Low Value,1,1
197,38,Male,Footwear,Washington,Summer,88,41,3.9,1,Yes,1,Yes,1,Credit Card,Next Day Air,Fortnightly,5,0.8,High Engagement,0.8331632653061225,High Value,1,0
198,59,Male,Accessories,South Carolina,Fall,78,41,3.2,1,Yes,1,Yes,1,Credit Card,2-Day Shipping,Monthly,4,0.7,High Engagement,0.7706632653061225,High Value,1,0
199,57,Male,Accessories,Utah,Winter,45,39,4.8,1,Yes,1,Yes,1,Credit Card,Standard,Fortnightly,5,0.8,High Engagement,0.5440051020408163,Mid Value,1,1
200,54,Male,Accessories,Idaho,Summer,73,32,3.8,1,Yes,1,Yes,1,Cash,Express,Weekly,7,1.0,High Engagement,0.647576530612245,High Value,1,0
201,25,Male,Clothing,Pennsylvania,Summer,61,29,3.3,1,Yes,1,Yes,1,Venmo,Next Day Air,Monthly,4,0.7,High Engagement,0.5419642857142857,Mid Value,1,0
202,69,Male,Clothing,Missouri,Fall,22,15,4.3,1,Yes,1,Yes,1,Bank Transfer,Free Shipping,Annually,1,0.4,Medium Engagement,0.15535714285714286,Low Value,1,1
203,57,Male,Accessories,Nebraska,Spring,38,33,2.7,1,Yes,1,Yes,1,Venmo,Express,Annually,1,0.4,Medium Engagement,0.4390306122448979,Mid Value,1,0
204,70,Male,Accessories,Indiana,Fall,38,18,3.2,1,Yes,1,Yes,1,Bank Transfer,Next Day Air,Weekly,7,1.0,High Engagement,0.28596938775510206,Low Value,1,0
205,24,Male,Footwear,Arizona,Fall,100,35,4.0,1,Yes,1,Yes,1,Cash,Store Pickup,Bi-Weekly,6,0.9,High Engagement,0.846938775510204,High Value,1,1
206,67,Male,Clothing,Hawaii,Winter,64,25,3.0,1,Yes,1,Yes,1,PayPal,Standard,Weekly,7,1.0,High Engagement,0.5198979591836734,Mid Value,1,0
207,24,Male,Clothing,Wisconsin,Summer,55,6,4.2,1,Yes,1,Yes,1,Venmo,Free Shipping,Fortnightly,5,0.8,High Engagement,0.2697704081632653,Low Value,1,1
208,62,Male,Accessories,Rhode Island,Summer,91,17,2.9,1,Yes,1,Yes,1,Bank Transfer,Express,Bi-Weekly,6,0.9,High Engagement,0.6070153061224489,High Value,1,0
209,57,Male,Clothing,Wisconsin,Spring,38,17,4.1,1,Yes,1,Yes,1,Credit Card,Store Pickup,Monthly,4,0.7,High Engagement,0.275765306122449,Low Value,1,1
210,55,Male,Footwear,Minnesota,Winter,97,44,3.2,1,Yes,1,Yes,1,Cash,Store Pickup,Every 3 Months,3,0.6,Medium Engagement,0.9200255102040816,High Value,1,0
211,45,Male,Outerwear,Vermont,Fall,22,6,3.0,1,Yes,1,Yes,1,PayPal,2-Day Shipping,Fortnightly,5,0.8,High Engagement,0.0635204081632653,Low Value,1,0
212,69,Male,Clothing,South Dakota,Fall,92,45,4.2,1,Yes,1,Yes,1,Debit Card,2-Day Shipping,Fortnightly,5,0.8,High Engagement,0.8989795918367347,High Value,1,1
213,67,Male,Accessories,Virginia,Fall,84,7,4.2,1,Yes,1,Yes,1,Debit Card,Express,Annually,1,0.4,Medium Engagement,0.4612244897959184,Mid Value,1,1
214,30,Male,Accessories,Nevada,Fall,93,11,4.4,1,Yes,1,Yes,1,Debit Card,Store Pickup,Every 3 Months,3,0.6,Medium Engagement,0.5582908163265305,Mid Value,1,1
215,24,Male,Outerwear,Hawaii,Summer,50,41,4.2,1,Yes,1,Yes,1,Cash,Next Day Air,Every 3 Months,3,0.6,Medium Engagement,0.5956632653061225,High Value,1,1
216,62,Male,Accessories,New Jersey,Spring,64,24,2.8,1,Yes,1,Yes,1,PayPal,2-Day Shipping,Bi-Weekly,6,0.9,High Engagement,0.5096938775510205,Mid Value,1,0
217,43,Male,Clothing,Massachusetts,Spring,61,21,3.7,1,Yes,1,Yes,1,Venmo,Free Shipping,Weekly,7,1.0,High Engagement,0.4603316326530612,Mid Value,1,0
218,35,Male,Accessories,Oklahoma,Winter,48,24,3.5,1,Yes,1,Yes,1,Bank Transfer,Next Day Air,Annually,1,0.4,Medium Engagement,0.4096938775510204,Mid Value,1,0
219,28,Male,Clothing,California,Spring,45,8,2.9,1,Yes,1,Yes,1,Credit Card,Store Pickup,Quarterly,3,0.6,Medium Engagement,0.22767857142857142,Low Value,1,0
220,32,Male,Accessories,Nevada,Spring,88,12,3.0,1,Yes,1,Yes,1,Cash,Free Shipping,Fortnightly,5,0.8,High Engagement,0.5372448979591836,Mid Value,1,0
221,39,Male,Footwear,Arizona,Spring,57,48,3.7,1,Yes,1,Yes,1,Debit Card,Express,Fortnightly,5,0.8,High Engagement,0.7108418367346938,High Value,1,0
222,28,Male,Accessories,North Carolina,Summer,68,6,4.4,1,Yes,1,Yes,1,Bank Transfer,Store Pickup,Quarterly,3,0.6,Medium Engagement,0.3510204081632653,Low Value,1,1
223,47,Male,Accessories,New York,Spring,94,14,4.5,1,Yes,1,Yes,1,PayPal,2-Day Shipping,Fortnightly,5,0.8,High Engagement,0.5951530612244899,High Value,1,1
224,20,Male,Clothing,Wyoming,Spring,41,34,4.8,1,Yes,1,Yes,1,PayPal,Free Shipping,Annually,1,0.4,Medium Engagement,0.46798469387755104,Mid Value,1,1
225,63,Male,Clothing,South Dakota,Summer,83,12,2.9,1,Yes,1,Yes,1,Cash,Free Shipping,Every 3 Months,3,0.6,Medium Engagement,0.5059948979591836,Mid Value,1,0
226,25,Male,Outerwear,Arkansas,Spring,22,11,3.2,1,Yes,1,Yes,1,Bank Transfer,Next Day Air,Annually,1,0.4,Medium Engagement,0.11454081632653061,Low Value,1,0
227,29,Male,Footwear,Texas,Spring,74,5,3.3,1,Yes,1,Yes,1,PayPal,Free Shipping,Monthly,4,0.7,High Engagement,0.37831632653061226,Low Value,1,0
228,50,Male,Clothing,Rhode Island,Winter,90,25,4.2,1,Yes,1,Yes,1,Venmo,Standard,Fortnightly,5,0.8,High Engagement,0.6823979591836735,High Value,1,1
229,18,Male,Clothing,New Hampshire,Spring,79,11,2.9,1,Yes,1,Yes,1,Credit Card,Store Pickup,Annually,1,0.4,Medium Engagement,0.47079081632653064,Mid Value,1,0
230,70,Male,Footwear,Ohio,Spring,28,27,4.6,1,Yes,1,Yes,1,PayPal,Next Day Air,Every 3 Months,3,0.6,Medium Engagement,0.3153061224489796,Low Value,1,1
231,66,Male,Accessories,Utah,Fall,88,43,4.1,1,Yes,1,Yes,1,Credit Card,Standard,Annually,1,0.4,Medium Engagement,0.8535714285714285,High Value,1,1
232,28,Male,Clothing,Tennessee,Spring,26,18,3.1,1,Yes,1,Yes,1,Debit Card,2-Day Shipping,Every 3 Months,3,0.6,Medium Engagement,0.21096938775510204,Low Value,1,0
233,54,Male,Accessories,Hawaii,Winter,27,32,4.2,1,Yes,1,Yes,1,Bank Transfer,Express,Bi-Weekly,6,0.9,High Engagement,0.3600765306122449,Low Value,1,1
234,19,Male,Clothing,Arizona,Fall,83,27,4.5,1,Yes,1,Yes,1,Bank Transfer,Next Day Air,Every 3 Months,3,0.6,Medium Engagement,0.6590561224489796,High Value,1,1
235,20,Male,Accessories,South Dakota,Summer,39,24,3.7,1,Yes,1,Yes,1,Credit Card,Next Day Air,Weekly,7,1.0,High Engagement,0.3534438775510204,Low Value,1,0
236,43,Male,Accessories,New Jersey,Winter,89,31,3.7,1,Yes,1,Yes,1,Debit Card,Free Shipping,Quarterly,3,0.6,Medium Engagement,0.7373724489795919,High Value,1,0
237,38,Male,Outerwear,North Dakota,Winter,68,39,3.4,1,Yes,1,Yes,1,PayPal,Next Day Air,Fortnightly,5,0.8,High Engagement,0.6877551020408164,High Value,1,0
238,50,Male,Clothing,Iowa,Summer,90,36,3.0,1,Yes,1,Yes,1,Debit Card,Store Pickup,Fortnightly,5,0.8,High Engagement,0.7946428571428572,High Value,1,0
239,64,Male,Clothing,Ohio,Fall,34,5,4.2,1,Yes,1,Yes,1,Cash,Free Shipping,Annually,1,0.4,Medium Engagement,0.12831632653061223,Low Value,1,1
240,49,Male,Clothing,Vermont,Summer,51,47,2.9,1,Yes,1,Yes,1,Credit Card,Express,Bi-Weekly,6,0.9,High Engagement,0.6631377551020409,High Value,1,0
241,47,Male,Clothing,Montana,Winter,45,29,3.5,1,Yes,1,Yes,1,Bank Transfer,Free Shipping,Fortnightly,5,0.8,High Engagement,0.4419642857142857,Mid Value,1,0
242,36,Male,Clothing,Delaware,Winter,88,43,4.1,1,Yes,1,Yes,1,Venmo,Free Shipping,Bi-Weekly,6,0.9,High Engagement,0.8535714285714285,High Value,1,1
243,55,Male,Outerwear,New York,Summer,85,40,4.3,1,Yes,1,Yes,1,Debit Card,Store Pickup,Every 3 Months,3,0.6,Medium Engagement,0.8042091836734694,High Value,1,1
244,25,Male,Accessories,Kentucky,Winter,100,4,2.8,1,Yes,1,Yes,1,Debit Card,2-Day Shipping,Monthly,4,0.7,High Engagement,0.5306122448979592,Mid Value,1,0
245,53,Male,Accessories,Oregon,Spring,42,39,4.9,1,Yes,1,Yes,1,PayPal,2-Day Shipping,Weekly,7,1.0,High Engagement,0.5252551020408163,Mid Value,1,1
246,49,Male,Footwear,Rhode Island,Summer,53,45,3.3,1,Yes,1,Yes,1,Venmo,Next Day Air,Fortnightly,5,0.8,High Engagement,0.6552295918367347,High Value,1,0
247,35,Male,Accessories,Nevada,Spring,86,20,3.2,1,Yes,1,Yes,1,Venmo,Express,Bi-Weekly,6,0.9,High Engagement,0.6063775510204081,High Value,1,0
248,29,Male,Clothing,Montana,Spring,66,14,4.4,1,Yes,1,Yes,1,Debit Card,Standard,Weekly,7,1.0,High Engagement,0.4201530612244898,Mid Value,1,1
249,47,Male,Accessories,Pennsylvania,Winter,100,33,4.8,1,Yes,1,Yes,1,PayPal,Express,Weekly,7,1.0,High Engagement,0.8265306122448979,High Value,1,1
250,53,Male,Accessories,Alaska,Fall,47,18,4.2,1,Yes,1,Yes,1,Credit Card,Standard,Annually,1,0.4,Medium Engagement,0.3422193877551021,Low Value,1,1
251,33,Male,Clothing,Mississippi,Fall,25,9,4.0,1,Yes,1,Yes,1,Bank Transfer,Express,Weekly,7,1.0,High Engagement,0.11288265306122448,Low Value,1,1
252,21,Male,Accessories,Wyoming,Winter,51,34,2.5,1,Yes,1,Yes,1,PayPal,Standard,Annually,1,0.4,Medium Engagement,0.530484693877551,Mid Value,1,0
253,32,Male,Clothing,Delaware,Summer,41,33,3.9,1,Yes,1,Yes,1,Venmo,Free Shipping,Fortnightly,5,0.8,High Engagement,0.45778061224489797,Mid Value,1,0
254,52,Male,Footwear,Oklahoma,Winter,73,15,4.9,1,Yes,1,Yes,1,Bank Transfer,2-Day Shipping,Bi-Weekly,6,0.9,High Engagement,0.47410714285714284,Mid Value,1,1
255,67,Male,Accessories,Indiana,Winter,42,4,3.5,1,Yes,1,Yes,1,PayPal,Store Pickup,Bi-Weekly,6,0.9,High Engagement,0.1681122448979592,Low Value,1,0
256,43,Male,Accessories,Maryland,Spring,20,25,4.2,1,Yes,1,Yes,1,Debit Card,Free Shipping,Annually,1,0.4,Medium Engagement,0.24489795918367346,Low Value,1,1
257,58,Male,Accessories,South Dakota,Spring,30,20,4.7,1,Yes,1,Yes,1,Credit Card,Express,Every 3 Months,3,0.6,Medium Engagement,0.25637755102040816,Low Value,1,1
258,20,Male,Accessories,West Virginia,Summer,53,5,4.5,1,Yes,1,Yes,1,Credit Card,Express,Quarterly,3,0.6,Medium Engagement,0.24706632653061222,Low Value,1,1
259,61,Male,Accessories,Alabama,Spring,74,16,2.8,1,Yes,1,Yes,1,Cash,Express,Quarterly,3,0.6,Medium Engagement,0.49056122448979594,Mid Value,1,0
260,32,Male,Clothing,Louisiana,Fall,57,13,2.9,1,Yes,1,Yes,1,Debit Card,Standard,Annually,1,0.4,Medium Engagement,0.3536989795918367,Low Value,1,0
261,38,Male,Accessories,Montana,Winter,57,11,3.2,1,Yes,1,Yes,1,Credit Card,2-Day Shipping,Every 3 Months,3,0.6,Medium Engagement,0.3332908163265306,Low Value,1,0
262,21,Male,Clothing,California,Winter,77,21,4.9,1,Yes,1,Yes,1,Credit Card,Standard,Annually,1,0.4,Medium Engagement,0.5603316326530612,Mid Value,1,1
263,37,Male,Clothing,Hawaii,Summer,40,6,3.8,0,Yes,1,Yes,1,Debit Card,Next Day Air,Annually,1,0.4,Medium Engagement,0.1760204081632653,Low Value,1,0
264,27,Male,Clothing,Iowa,Summer,46,29,4.3,1,Yes,1,Yes,1,Venmo,Store Pickup,Monthly,4,0.7,High Engagement,0.4482142857142857,Mid Value,1,1
265,36,Male,Clothing,Colorado,Fall,78,15,3.9,1,Yes,1,Yes,1,Cash,Store Pickup,Annually,1,0.4,Medium Engagement,0.5053571428571428,Mid Value,1,0
266,32,Male,Accessories,Michigan,Spring,59,17,3.2,1,Yes,1,Yes,1,Bank Transfer,2-Day Shipping,Bi-Weekly,6,0.9,High Engagement,0.40701530612244896,Mid Value,1,0
267,51,Male,Accessories,Louisiana,Summer,75,32,3.1,1,Yes,1,Yes,1,Credit Card,Express,Weekly,7,1.0,High Engagement,0.6600765306122449,High Value,1,0
268,64,Male,Clothing,Maryland,Spring,54,42,3.9,1,Yes,1,Yes,1,Venmo,2-Day Shipping,Annually,1,0.4,Medium Engagement,0.6308673469387756,High Value,1,0
269,68,Male,Footwear,Georgia,Spring,42,21,2.6,1,Yes,1,Yes,1,Cash,Store Pickup,Monthly,4,0.7,High Engagement,0.34158163265306124,Low Value,1,0
270,68,Male,Clothing,Georgia,Winter,44,9,3.3,1,Yes,1,Yes,1,Cash,Next Day Air,Bi-Weekly,6,0.9,High Engagement,0.2316326530612245,Low Value,1,0
271,33,Male,Clothing,North Dakota,Fall,52,16,4.6,1,Yes,1,Yes,1,Bank Transfer,Free Shipping,Annually,1,0.4,Medium Engagement,0.35306122448979593,Low Value,1,1
272,65,Male,Accessories,Maryland,Summer,69,42,4.6,1,Yes,1,Yes,1,Credit Card,Express,Fortnightly,5,0.8,High Engagement,0.7246173469387756,High Value,1,1
273,48,Male,Accessories,Oregon,Summer,26,37,4.4,1,Yes,1,Yes,1,Debit Card,2-Day Shipping,Bi-Weekly,6,0.9,High Engagement,0.4048469387755102,Mid Value,1,1
274,69,Male,Outerwear,North Dakota,Spring,33,32,4.2,1,Yes,1,Yes,1,Debit Card,Express,Quarterly,3,0.6,Medium Engagement,0.3975765306122449,Low Value,1,1
275,59,Male,Accessories,Maryland,Spring,32,28,3.0,1,Yes,1,Yes,1,Cash,Express,Bi-Weekly,6,0.9,High Engagement,0.35051020408163264,Low Value,1,0
276,48,Male,Accessories,Virginia,Winter,85,13,4.0,1,Yes,1,Yes,1,Credit Card,Express,Weekly,7,1.0,High Engagement,0.5286989795918368,Mid Value,1,1
277,25,Male,Clothing,South Dakota,Fall,30,11,3.5,1,Yes,1,Yes,1,Bank Transfer,Express,Fortnightly,5,0.8,High Engagement,0.16454081632653061,Low Value,1,0
278,29,Male,Clothing,Georgia,Winter,29,36,3.0,1,Yes,1,Yes,1,Bank Transfer,Store Pickup,Bi-Weekly,6,0.9,High Engagement,0.4133928571428572,Mid Value,1,0
279,57,Male,Clothing,Hawaii,Spring,95,23,3.7,1,Yes,1,Yes,1,Debit Card,Express,Annually,1,0.4,Medium Engagement,0.6932397959183674,High Value,1,0
280,23,Male,Footwear,Arkansas,Summer,69,37,4.0,1,Yes,1,Yes,1,Bank Transfer,Standard,Monthly,4,0.7,High Engagement,0.6735969387755103,High Value,1,1
281,45,Male,Footwear,Montana,Fall,69,21,4.2,1,Yes,1,Yes,1,Cash,2-Day Shipping,Bi-Weekly,6,0.9,High Engagement,0.5103316326530613,Mid Value,1,1
282,38,Male,Accessories,Oklahoma,Spring,61,22,2.5,1,Yes,1,Yes,1,Debit Card,Standard,Bi-Weekly,6,0.9,High Engagement,0.4705357142857143,Mid Value,1,0
283,21,Male,Clothing,Minnesota,Summer,94,9,3.0,1,Yes,1,Yes,1,Cash,2-Day Shipping,Monthly,4,0.7,High Engagement,0.5441326530612245,Mid Value,1,0
284,32,Male,Clothing,Montana,Fall,30,16,3.2,1,Yes,1,Yes,1,Venmo,Next Day Air,Annually,1,0.4,Medium Engagement,0.21556122448979592,Low Value,1,0
285,63,Male,Clothing,Ohio,Summer,45,4,3.5,1,Yes,1,Yes,1,PayPal,Standard,Quarterly,3,0.6,Medium Engagement,0.1868622448979592,Low Value,1,0
286,29,Male,Accessories,Kentucky,Summer,39,3,4.8,1,Yes,1,Yes,1,Debit Card,Express,Bi-Weekly,6,0.9,High Engagement,0.1391581632653061,Low Value,1,1
287,27,Male,Accessories,Nebraska,Summer,51,6,2.6,1,Yes,1,Yes,1,Debit Card,Store Pickup,Annually,1,0.4,Medium Engagement,0.2447704081632653,Low Value,1,0
288,56,Male,Accessories,Delaware,Spring,37,18,3.4,1,Yes,1,Yes,1,Venmo,2-Day Shipping,Fortnightly,5,0.8,High Engagement,0.279719387755102,Low Value,1,0
289,30,Male,Clothing,North Carolina,Winter,62,34,3.7,1,Yes,1,Yes,1,Venmo,2-Day Shipping,Bi-Weekly,6,0.9,High Engagement,0.599234693877551,High Value,1,0
290,49,Male,Outerwear,New York,Fall,85,26,4.5,1,Yes,1,Yes,1,Credit Card,2-Day Shipping,Monthly,4,0.7,High Engagement,0.6613520408163265,High Value,1,1
291,58,Male,Clothing,Colorado,Winter,33,50,3.7,1,Yes,1,Yes,1,PayPal,Standard,Weekly,7,1.0,High Engagement,0.58125,Mid Value,1,0
292,57,Male,Clothing,Delaware,Fall,26,40,3.3,1,Yes,1,Yes,1,Bank Transfer,Next Day Air,Monthly,4,0.7,High Engagement,0.43545918367346936,Mid Value,1,0
293,60,Male,Footwear,Utah,Spring,99,24,4.7,1,Yes,1,Yes,1,Cash,Free Shipping,Quarterly,3,0.6,Medium Engagement,0.7284438775510205,High Value,1,1
294,69,Male,Accessories,Connecticut,Spring,39,33,2.7,1,Yes,1,Yes,1,PayPal,Express,Annually,1,0.4,Medium Engagement,0.4452806122448979,Mid Value,1,0
295,70,Male,Clothing,New Jersey,Spring,20,19,4.6,1,Yes,1,Yes,1,Credit Card,Store Pickup,Every 3 Months,3,0.6,Medium Engagement,0.1836734693877551,Low Value,1,1
296,53,Male,Accessories,West Virginia,Winter,42,24,2.7,1,Yes,1,Yes,1,Credit Card,Store Pickup,Quarterly,3,0.6,Medium Engagement,0.3721938775510204,Low Value,1,0
297,25,Male,Footwear,Indiana,Spring,74,19,4.8,1,Yes,1,Yes,1,Credit Card,2-Day Shipping,Weekly,7,1.0,High Engagement,0.5211734693877551,Mid Value,1,1
298,48,Male,Footwear,Delaware,Summer,26,4,4.4,1,Yes,1,Yes,1,Credit Card,Standard,Bi-Weekly,6,0.9,High Engagement,0.06811224489795918,Low Value,1,1
299,69,Male,Clothing,Maryland,Winter,53,11,4.0,1,Yes,1,Yes,1,Venmo,Standard,Every 3 Months,3,0.6,Medium Engagement,0.3082908163265306,Low Value,1,1
300,25,Male,Footwear,Pennsylvania,Summer,80,28,3.2,1,Yes,1,Yes,1,PayPal,Next Day Air,Fortnightly,5,0.8,High Engagement,0.6505102040816326,High Value,1,0
301,29,Male,Accessories,Iowa,Spring,98,24,4.4,1,Yes,1,Yes,1,PayPal,Store Pickup,Weekly,7,1.0,High Engagement,0.7221938775510204,High Value,1,1
302,46,Male,Clothing,Pennsylvania,Spring,95,25,3.8,1,Yes,1,Yes,1,Credit Card,Standard,Every 3 Months,3,0.6,Medium Engagement,0.7136479591836735,High Value,1,0
303,37,Male,Clothing,Delaware,Summer,44,27,3.6,1,Yes,1,Yes,1,Bank Transfer,Express,Every 3 Months,3,0.6,Medium Engagement,0.4153061224489796,Mid Value,1,0
304,20,Male,Footwear,Oregon,Summer,60,49,3.3,1,Yes,1,Yes,1,Venmo,Next Day Air,Weekly,7,1.0,High Engagement,0.7397959183673469,High Value,1,0
305,40,Male,Clothing,Oregon,Winter,84,45,3.4,1,Yes,1,Yes,1,Credit Card,Next Day Air,Bi-Weekly,6,0.9,High Engagement,0.8489795918367347,High Value,1,0
306,60,Male,Clothing,Utah,Fall,59,26,3.5,1,Yes,1,Yes,1,PayPal,2-Day Shipping,Annually,1,0.4,Medium Engagement,0.4988520408163265,Mid Value,1,0
307,26,Male,Outerwear,North Dakota,Summer,49,4,3.6,1,Yes,1,Yes,1,Cash,Express,Annually,1,0.4,Medium Engagement,0.21186224489795918,Low Value,1,0
308,29,Male,Accessories,Florida,Winter,32,3,3.2,1,Yes,1,Yes,1,Credit Card,Free Shipping,Every 3 Months,3,0.6,Medium Engagement,0.09540816326530611,Low Value,1,0
309,66,Male,Accessories,Maryland,Fall,29,45,3.7,1,Yes,1,Yes,1,Venmo,Standard,Bi-Weekly,6,0.9,High Engagement,0.5052295918367347,Mid Value,1,0
310,66,Male,Clothing,Minnesota,Spring,22,21,4.5,1,Yes,1,Yes,1,Cash,Standard,Fortnightly,5,0.8,High Engagement,0.21658163265306124,Low Value,1,1
311,56,Male,Clothing,Montana,Winter,85,50,4.6,1,Yes,1,Yes,1,Cash,Standard,Fortnightly,5,0.8,High Engagement,0.90625,High Value,1,1
312,69,Male,Clothing,Rhode Island,Winter,52,19,4.1,1,Yes,1,Yes,1,Bank Transfer,Store Pickup,Monthly,4,0.7,High Engagement,0.38367346938775515,Low Value,1,1
313,38,Male,Clothing,Massachusetts,Spring,89,6,3.4,1,Yes,1,Yes,1,PayPal,Next Day Air,Annually,1,0.4,Medium Engagement,0.48227040816326533,Mid Value,1,0
314,42,Male,Clothing,Vermont,Spring,77,50,3.7,1,Yes,1,Yes,1,Credit Card,Express,Every 3 Months,3,0.6,Medium Engagement,0.85625,High Value,1,0
315,30,Male,Clothing,New Jersey,Summer,24,17,3.3,1,Yes,1,Yes,1,Debit Card,Store Pickup,Every 3 Months,3,0.6,Medium Engagement,0.18826530612244896,Low Value,1,0
316,66,Male,Accessories,Wisconsin,Spring,24,24,4.5,1,Yes,1,Yes,1,Debit Card,Express,Annually,1,0.4,Medium Engagement,0.2596938775510204,Low Value,1,1
317,36,Male,Accessories,California,Fall,22,46,3.3,1,Yes,1,Yes,1,Venmo,Free Shipping,Monthly,4,0.7,High Engagement,0.4716836734693878,Mid Value,1,0
318,58,Male,Clothing,West Virginia,Fall,82,42,4.3,1,Yes,1,Yes,1,Cash,Standard,Every 3 Months,3,0.6,Medium Engagement,0.8058673469387756,High Value,1,1
319,45,Male,Accessories,South Dakota,Winter,67,10,2.5,1,Yes,1,Yes,1,Cash,Standard,Annually,1,0.4,Medium Engagement,0.38558673469387755,Low Value,1,0
320,47,Male,Clothing,Maine,Spring,74,1,2.6,1,Yes,1,Yes,1,Cash,Standard,Every 3 Months,3,0.6,Medium Engagement,0.3375,Low Value,1,0
321,66,Male,Accessories,Kansas,Summer,72,28,4.9,1,Yes,1,Yes,1,Debit Card,Standard,Quarterly,3,0.6,Medium Engagement,0.6005102040816326,High Value,1,1
322,41,Male,Footwear,Vermont,Summer,36,48,4.7,1,Yes,1,Yes,1,Debit Card,Free Shipping,Quarterly,3,0.6,Medium Engagement,0.5795918367346938,Mid Value,1,1
323,41,Male,Accessories,Tennessee,Winter,95,47,3.0,1,Yes,1,Yes,1,Credit Card,Standard,Monthly,4,0.7,High Engagement,0.9381377551020409,High Value,1,0
324,66,Male,Clothing,Tennessee,Winter,78,29,3.5,1,Yes,1,Yes,1,PayPal,Next Day Air,Bi-Weekly,6,0.9,High Engagement,0.6482142857142856,High Value,1,0
325,37,Male,Clothing,Wyoming,Summer,82,37,4.8,1,Yes,1,Yes,1,Venmo,Standard,Quarterly,3,0.6,Medium Engagement,0.7548469387755102,High Value,1,1
326,70,Male,Clothing,Vermont,Winter,70,38,4.3,1,Yes,1,Yes,1,Debit Card,Free Shipping,Annually,1,0.4,Medium Engagement,0.6900510204081632,High Value,1,1
327,62,Male,Accessories,New Jersey,Fall,41,48,3.2,1,Yes,1,Yes,1,Bank Transfer,Store Pickup,Weekly,7,1.0,High Engagement,0.6108418367346938,High Value,1,0
328,61,Male,Outerwear,Iowa,Summer,42,36,3.1,1,Yes,1,Yes,1,PayPal,Free Shipping,Weekly,7,1.0,High Engagement,0.49464285714285716,Mid Value,1,0
329,48,Male,Outerwear,Florida,Fall,50,9,2.8,1,Yes,1,Yes,1,Credit Card,Free Shipping,Weekly,7,1.0,High Engagement,0.26913265306122447,Low Value,1,0
330,70,Male,Clothing,Nevada,Summer,31,34,2.9,1,Yes,1,Yes,1,Bank Transfer,2-Day Shipping,Monthly,4,0.7,High Engagement,0.40548469387755104,Mid Value,1,0
331,46,Male,Clothing,North Dakota,Winter,51,43,3.8,0,Yes,1,Yes,1,Venmo,Express,Bi-Weekly,6,0.9,High Engagement,0.6223214285714286,High Value,1,0
332,31,Male,Clothing,Florida,Fall,98,46,3.3,1,Yes,1,Yes,1,PayPal,Store Pickup,Quarterly,3,0.6,Medium Engagement,0.9466836734693878,High Value,1,0
333,19,Male,Clothing,New York,Winter,86,5,2.8,1,Yes,1,Yes,1,Credit Card,2-Day Shipping,Monthly,4,0.7,High Engagement,0.4533163265306122,Mid Value,1,0
334,39,Male,Clothing,Alaska,Winter,64,15,4.5,1,Yes,1,Yes,1,Bank Transfer,Standard,Bi-Weekly,6,0.9,High Engagement,0.41785714285714287,Mid Value,1,1
335,41,Male,Clothing,Kansas,Fall,46,30,2.6,1,Yes,1,Yes,1,Credit Card,Next Day Air,Annually,1,0.4,Medium Engagement,0.45841836734693875,Mid Value,1,0
336,20,Male,Clothing,Oregon,Spring,85,44,3.7,1,Yes,1,Yes,1,Venmo,Standard,Every 3 Months,3,0.6,Medium Engagement,0.8450255102040816,High Value,1,0
337,36,Male,Accessories,Rhode Island,Fall,81,16,4.4,1,Yes,1,Yes,1,PayPal,Express,Annually,1,0.4,Medium Engagement,0.5343112244897958,Mid Value,1,1
338,32,Male,Clothing,New Mexico,Winter,59,16,4.3,1,Yes,1,Yes,1,Bank Transfer,2-Day Shipping,Annually,1,0.4,Medium Engagement,0.3968112244897959,Low Value,1,1
339,69,Male,Clothing,Massachusetts,Winter,79,16,3.5,1,Yes,1,Yes,1,Cash,Express,Weekly,7,1.0,High Engagement,0.5218112244897959,Mid Value,1,0
340,40,Male,Clothing,Pennsylvania,Spring,33,21,3.8,1,Yes,1,Yes,1,Credit Card,2-Day Shipping,Every 3 Months,3,0.6,Medium Engagement,0.2853316326530612,Low Value,1,0
341,40,Male,Clothing,New Jersey,Summer,47,39,3.5,1,Yes,1,Yes,1,Venmo,Express,Every 3 Months,3,0.6,Medium Engagement,0.5565051020408163,Mid Value,1,0
342,20,Male,Accessories,Utah,Summer,20,40,4.6,1,Yes,1,Yes,1,Debit Card,Store Pickup,Bi-Weekly,6,0.9,High Engagement,0.3979591836734694,Low Value,1,1
343,64,Male,Outerwear,Kentucky,Spring,36,48,2.6,1,Yes,1,Yes,1,Credit Card,Next Day Air,Every 3 Months,3,0.6,Medium Engagement,0.5795918367346938,Mid Value,1,0
344,27,Male,Footwear,Nebraska,Summer,39,26,4.4,1,Yes,1,Yes,1,Venmo,Next Day Air,Monthly,4,0.7,High Engagement,0.3738520408163265,Low Value,1,1
345,24,Male,Clothing,Virginia,Winter,71,46,4.0,1,Yes,1,Yes,1,Debit Card,Standard,Monthly,4,0.7,High Engagement,0.7779336734693878,High Value,1,1
346,48,Male,Footwear,Wyoming,Winter,59,27,4.4,1,Yes,1,Yes,1,Bank Transfer,Next Day Air,Annually,1,0.4,Medium Engagement,0.5090561224489796,Mid Value,1,1
347,49,Male,Clothing,New Mexico,Spring,50,5,4.7,1,Yes,1,Yes,1,Cash,Next Day Air,Weekly,7,1.0,High Engagement,0.22831632653061223,Low Value,1,1
348,36,Male,Footwear,Oregon,Fall,41,43,3.9,1,Yes,1,Yes,1,PayPal,Store Pickup,Fortnightly,5,0.8,High Engagement,0.5598214285714286,Mid Value,1,0
349,56,Male,Clothing,South Carolina,Fall,59,17,2.7,1,Yes,1,Yes,1,PayPal,Free Shipping,Fortnightly,5,0.8,High Engagement,0.40701530612244896,Mid Value,1,0
350,37,Male,Accessories,Arizona,Winter,87,3,3.7,1,Yes,1,Yes,1,Bank Transfer,2-Day Shipping,Bi-Weekly,6,0.9,High Engagement,0.43915816326530616,Mid Value,1,0
351,42,Male,Clothing,Kentucky,Spring,68,47,2.6,1,Yes,1,Yes,1,Bank Transfer,2-Day Shipping,Fortnightly,5,0.8,High Engagement,0.7693877551020408,High Value,1,0
352,28,Male,Clothing,New York,Winter,90,24,3.9,1,Yes,1,Yes,1,Debit Card,Standard,Bi-Weekly,6,0.9,High Engagement,0.6721938775510204,High Value,1,0
353,27,Male,Clothing,Texas,Fall,71,12,4.9,1,Yes,1,Yes,1,Cash,Next Day Air,Every 3 Months,3,0.6,Medium Engagement,0.43099489795918366,Mid Value,1,1
354,63,Male,Footwear,Missouri,Fall,64,35,4.1,1,Yes,1,Yes,1,Debit Card,Store Pickup,Monthly,4,0.7,High Engagement,0.6219387755102042,High Value,1,1
355,58,Male,Accessories,Pennsylvania,Fall,76,42,3.0,1,Yes,1,Yes,1,Venmo,Free Shipping,Weekly,7,1.0,High Engagement,0.7683673469387755,High Value,1,0
356,37,Male,Accessories,Oregon,Fall,42,1,4.1,1,Yes,1,Yes,1,PayPal,2-Day Shipping,Every 3 Months,3,0.6,Medium Engagement,0.1375,Low Value,1,1
357,56,Male,Clothing,Nevada,Spring,80,27,3.8,0,Yes,1,Yes,1,Cash,Standard,Weekly,7,1.0,High Engagement,0.6403061224489797,High Value,1,0
358,18,Male,Accessories,Arkansas,Spring,56,16,4.0,1,Yes,1,Yes,1,Credit Card,Standard,Bi-Weekly,6,0.9,High Engagement,0.37806122448979596,Low Value,1,1
359,48,Male,Accessories,Minnesota,Summer,25,36,3.6,1,Yes,1,Yes,1,Credit Card,Express,Every 3 Months,3,0.6,Medium Engagement,0.38839285714285715,Low Value,1,0
360,31,Male,Footwear,Georgia,Winter,74,30,3.0,1,Yes,1,Yes,1,Credit Card,Store Pickup,Every 3 Months,3,0.6,Medium Engagement,0.6334183673469388,High Value,1,0
361,51,Male,Clothing,Rhode Island,Summer,30,18,3.0,1,Yes,1,Yes,1,Debit Card,Standard,Fortnightly,5,0.8,High Engagement,0.23596938775510204,Low Value,1,0
362,65,Male,Clothing,Nevada,Spring,96,45,2.6,1,Yes,1,Yes,1,Cash,Free Shipping,Annually,1,0.4,Medium Engagement,0.9239795918367346,High Value,1,0
363,53,Male,Footwear,Texas,Fall,64,1,3.4,1,Yes,1,Yes,1,Venmo,Free Shipping,Fortnightly,5,0.8,High Engagement,0.275,Low Value,1,0
364,55,Male,Clothing,Florida,Winter,88,42,3.1,1,Yes,1,Yes,1,Bank Transfer,Free Shipping,Fortnightly,5,0.8,High Engagement,0.8433673469387755,High Value,1,0
365,62,Male,Footwear,North Dakota,Summer,88,7,3.0,1,Yes,1,Yes,1,Venmo,Free Shipping,Every 3 Months,3,0.6,Medium Engagement,0.48622448979591837,Mid Value,1,0
366,55,Male,Accessories,West Virginia,Summer,88,50,3.7,1,Yes,1,Yes,1,PayPal,Standard,Quarterly,3,0.6,Medium Engagement,0.925,High Value,1,0
367,64,Male,Clothing,Nebraska,Spring,36,37,3.5,1,Yes,1,Yes,1,Venmo,Store Pickup,Fortnightly,5,0.8,High Engagement,0.46734693877551026,Mid Value,1,0
368,52,Male,Clothing,Tennessee,Spring,40,18,2.8,1,Yes,1,Yes,1,Bank Transfer,Store Pickup,Monthly,4,0.7,High Engagement,0.298469387755102,Low Value,1,0
369,24,Male,Accessories,Oklahoma,Spring,39,29,4.5,1,Yes,1,Yes,1,Cash,Standard,Monthly,4,0.7,High Engagement,0.4044642857142857,Mid Value,1,1
370,38,Male,Accessories,Wisconsin,Summer,40,45,3.3,1,Yes,1,Yes,1,PayPal,Store Pickup,Quarterly,3,0.6,Medium Engagement,0.5739795918367347,Mid Value,1,0
371,59,Male,Accessories,Oregon,Winter,34,13,3.4,1,Yes,1,Yes,1,PayPal,Express,Weekly,7,1.0,High Engagement,0.20994897959183673,Low Value,1,0
372,27,Male,Footwear,North Carolina,Winter,83,47,3.2,1,Yes,1,Yes,1,PayPal,2-Day Shipping,Monthly,4,0.7,High Engagement,0.8631377551020408,High Value,1,0
373,24,Male,Clothing,Pennsylvania,Summer,85,7,3.7,1,Yes,1,Yes,1,Debit Card,Standard,Weekly,7,1.0,High Engagement,0.4674744897959184,Mid Value,1,0
374,23,Male,Outerwear,North Dakota,Summer,27,11,4.6,1,Yes,1,Yes,1,Venmo,Express,Bi-Weekly,6,0.9,High Engagement,0.14579081632653063,Low Value,1,1
375,69,Male,Accessories,Ohio,Spring,78,39,5.0,1,Yes,1,Yes,1,Bank Transfer,Store Pickup,Monthly,4,0.7,High Engagement,0.7502551020408164,High Value,1,1
376,59,Male,Accessories,Oklahoma,Summer,32,6,4.4,1,Yes,1,Yes,1,Debit Card,Standard,Quarterly,3,0.6,Medium Engagement,0.12602040816326532,Low Value,1,1
377,51,Male,Footwear,South Carolina,Fall,51,2,4.9,1,Yes,1,Yes,1,Venmo,Express,Bi-Weekly,6,0.9,High Engagement,0.20395408163265308,Low Value,1,1
378,63,Male,Accessories,Maine,Spring,32,39,4.1,1,Yes,1,Yes,1,Credit Card,Standard,Every 3 Months,3,0.6,Medium Engagement,0.4627551020408163,Mid Value,1,1
379,54,Male,Clothing,Nevada,Winter,62,23,4.9,1,Yes,1,Yes,1,Credit Card,Next Day Air,Monthly,4,0.7,High Engagement,0.48698979591836733,Mid Value,1,1
380,32,Male,Clothing,Montana,Fall,29,46,4.7,1,Yes,1,Yes,1,Debit Card,2-Day Shipping,Bi-Weekly,6,0.9,High Engagement,0.5154336734693877,Mid Value,1,1
381,39,Male,Accessories,New Hampshire,Fall,69,19,3.0,1,Yes,1,Yes,1,Bank Transfer,Store Pickup,Weekly,7,1.0,High Engagement,0.4899234693877551,Mid Value,1,0
382,66,Male,Accessories,Maine,Winter,25,3,3.4,1,Yes,1,Yes,1,Credit Card,Store Pickup,Every 3 Months,3,0.6,Medium Engagement,0.05165816326530612,Low Value,1,0
383,28,Male,Clothing,California,Winter,76,47,3.2,1,Yes,1,Yes,1,PayPal,Store Pickup,Quarterly,3,0.6,Medium Engagement,0.8193877551020408,High Value,1,0
384,50,Male,Accessories,West Virginia,Fall,77,6,3.8,0,Yes,1,Yes,1,PayPal,Standard,Quarterly,3,0.6,Medium Engagement,0.4072704081632653,Mid Value,1,0
385,70,Male,Clothing,California,Fall,33,6,4.5,1,Yes,1,Yes,1,Venmo,2-Day Shipping,Annually,1,0.4,Medium Engagement,0.1322704081632653,Low Value,1,1
386,67,Male,Clothing,West Virginia,Fall,93,12,2.7,1,Yes,1,Yes,1,Credit Card,Next Day Air,Bi-Weekly,6,0.9,High Engagement,0.5684948979591836,Mid Value,1,0
387,64,Male,Accessories,Louisiana,Spring,39,40,3.4,1,Yes,1,Yes,1,PayPal,Express,Quarterly,3,0.6,Medium Engagement,0.5167091836734694,Mid Value,1,0
388,45,Male,Outerwear,Georgia,Summer,93,38,4.6,1,Yes,1,Yes,1,PayPal,Store Pickup,Fortnightly,5,0.8,High Engagement,0.8338010204081632,High Value,1,1
389,22,Male,Accessories,Washington,Summer,82,10,2.7,1,Yes,1,Yes,1,PayPal,Store Pickup,Quarterly,3,0.6,Medium Engagement,0.47933673469387755,Mid Value,1,0
390,27,Male,Footwear,Virginia,Spring,42,28,4.2,1,Yes,1,Yes,1,Bank Transfer,Standard,Monthly,4,0.7,High Engagement,0.41301020408163264,Mid Value,1,1
391,25,Male,Accessories,Indiana,Winter,71,19,3.2,1,Yes,1,Yes,1,PayPal,2-Day Shipping,Annually,1,0.4,Medium Engagement,0.5024234693877551,Mid Value,1,0
392,37,Male,Clothing,Minnesota,Spring,86,25,4.8,1,Yes,1,Yes,1,Cash,Standard,Fortnightly,5,0.8,High Engagement,0.6573979591836734,High Value,1,1
393,26,Male,Clothing,Idaho,Spring,82,38,3.3,1,Yes,1,Yes,1,Credit Card,Next Day Air,Annually,1,0.4,Medium Engagement,0.7650510204081633,High Value,1,0
394,33,Male,Footwear,Vermont,Fall,65,6,4.2,1,Yes,1,Yes,1,PayPal,Standard,Fortnightly,5,0.8,High Engagement,0.3322704081632653,Low Value,1,1
395,43,Male,Accessories,North Dakota,Spring,29,7,4.8,1,Yes,1,Yes,1,Debit Card,Store Pickup,Bi-Weekly,6,0.9,High Engagement,0.11747448979591837,Low Value,1,1
396,37,Male,Footwear,Rhode Island,Winter,65,2,4.9,1,Yes,1,Yes,1,PayPal,Store Pickup,Annually,1,0.4,Medium Engagement,0.2914540816326531,Low Value,1,1
397,46,Male,Clothing,South Carolina,Fall,88,24,3.9,1,Yes,1,Yes,1,Bank Transfer,Standard,Annually,1,0.4,Medium Engagement,0.6596938775510204,High Value,1,0
398,22,Male,Accessories,Mississippi,Fall,46,26,3.0,1,Yes,1,Yes,1,Cash,Free Shipping,Annually,1,0.4,Medium Engagement,0.41760204081632657,Mid Value,1,0
399,20,Male,Footwear,Montana,Winter,67,25,4.6,1,Yes,1,Yes,1,Debit Card,Free Shipping,Every 3 Months,3,0.6,Medium Engagement,0.5386479591836735,Mid Value,1,1
400,60,Male,Accessories,Idaho,Fall,35,10,3.5,1,Yes,1,Yes,1,Debit Card,2-Day Shipping,Monthly,4,0.7,High Engagement,0.18558673469387754,Low Value,1,0
401,39,Male,Footwear,Utah,Winter,66,14,4.8,1,Yes,1,Yes,1,PayPal,Free Shipping,Fortnightly,5,0.8,High Engagement,0.4201530612244898,Mid Value,1,1
402,43,Male,Clothing,Oklahoma,Fall,91,21,4.8,1,Yes,1,Yes,1,Cash,Standard,Quarterly,3,0.6,Medium Engagement,0.6478316326530612,High Value,1,1
403,31,Male,Accessories,California,Fall,78,26,3.0,1,Yes,1,Yes,1,PayPal,Express,Monthly,4,0.7,High Engagement,0.6176020408163265,High Value,1,0
404,19,Male,Footwear,Nevada,Winter,45,12,4.5,1,Yes,1,Yes,1,Bank Transfer,Next Day Air,Annually,1,0.4,Medium Engagement,0.2684948979591837,Low Value,1,1
405,35,Male,Clothing,Delaware,Spring,93,11,4.8,1,Yes,1,Yes,1,Credit Card,Store Pickup,Monthly,4,0.7,High Engagement,0.5582908163265305,Mid Value,1,1
406,41,Male,Clothing,South Carolina,Summer,74,15,3.8,1,Yes,1,Yes,1,Cash,Standard,Annually,1,0.4,Medium Engagement,0.48035714285714287,Mid Value,1,0
407,52,Male,Accessories,Maryland,Spring,55,13,4.6,1,Yes,1,Yes,1,Cash,Express,Monthly,4,0.7,High Engagement,0.34119897959183676,Low Value,1,1
408,45,Male,Clothing,North Carolina,Spring,76,5,3.1,1,Yes,1,Yes,1,Credit Card,Next Day Air,Bi-Weekly,6,0.9,High Engagement,0.3908163265306122,Low Value,1,0
409,34,Male,Footwear,Alabama,Spring,66,36,3.4,1,Yes,1,Yes,1,Cash,Express,Fortnightly,5,0.8,High Engagement,0.6446428571428571,High Value,1,0
410,35,Male,Clothing,Minnesota,Winter,51,32,3.3,1,Yes,1,Yes,1,Bank Transfer,2-Day Shipping,Monthly,4,0.7,High Engagement,0.5100765306122449,Mid Value,1,0
411,29,Male,Clothing,Virginia,Spring,26,1,4.8,1,Yes,1,Yes,1,Credit Card,2-Day Shipping,Quarterly,3,0.6,Medium Engagement,0.0375,Low Value,1,1
412,59,Male,Clothing,Michigan,Summer,29,15,2.8,1,Yes,1,Yes,1,PayPal,Express,Annually,1,0.4,Medium Engagement,0.19910714285714284,Low Value,1,0
413,24,Male,Outerwear,Maine,Summer,74,3,3.1,1,Yes,1,Yes,1,Bank Transfer,Store Pickup,Weekly,7,1.0,High Engagement,0.35790816326530617,Low Value,1,0
414,70,Male,Accessories,Nevada,Summer,99,48,4.6,1,Yes,1,Yes,1,Cash,Free Shipping,Monthly,4,0.7,High Engagement,0.9733418367346939,High Value,1,1
415,29,Male,Accessories,Wyoming,Winter,88,30,2.6,1,Yes,1,Yes,1,Debit Card,Store Pickup,Weekly,7,1.0,High Engagement,0.7209183673469388,High Value,1,0
416,67,Male,Outerwear,Connecticut,Winter,31,40,2.6,1,Yes,1,Yes,1,Bank Transfer,Express,Monthly,4,0.7,High Engagement,0.46670918367346936,Mid Value,1,0
417,36,Male,Accessories,Oregon,Spring,55,24,3.8,1,Yes,1,Yes,1,Bank Transfer,Free Shipping,Fortnightly,5,0.8,High Engagement,0.45344387755102045,Mid Value,1,0
418,23,Male,Footwear,Mississippi,Fall,81,48,4.5,1,Yes,1,Yes,1,Debit Card,Free Shipping,Quarterly,3,0.6,Medium Engagement,0.8608418367346938,High Value,1,1
419,18,Male,Clothing,Illinois,Spring,73,27,3.0,1,Yes,1,Yes,1,Venmo,Standard,Bi-Weekly,6,0.9,High Engagement,0.5965561224489796,High Value,1,0
420,53,Male,Clothing,Utah,Winter,91,14,3.8,0,Yes,1,Yes,1,Credit Card,Free Shipping,Every 3 Months,3,0.6,Medium Engagement,0.5764030612244898,Mid Value,1,0
421,32,Male,Clothing,North Carolina,Spring,54,18,3.8,1,Yes,1,Yes,1,Debit Card,Free Shipping,Bi-Weekly,6,0.9,High Engagement,0.38596938775510203,Low Value,1,0
422,38,Male,Clothing,Kentucky,Winter,40,48,3.5,1,Yes,1,Yes,1,Cash,Standard,Bi-Weekly,6,0.9,High Engagement,0.6045918367346939,High Value,1,0
423,47,Male,Clothing,Minnesota,Fall,59,32,3.1,1,Yes,1,Yes,1,Debit Card,Store Pickup,Annually,1,0.4,Medium Engagement,0.5600765306122449,Mid Value,1,0
424,46,Male,Accessories,New York,Spring,26,21,3.0,1,Yes,1,Yes,1,Credit Card,Store Pickup,Bi-Weekly,6,0.9,High Engagement,0.24158163265306123,Low Value,1,0
425,66,Male,Clothing,Illinois,Winter,23,42,4.3,1,Yes,1,Yes,1,PayPal,Standard,Fortnightly,5,0.8,High Engagement,0.4371173469387755,Mid Value,1,1
426,40,Male,Clothing,North Dakota,Winter,87,4,3.3,1,Yes,1,Yes,1,Credit Card,Store Pickup,Quarterly,3,0.6,Medium Engagement,0.4493622448979592,Mid Value,1,0
427,43,Male,Clothing,Louisiana,Winter,71,19,4.7,1,Yes,1,Yes,1,Credit Card,Express,Quarterly,3,0.6,Medium Engagement,0.5024234693877551,Mid Value,1,1
428,58,Male,Accessories,Illinois,Winter,91,6,4.5,1,Yes,1,Yes,1,Credit Card,Store Pickup,Quarterly,3,0.6,Medium Engagement,0.4947704081632653,Mid Value,1,1
429,21,Male,Outerwear,Wyoming,Winter,64,2,2.9,1,Yes,1,Yes,1,Debit Card,Free Shipping,Fortnightly,5,0.8,High Engagement,0.2852040816326531,Low Value,1,0
430,42,Male,Footwear,Washington,Winter,94,21,4.1,1,Yes,1,Yes,1,Cash,2-Day Shipping,Fortnightly,5,0.8,High Engagement,0.6665816326530613,High Value,1,1
431,24,Male,Clothing,Texas,Summer,40,40,3.5,1,Yes,1,Yes,1,Debit Card,Store Pickup,Annually,1,0.4,Medium Engagement,0.5229591836734694,Mid Value,1,0
432,43,Male,Accessories,New Hampshire,Winter,76,33,3.4,1,Yes,1,Yes,1,Cash,Store Pickup,Fortnightly,5,0.8,High Engagement,0.676530612244898,High Value,1,0
433,47,Male,Clothing,Indiana,Fall,86,26,3.3,1,Yes,1,Yes,1,Venmo,Free Shipping,Weekly,7,1.0,High Engagement,0.6676020408163266,High Value,1,0
434,49,Male,Clothing,Alabama,Fall,92,23,3.2,1,Yes,1,Yes,1,Credit Card,Store Pickup,Fortnightly,5,0.8,High Engagement,0.6744897959183673,High Value,1,0
435,50,Male,Footwear,Oklahoma,Spring,52,39,4.0,1,Yes,1,Yes,1,PayPal,Store Pickup,Every 3 Months,3,0.6,Medium Engagement,0.5877551020408163,Mid Value,1,1
436,51,Male,Outerwear,Montana,Winter,28,42,3.6,1,Yes,1,Yes,1,Bank Transfer,Next Day Air,Monthly,4,0.7,High Engagement,0.4683673469387755,Mid Value,1,0
437,40,Male,Clothing,Tennessee,Summer,46,41,4.6,1,Yes,1,Yes,1,Bank Transfer,Free Shipping,Weekly,7,1.0,High Engagement,0.5706632653061224,Mid Value,1,1
438,45,Male,Accessories,New Mexico,Summer,50,41,2.6,1,Yes,1,Yes,1,PayPal,Next Day Air,Annually,1,0.4,Medium Engagement,0.5956632653061225,High Value,1,0
439,52,Male,Accessories,Iowa,Winter,23,12,4.3,1,Yes,1,Yes,1,Credit Card,Express,Fortnightly,5,0.8,High Engagement,0.13099489795918368,Low Value,1,1
440,62,Male,Outerwear,Idaho,Summer,50,31,3.4,1,Yes,1,Yes,1,Cash,Free Shipping,Monthly,4,0.7,High Engagement,0.49362244897959184,Mid Value,1,0
441,20,Male,Clothing,Oklahoma,Winter,89,34,3.5,1,Yes,1,Yes,1,Debit Card,Store Pickup,Fortnightly,5,0.8,High Engagement,0.767984693877551,High Value,1,0
442,43,Male,Clothing,Florida,Winter,81,32,4.2,1,Yes,1,Yes,1,Credit Card,Standard,Annually,1,0.4,Medium Engagement,0.6975765306122449,High Value,1,1
443,29,Male,Accessories,Michigan,Fall,69,31,3.8,0,Yes,1,Yes,1,Credit Card,Store Pickup,Quarterly,3,0.6,Medium Engagement,0.6123724489795919,High Value,1,0
444,22,Male,Accessories,Hawaii,Summer,67,24,3.6,1,Yes,1,Yes,1,PayPal,Free Shipping,Annually,1,0.4,Medium Engagement,0.5284438775510204,Mid Value,1,0
445,48,Male,Clothing,California,Summer,20,31,4.3,1,Yes,1,Yes,1,Debit Card,Store Pickup,Annually,1,0.4,Medium Engagement,0.30612244897959184,Low Value,1,1
446,42,Male,Footwear,Iowa,Fall,29,18,4.9,1,Yes,1,Yes,1,Venmo,Standard,Annually,1,0.4,Medium Engagement,0.22971938775510203,Low Value,1,1
447,19,Male,Clothing,West Virginia,Summer,74,15,4.1,1,Yes,1,Yes,1,Venmo,Store Pickup,Monthly,4,0.7,High Engagement,0.48035714285714287,Mid Value,1,1
448,60,Male,Clothing,Washington,Spring,82,7,3.6,1,Yes,1,Yes,1,Bank Transfer,Standard,Every 3 Months,3,0.6,Medium Engagement,0.4487244897959184,Mid Value,1,0
449,32,Male,Accessories,Missouri,Summer,23,35,3.4,1,Yes,1,Yes,1,Bank Transfer,Next Day Air,Fortnightly,5,0.8,High Engagement,0.36568877551020407,Low Value,1,0
450,26,Male,Accessories,New York,Summer,45,35,2.9,1,Yes,1,Yes,1,Bank Transfer,2-Day Shipping,Monthly,4,0.7,High Engagement,0.503188775510204,Mid Value,1,0
451,25,Male,Footwear,Connecticut,Summer,21,19,2.7,1,Yes,1,Yes,1,Credit Card,Store Pickup,Monthly,4,0.7,High Engagement,0.18992346938775512,Low Value,1,0
452,66,Male,Accessories,Virginia,Summer,31,26,4.3,1,Yes,1,Yes,1,Credit Card,Express,Fortnightly,5,0.8,High Engagement,0.32385204081632657,Low Value,1,1
453,45,Male,Clothing,Missouri,Summer,45,39,3.8,0,Yes,1,Yes,1,PayPal,Express,Fortnightly,5,0.8,High Engagement,0.5440051020408163,Mid Value,1,0
454,54,Male,Accessories,Nebraska,Winter,56,22,2.8,1,Yes,1,Yes,1,Credit Card,Next Day Air,Weekly,7,1.0,High Engagement,0.4392857142857143,Mid Value,1,0
455,37,Male,Outerwear,New Jersey,Summer,97,14,3.2,1,Yes,1,Yes,1,Cash,Next Day Air,Bi-Weekly,6,0.9,High Engagement,0.6139030612244898,High Value,1,0
456,54,Male,Clothing,Utah,Fall,100,50,3.6,1,Yes,1,Yes,1,Debit Card,Store Pickup,Fortnightly,5,0.8,High Engagement,1.0,High Value,1,0
457,50,Male,Clothing,North Carolina,Fall,96,33,4.0,1,Yes,1,Yes,1,Credit Card,2-Day Shipping,Quarterly,3,0.6,Medium Engagement,0.801530612244898,High Value,1,1
458,25,Male,Accessories,Rhode Island,Spring,99,48,4.9,1,Yes,1,Yes,1,Debit Card,Next Day Air,Every 3 Months,3,0.6,Medium Engagement,0.9733418367346939,High Value,1,1
459,47,Male,Clothing,Arkansas,Winter,91,48,4.0,1,Yes,1,Yes,1,PayPal,2-Day Shipping,Monthly,4,0.7,High Engagement,0.9233418367346938,High Value,1,1
460,63,Male,Accessories,Maryland,Winter,30,27,3.8,1,Yes,1,Yes,1,PayPal,Standard,Fortnightly,5,0.8,High Engagement,0.3278061224489796,Low Value,1,0
461,64,Male,Footwear,South Carolina,Summer,65,27,3.8,0,Yes,1,Yes,1,Bank Transfer,Store Pickup,Weekly,7,1.0,High Engagement,0.5465561224489797,Mid Value,1,0
462,18,Male,Footwear,Ohio,Winter,93,20,3.9,1,Yes,1,Yes,1,Venmo,Express,Weekly,7,1.0,High Engagement,0.6501275510204081,High Value,1,0
463,59,Male,Outerwear,Illinois,Fall,81,48,3.3,1,Yes,1,Yes,1,Venmo,Express,Every 3 Months,3,0.6,Medium Engagement,0.8608418367346938,High Value,1,0
464,37,Male,Accessories,Georgia,Summer,81,29,2.7,1,Yes,1,Yes,1,Venmo,Standard,Weekly,7,1.0,High Engagement,0.6669642857142857,High Value,1,0
465,23,Male,Accessories,Alabama,Winter,52,45,4.7,1,Yes,1,Yes,1,PayPal,Next Day Air,Monthly,4,0.7,High Engagement,0.6489795918367347,High Value,1,1
466,54,Male,Clothing,Oklahoma,Summer,88,25,2.8,1,Yes,1,Yes,1,Cash,Next Day Air,Quarterly,3,0.6,Medium Engagement,0.6698979591836735,High Value,1,0
467,38,Male,Clothing,Vermont,Winter,24,25,4.6,1,Yes,1,Yes,1,PayPal,Free Shipping,Weekly,7,1.0,High Engagement,0.2698979591836735,Low Value,1,1
468,19,Male,Accessories,Nebraska,Spring,51,37,4.5,1,Yes,1,Yes,1,Debit Card,2-Day Shipping,Every 3 Months,3,0.6,Medium Engagement,0.5610969387755103,Mid Value,1,1
469,34,Male,Accessories,Georgia,Fall,38,16,5.0,1,Yes,1,Yes,1,Cash,Free Shipping,Quarterly,3,0.6,Medium Engagement,0.2655612244897959,Low Value,1,1
470,21,Male,Clothing,Alabama,Fall,46,30,4.1,1,Yes,1,Yes,1,Debit Card,2-Day Shipping,Bi-Weekly,6,0.9,High Engagement,0.45841836734693875,Mid Value,1,1
471,50,Male,Clothing,Minnesota,Summer,63,6,4.6,1,Yes,1,Yes,1,Cash,Express,Every 3 Months,3,0.6,Medium Engagement,0.3197704081632653,Low Value,1,1
472,55,Male,Accessories,Missouri,Winter,72,36,4.9,1,Yes,1,Yes,1,Bank Transfer,2-Day Shipping,Quarterly,3,0.6,Medium Engagement,0.6821428571428572,High Value,1,1
473,20,Male,Clothing,Georgia,Winter,39,3,3.9,1,Yes,1,Yes,1,Bank Transfer,Free Shipping,Quarterly,3,0.6,Medium Engagement,0.1391581632653061,Low Value,1,0
474,34,Male,Outerwear,West Virginia,Spring,42,29,3.9,1,Yes,1,Yes,1,PayPal,Store Pickup,Every 3 Months,3,0.6,Medium Engagement,0.4232142857142857,Mid Value,1,0
475,62,Male,Clothing,Arkansas,Summer,76,15,2.6,1,Yes,1,Yes,1,Cash,2-Day Shipping,Quarterly,3,0.6,Medium Engagement,0.4928571428571428,Mid Value,1,0
476,21,Male,Footwear,Ohio,Summer,66,18,2.7,1,Yes,1,Yes,1,Debit Card,Free Shipping,Annually,1,0.4,Medium Engagement,0.460969387755102,Mid Value,1,0
477,21,Male,Accessories,Connecticut,Spring,90,2,3.5,1,Yes,1,Yes,1,Debit Card,Free Shipping,Fortnightly,5,0.8,High Engagement,0.4477040816326531,Mid Value,1,0
478,42,Male,Clothing,North Dakota,Summer,56,49,3.7,1,Yes,1,Yes,1,Debit Card,Free Shipping,Weekly,7,1.0,High Engagement,0.7147959183673469,High Value,1,0
479,35,Male,Accessories,Kansas,Winter,43,48,3.2,1,Yes,1,Yes,1,Venmo,Free Shipping,Annually,1,0.4,Medium Engagement,0.6233418367346939,High Value,1,0
480,39,Male,Accessories,Iowa,Winter,84,43,3.3,1,Yes,1,Yes,1,Venmo,Store Pickup,Monthly,4,0.7,High Engagement,0.8285714285714285,High Value,1,0
481,68,Male,Clothing,Vermont,Summer,88,30,4.8,1,Yes,1,Yes,1,Debit Card,Standard,Bi-Weekly,6,0.9,High Engagement,0.7209183673469388,High Value,1,1
482,46,Male,Accessories,Wisconsin,Fall,88,10,3.2,1,Yes,1,Yes,1,PayPal,2-Day Shipping,Fortnightly,5,0.8,High Engagement,0.5168367346938776,Mid Value,1,0
483,41,Male,Accessories,Connecticut,Winter,42,11,2.5,1,Yes,1,Yes,1,Venmo,2-Day Shipping,Annually,1,0.4,Medium Engagement,0.23954081632653063,Low Value,1,0
484,23,Male,Clothing,Oklahoma,Fall,73,12,3.9,1,Yes,1,Yes,1,Debit Card,Store Pickup,Weekly,7,1.0,High Engagement,0.4434948979591837,Mid Value,1,0
485,68,Male,Accessories,Missouri,Summer,73,28,4.7,1,Yes,1,Yes,1,Bank Transfer,Free Shipping,Quarterly,3,0.6,Medium Engagement,0.6067602040816327,High Value,1,1
486,48,Male,Footwear,Tennessee,Spring,44,36,2.6,1,Yes,1,Yes,1,Debit Card,Next Day Air,Fortnightly,5,0.8,High Engagement,0.5071428571428571,Mid Value,1,0
487,38,Male,Footwear,New Mexico,Fall,63,37,2.8,1,Yes,1,Yes,1,Venmo,Store Pickup,Every 3 Months,3,0.6,Medium Engagement,0.6360969387755102,High Value,1,0
488,41,Male,Outerwear,Iowa,Winter,68,22,4.4,1,Yes,1,Yes,1,Credit Card,Store Pickup,Quarterly,3,0.6,Medium Engagement,0.5142857142857142,Mid Value,1,1
489,58,Male,Clothing,Maine,Spring,29,32,4.6,1,Yes,1,Yes,1,Venmo,Standard,Weekly,7,1.0,High Engagement,0.37257653061224494,Low Value,1,1
490,49,Male,Clothing,South Dakota,Summer,85,40,3.2,1,Yes,1,Yes,1,PayPal,Standard,Annually,1,0.4,Medium Engagement,0.8042091836734694,High Value,1,0
491,57,Male,Footwear,Colorado,Winter,42,47,4.2,1,Yes,1,Yes,1,Cash,2-Day Shipping,Monthly,4,0.7,High Engagement,0.6068877551020408,High Value,1,1
492,49,Male,Outerwear,Vermont,Summer,69,24,3.8,0,Yes,1,Yes,1,Credit Card,2-Day Shipping,Bi-Weekly,6,0.9,High Engagement,0.5409438775510205,Mid Value,1,0
493,50,Male,Clothing,Michigan,Fall,62,11,3.9,1,Yes,1,Yes,1,Debit Card,Standard,Weekly,7,1.0,High Engagement,0.3645408163265306,Low Value,1,0
494,28,Male,Accessories,Nevada,Summer,48,19,4.7,1,Yes,1,Yes,1,Cash,Store Pickup,Bi-Weekly,6,0.9,High Engagement,0.35867346938775513,Low Value,1,1
495,38,Male,Footwear,Indiana,Winter,68,42,4.5,1,Yes,1,Yes,1,Debit Card,Express,Weekly,7,1.0,High Engagement,0.7183673469387755,High Value,1,1
496,33,Male,Accessories,Michigan,Fall,36,6,3.3,1,Yes,1,Yes,1,Debit Card,Free Shipping,Fortnightly,5,0.8,High Engagement,0.1510204081632653,Low Value,1,0
497,30,Male,Clothing,California,Fall,63,31,3.3,1,Yes,1,Yes,1,Venmo,Express,Fortnightly,5,0.8,High Engagement,0.5748724489795918,Mid Value,1,0
498,43,Male,Footwear,Oklahoma,Winter,39,31,4.6,1,Yes,1,Yes,1,Cash,Free Shipping,Weekly,7,1.0,High Engagement,0.42487244897959187,Mid Value,1,1
499,43,Male,Footwear,Iowa,Spring,78,27,3.6,1,Yes,1,Yes,1,Bank Transfer,Free Shipping,Monthly,4,0.7,High Engagement,0.6278061224489796,High Value,1,0
500,36,Male,Footwear,Rhode Island,Winter,99,24,4.8,1,Yes,1,Yes,1,PayPal,Express,Monthly,4,0.7,High Engagement,0.7284438775510205,High Value,1,1
501,36,Male,Clothing,Washington,Fall,31,35,4.8,1,Yes,1,Yes,1,Venmo,Next Day Air,Every 3 Months,3,0.6,Medium Engagement,0.4156887755102041,Mid Value,1,1
502,64,Male,Footwear,Florida,Spring,45,21,2.9,1,Yes,1,Yes,1,Venmo,Next Day Air,Annually,1,0.4,Medium Engagement,0.36033163265306123,Low Value,1,0
503,59,Male,Clothing,South Carolina,Fall,30,8,2.8,1,Yes,1,Yes,1,PayPal,Express,Fortnightly,5,0.8,High Engagement,0.13392857142857142,Low Value,1,0
504,55,Male,Footwear,West Virginia,Summer,24,26,3.2,1,Yes,1,Yes,1,Bank Transfer,Next Day Air,Quarterly,3,0.6,Medium Engagement,0.28010204081632656,Low Value,1,0
505,42,Male,Footwear,Missouri,Winter,22,26,3.9,1,Yes,1,Yes,1,PayPal,Free Shipping,Annually,1,0.4,Medium Engagement,0.26760204081632655,Low Value,1,0
506,61,Male,Clothing,Maine,Spring,63,9,4.3,1,Yes,1,Yes,1,Cash,Express,Bi-Weekly,6,0.9,High Engagement,0.35038265306122446,Low Value,1,1
507,28,Male,Accessories,Georgia,Fall,40,48,2.7,1,Yes,1,Yes,1,Debit Card,2-Day Shipping,Annually,1,0.4,Medium Engagement,0.6045918367346939,High Value,1,0
508,65,Male,Clothing,Maine,Spring,20,33,5.0,1,Yes,1,Yes,1,Debit Card,Store Pickup,Fortnightly,5,0.8,High Engagement,0.32653061224489793,Low Value,1,1
509,27,Male,Accessories,Illinois,Winter,20,31,3.7,1,Yes,1,Yes,1,PayPal,Store Pickup,Quarterly,3,0.6,Medium Engagement,0.30612244897959184,Low Value,1,0
510,41,Male,Clothing,Delaware,Summer,80,17,3.9,1,Yes,1,Yes,1,Debit Card,Free Shipping,Weekly,7,1.0,High Engagement,0.5382653061224489,Mid Value,1,0
511,21,Male,Clothing,West Virginia,Fall,87,22,3.9,1,Yes,1,Yes,1,Venmo,2-Day Shipping,Annually,1,0.4,Medium Engagement,0.6330357142857143,High Value,1,0
512,61,Male,Clothing,Hawaii,Fall,46,8,3.1,1,Yes,1,Yes,1,PayPal,Free Shipping,Annually,1,0.4,Medium Engagement,0.23392857142857143,Low Value,1,0
513,19,Male,Accessories,New York,Winter,49,2,3.8,0,Yes,1,Yes,1,Bank Transfer,Next Day Air,Monthly,4,0.7,High Engagement,0.19145408163265307,Low Value,1,0
514,22,Male,Accessories,New Mexico,Fall,65,45,3.6,1,Yes,1,Yes,1,Venmo,Store Pickup,Annually,1,0.4,Medium Engagement,0.7302295918367347,High Value,1,0
515,64,Male,Clothing,Indiana,Winter,62,47,4.3,1,Yes,1,Yes,1,PayPal,Standard,Quarterly,3,0.6,Medium Engagement,0.7318877551020408,High Value,1,1
516,28,Male,Accessories,Kentucky,Spring,67,7,4.5,1,Yes,1,Yes,1,Cash,Next Day Air,Monthly,4,0.7,High Engagement,0.3549744897959184,Low Value,1,1
517,34,Male,Clothing,West Virginia,Fall,41,19,2.8,1,Yes,1,Yes,1,Debit Card,2-Day Shipping,Bi-Weekly,6,0.9,High Engagement,0.3149234693877551,Low Value,1,0
518,61,Male,Footwear,North Dakota,Fall,49,44,2.7,1,Yes,1,Yes,1,Cash,Free Shipping,Every 3 Months,3,0.6,Medium Engagement,0.6200255102040816,High Value,1,0
519,24,Male,Clothing,Oregon,Fall,100,16,2.9,1,Yes,1,Yes,1,Venmo,Next Day Air,Every 3 Months,3,0.6,Medium Engagement,0.653061224489796,High Value,1,0
520,19,Male,Accessories,Minnesota,Summer,54,17,4.4,1,Yes,1,Yes,1,Bank Transfer,2-Day Shipping,Quarterly,3,0.6,Medium Engagement,0.37576530612244896,Low Value,1,1
521,51,Male,Accessories,South Carolina,Spring,84,20,3.9,1,Yes,1,Yes,1,Debit Card,Free Shipping,Quarterly,3,0.6,Medium Engagement,0.5938775510204082,High Value,1,0
522,36,Male,Clothing,Vermont,Winter,41,50,3.5,1,Yes,1,Yes,1,Bank Transfer,Standard,Annually,1,0.4,Medium Engagement,0.63125,High Value,1,0
523,65,Male,Accessories,Minnesota,Spring,88,37,2.5,1,Yes,1,Yes,1,Cash,Store Pickup,Quarterly,3,0.6,Medium Engagement,0.7923469387755102,High Value,1,0
524,46,Male,Footwear,Delaware,Spring,40,5,4.9,1,Yes,1,Yes,1,PayPal,Express,Quarterly,3,0.6,Medium Engagement,0.16581632653061223,Low Value,1,1
525,59,Male,Clothing,Pennsylvania,Summer,39,44,4.8,1,Yes,1,Yes,1,PayPal,Free Shipping,Annually,1,0.4,Medium Engagement,0.5575255102040816,Mid Value,1,1
526,51,Male,Outerwear,Iowa,Spring,37,41,3.2,1,Yes,1,Yes,1,Debit Card,Next Day Air,Monthly,4,0.7,High Engagement,0.5144132653061224,Mid Value,1,0
527,51,Male,Clothing,New Jersey,Winter,52,19,4.9,1,Yes,1,Yes,1,Cash,Standard,Monthly,4,0.7,High Engagement,0.38367346938775515,Low Value,1,1
528,21,Male,Clothing,South Carolina,Winter,23,47,4.3,1,Yes,1,Yes,1,Bank Transfer,Next Day Air,Every 3 Months,3,0.6,Medium Engagement,0.4881377551020408,Mid Value,1,1
529,34,Male,Footwear,Maryland,Winter,88,40,3.2,1,Yes,1,Yes,1,Cash,Express,Annually,1,0.4,Medium Engagement,0.8229591836734693,High Value,1,0
530,32,Male,Clothing,California,Fall,84,6,3.7,1,Yes,1,Yes,1,Credit Card,Standard,Monthly,4,0.7,High Engagement,0.45102040816326533,Mid Value,1,0
531,48,Male,Outerwear,Montana,Winter,37,25,3.2,1,Yes,1,Yes,1,Credit Card,Store Pickup,Bi-Weekly,6,0.9,High Engagement,0.3511479591836735,Low Value,1,0
532,50,Male,Footwear,Vermont,Fall,51,42,3.4,1,Yes,1,Yes,1,Cash,Next Day Air,Weekly,7,1.0,High Engagement,0.6121173469387755,High Value,1,0
533,26,Male,Clothing,Texas,Winter,76,35,4.1,1,Yes,1,Yes,1,Bank Transfer,Express,Every 3 Months,3,0.6,Medium Engagement,0.6969387755102041,High Value,1,1
534,57,Male,Footwear,North Carolina,Spring,60,17,4.5,1,Yes,1,Yes,1,Debit Card,Next Day Air,Weekly,7,1.0,High Engagement,0.41326530612244894,Mid Value,1,1
535,65,Male,Accessories,Florida,Fall,72,4,4.5,1,Yes,1,Yes,1,PayPal,Next Day Air,Quarterly,3,0.6,Medium Engagement,0.3556122448979592,Low Value,1,1
536,56,Male,Clothing,West Virginia,Spring,45,24,3.2,1,Yes,1,Yes,1,Bank Transfer,Free Shipping,Weekly,7,1.0,High Engagement,0.39094387755102045,Low Value,1,0
537,44,Male,Outerwear,Illinois,Fall,84,16,4.4,1,Yes,1,Yes,1,Debit Card,Store Pickup,Every 3 Months,3,0.6,Medium Engagement,0.5530612244897959,Mid Value,1,1
538,50,Male,Clothing,Virginia,Summer,49,14,3.0,1,Yes,1,Yes,1,Debit Card,Store Pickup,Annually,1,0.4,Medium Engagement,0.3139030612244898,Low Value,1,0
539,27,Male,Clothing,Virginia,Spring,22,43,3.2,1,Yes,1,Yes,1,Cash,Free Shipping,Weekly,7,1.0,High Engagement,0.44107142857142856,Mid Value,1,0
540,49,Male,Outerwear,Wyoming,Winter,48,49,4.0,1,Yes,1,Yes,1,Debit Card,Store Pickup,Weekly,7,1.0,High Engagement,0.6647959183673469,High Value,1,1
541,49,Male,Clothing,South Carolina,Spring,37,33,3.1,1,Yes,1,Yes,1,Cash,Next Day Air,Every 3 Months,3,0.6,Medium Engagement,0.43278061224489794,Mid Value,1,0
542,52,Male,Outerwear,Connecticut,Fall,27,45,2.8,1,Yes,1,Yes,1,Cash,Next Day Air,Bi-Weekly,6,0.9,High Engagement,0.4927295918367347,Mid Value,1,0
543,27,Male,Footwear,Illinois,Spring,79,35,4.6,1,Yes,1,Yes,1,Cash,Next Day Air,Bi-Weekly,6,0.9,High Engagement,0.7156887755102042,High Value,1,1
544,53,Male,Clothing,Alabama,Spring,98,11,4.3,1,Yes,1,Yes,1,Credit Card,Express,Monthly,4,0.7,High Engagement,0.5895408163265305,High Value,1,1
545,34,Male,Footwear,Washington,Summer,64,30,3.3,1,Yes,1,Yes,1,Bank Transfer,Standard,Every 3 Months,3,0.6,Medium Engagement,0.5709183673469388,Mid Value,1,0
546,33,Male,Outerwear,Alabama,Summer,32,48,3.5,1,Yes,1,Yes,1,Debit Card,2-Day Shipping,Annually,1,0.4,Medium Engagement,0.5545918367346938,Mid Value,1,0
547,62,Male,Clothing,New Mexico,Winter,74,45,3.4,1,Yes,1,Yes,1,Venmo,Free Shipping,Bi-Weekly,6,0.9,High Engagement,0.7864795918367347,High Value,1,0
548,38,Male,Outerwear,Nevada,Winter,50,26,2.8,1,Yes,1,Yes,1,Venmo,Free Shipping,Weekly,7,1.0,High Engagement,0.44260204081632654,Mid Value,1,0
549,36,Male,Accessories,Nebraska,Winter,64,41,4.6,1,Yes,1,Yes,1,Debit Card,Store Pickup,Every 3 Months,3,0.6,Medium Engagement,0.6831632653061225,High Value,1,1
550,31,Male,Accessories,Arizona,Fall,29,37,3.6,1,Yes,1,Yes,1,Venmo,Express,Bi-Weekly,6,0.9,High Engagement,0.42359693877551025,Mid Value,1,0
551,62,Male,Accessories,Georgia,Summer,62,12,3.3,1,Yes,1,Yes,1,PayPal,Store Pickup,Weekly,7,1.0,High Engagement,0.3747448979591837,Low Value,1,0
552,29,Male,Outerwear,Idaho,Fall,78,27,3.1,1,Yes,1,Yes,1,Cash,2-Day Shipping,Bi-Weekly,6,0.9,High Engagement,0.6278061224489796,High Value,1,0
553,24,Male,Clothing,Missouri,Fall,94,18,3.5,1,Yes,1,Yes,1,Bank Transfer,Express,Weekly,7,1.0,High Engagement,0.635969387755102,High Value,1,0
554,63,Male,Accessories,Florida,Winter,59,15,3.2,1,Yes,1,Yes,1,Credit Card,Express,Quarterly,3,0.6,Medium Engagement,0.3866071428571428,Low Value,1,0
555,56,Male,Footwear,Minnesota,Summer,47,34,3.0,1,Yes,1,Yes,1,Bank Transfer,Express,Weekly,7,1.0,High Engagement,0.505484693877551,Mid Value,1,0
556,63,Male,Accessories,Maine,Fall,57,37,4.8,1,Yes,1,Yes,1,Venmo,Express,Annually,1,0.4,Medium Engagement,0.5985969387755102,High Value,1,1
557,40,Male,Outerwear,Montana,Winter,90,21,5.0,1,Yes,1,Yes,1,Cash,Store Pickup,Fortnightly,5,0.8,High Engagement,0.6415816326530612,High Value,1,1
558,18,Male,Clothing,Alaska,Spring,60,31,2.9,1,Yes,1,Yes,1,Debit Card,Free Shipping,Weekly,7,1.0,High Engagement,0.5561224489795918,Mid Value,1,0
559,50,Male,Footwear,Iowa,Fall,77,43,3.2,1,Yes,1,Yes,1,Debit Card,Express,Every 3 Months,3,0.6,Medium Engagement,0.7848214285714286,High Value,1,0
560,66,Male,Accessories,Arizona,Fall,41,22,2.9,1,Yes,1,Yes,1,Bank Transfer,Store Pickup,Monthly,4,0.7,High Engagement,0.3455357142857143,Low Value,1,0
561,25,Male,Accessories,Louisiana,Fall,48,12,3.8,0,Yes,1,Yes,1,Debit Card,Free Shipping,Annually,1,0.4,Medium Engagement,0.2872448979591837,Low Value,1,0
562,65,Male,Outerwear,Alabama,Fall,65,25,2.6,1,Yes,1,Yes,1,PayPal,Next Day Air,Fortnightly,5,0.8,High Engagement,0.5261479591836735,Mid Value,1,0
563,53,Male,Clothing,Missouri,Summer,62,40,3.5,1,Yes,1,Yes,1,Debit Card,Standard,Annually,1,0.4,Medium Engagement,0.6604591836734695,High Value,1,0
564,61,Male,Footwear,Idaho,Fall,99,16,4.4,1,Yes,1,Yes,1,Debit Card,Standard,Quarterly,3,0.6,Medium Engagement,0.6468112244897959,High Value,1,1
565,67,Male,Clothing,Florida,Winter,58,30,3.4,1,Yes,1,Yes,1,Bank Transfer,Next Day Air,Weekly,7,1.0,High Engagement,0.5334183673469388,Mid Value,1,0
566,59,Male,Accessories,Idaho,Fall,43,10,4.2,1,Yes,1,Yes,1,Venmo,Store Pickup,Weekly,7,1.0,High Engagement,0.23558673469387753,Low Value,1,1
567,55,Male,Footwear,Alabama,Spring,93,1,3.6,1,Yes,1,Yes,1,Debit Card,Store Pickup,Fortnightly,5,0.8,High Engagement,0.45625,Mid Value,1,0
568,21,Male,Clothing,New Hampshire,Winter,50,24,3.0,1,Yes,1,Yes,1,Venmo,Next Day Air,Fortnightly,5,0.8,High Engagement,0.42219387755102045,Mid Value,1,0
569,44,Male,Clothing,Utah,Summer,88,36,4.0,1,Yes,1,Yes,1,PayPal,Free Shipping,Monthly,4,0.7,High Engagement,0.7821428571428571,High Value,1,1
570,65,Male,Clothing,Alabama,Fall,33,46,4.4,1,Yes,1,Yes,1,Credit Card,Express,Every 3 Months,3,0.6,Medium Engagement,0.5404336734693878,Mid Value,1,1
571,65,Male,Clothing,Iowa,Fall,99,20,4.1,1,Yes,1,Yes,1,Cash,Standard,Annually,1,0.4,Medium Engagement,0.6876275510204082,High Value,1,1
572,54,Male,Outerwear,Kentucky,Spring,76,37,3.6,1,Yes,1,Yes,1,Venmo,Free Shipping,Weekly,7,1.0,High Engagement,0.7173469387755103,High Value,1,0
573,56,Male,Accessories,South Carolina,Summer,97,26,4.6,1,Yes,1,Yes,1,Bank Transfer,Next Day Air,Annually,1,0.4,Medium Engagement,0.7363520408163265,High Value,1,1
574,58,Male,Clothing,California,Summer,68,23,3.2,1,Yes,1,Yes,1,Credit Card,2-Day Shipping,Bi-Weekly,6,0.9,High Engagement,0.5244897959183673,Mid Value,1,0
575,54,Male,Footwear,Maine,Fall,79,20,4.8,1,Yes,1,Yes,1,Bank Transfer,Free Shipping,Bi-Weekly,6,0.9,High Engagement,0.5626275510204082,Mid Value,1,1
576,58,Male,Clothing,Nebraska,Fall,86,38,4.8,1,Yes,1,Yes,1,PayPal,Express,Monthly,4,0.7,High Engagement,0.7900510204081632,High Value,1,1
577,48,Male,Accessories,Washington,Winter,68,5,5.0,1,Yes,1,Yes,1,Credit Card,2-Day Shipping,Every 3 Months,3,0.6,Medium Engagement,0.3408163265306122,Low Value,1,1
578,19,Male,Clothing,Alabama,Fall,52,41,3.7,1,Yes,1,Yes,1,Venmo,Store Pickup,Annually,1,0.4,Medium Engagement,0.6081632653061224,High Value,1,0
579,69,Male,Footwear,Maine,Fall,90,22,4.6,1,Yes,1,Yes,1,Credit Card,Next Day Air,Fortnightly,5,0.8,High Engagement,0.6517857142857143,High Value,1,1
580,58,Male,Footwear,California,Winter,41,48,3.7,1,Yes,1,Yes,1,Credit Card,Free Shipping,Annually,1,0.4,Medium Engagement,0.6108418367346938,High Value,1,0
581,49,Male,Clothing,Iowa,Spring,80,10,4.1,1,Yes,1,Yes,1,PayPal,Free Shipping,Weekly,7,1.0,High Engagement,0.46683673469387754,Mid Value,1,1
582,32,Male,Clothing,Iowa,Winter,100,12,2.7,1,Yes,1,Yes,1,Bank Transfer,Store Pickup,Every 3 Months,3,0.6,Medium Engagement,0.6122448979591837,High Value,1,0
583,40,Male,Outerwear,Colorado,Spring,77,2,4.9,1,Yes,1,Yes,1,Bank Transfer,Store Pickup,Quarterly,3,0.6,Medium Engagement,0.3664540816326531,Low Value,1,1
584,25,Male,Clothing,California,Spring,78,38,4.0,1,Yes,1,Yes,1,PayPal,Store Pickup,Monthly,4,0.7,High Engagement,0.7400510204081632,High Value,1,1
585,70,Male,Clothing,Indiana,Spring,94,20,4.7,1,Yes,1,Yes,1,Debit Card,Free Shipping,Monthly,4,0.7,High Engagement,0.6563775510204082,High Value,1,1
586,69,Male,Clothing,South Carolina,Fall,23,5,2.8,1,Yes,1,Yes,1,Cash,Next Day Air,Every 3 Months,3,0.6,Medium Engagement,0.05956632653061224,Low Value,1,0
587,45,Male,Clothing,Wisconsin,Winter,20,9,4.9,1,Yes,1,Yes,1,Venmo,2-Day Shipping,Annually,1,0.4,Medium Engagement,0.08163265306122448,Low Value,1,1
588,29,Male,Clothing,Washington,Fall,86,48,4.2,1,Yes,1,Yes,1,Debit Card,Express,Every 3 Months,3,0.6,Medium Engagement,0.8920918367346938,High Value,1,1
589,47,Male,Footwear,South Dakota,Fall,60,9,3.0,1,Yes,1,Yes,1,Debit Card,Standard,Quarterly,3,0.6,Medium Engagement,0.33163265306122447,Low Value,1,0
590,28,Male,Clothing,Minnesota,Fall,70,40,3.4,1,Yes,1,Yes,1,PayPal,2-Day Shipping,Annually,1,0.4,Medium Engagement,0.7104591836734694,High Value,1,0
591,64,Male,Accessories,Alaska,Fall,39,30,4.6,1,Yes,1,Yes,1,Venmo,Standard,Fortnightly,5,0.8,High Engagement,0.4146683673469388,Mid Value,1,1
592,47,Male,Accessories,Kentucky,Fall,37,6,4.2,1,Yes,1,Yes,1,Debit Card,Store Pickup,Bi-Weekly,6,0.9,High Engagement,0.15727040816326532,Low Value,1,1
593,60,Male,Footwear,North Dakota,Fall,29,42,3.2,1,Yes,1,Yes,1,Venmo,Free Shipping,Every 3 Months,3,0.6,Medium Engagement,0.47461734693877555,Mid Value,1,0
594,67,Male,Outerwear,Alaska,Winter,35,9,4.4,1,Yes,1,Yes,1,PayPal,Store Pickup,Every 3 Months,3,0.6,Medium Engagement,0.17538265306122447,Low Value,1,1
595,35,Male,Clothing,Oklahoma,Winter,83,6,2.5,1,Yes,1,Yes,1,Debit Card,Next Day Air,Monthly,4,0.7,High Engagement,0.4447704081632653,Mid Value,1,0
596,30,Male,Footwear,Delaware,Summer,77,47,3.6,1,Yes,1,Yes,1,PayPal,Next Day Air,Quarterly,3,0.6,Medium Engagement,0.8256377551020408,High Value,1,0
597,23,Male,Footwear,Montana,Summer,37,36,4.5,1,Yes,1,Yes,1,Venmo,Store Pickup,Annually,1,0.4,Medium Engagement,0.46339285714285716,Mid Value,1,1
598,70,Male,Accessories,Alaska,Summer,69,19,3.4,1,Yes,1,Yes,1,Bank Transfer,Standard,Fortnightly,5,0.8,High Engagement,0.4899234693877551,Mid Value,1,0
599,21,Male,Clothing,California,Winter,66,30,3.2,1,Yes,1,Yes,1,Cash,2-Day Shipping,Every 3 Months,3,0.6,Medium Engagement,0.5834183673469387,Mid Value,1,0
600,51,Male,Footwear,Massachusetts,Spring,26,27,4.2,1,Yes,1,Yes,1,Debit Card,Standard,Every 3 Months,3,0.6,Medium Engagement,0.3028061224489796,Low Value,1,1
601,22,Male,Accessories,South Carolina,Spring,63,25,5.0,1,Yes,1,Yes,1,Venmo,2-Day Shipping,Monthly,4,0.7,High Engagement,0.5136479591836735,Mid Value,1,1
602,32,Male,Accessories,West Virginia,Summer,38,5,4.7,1,Yes,1,Yes,1,Cash,Store Pickup,Fortnightly,5,0.8,High Engagement,0.15331632653061225,Low Value,1,1
603,37,Male,Footwear,Oregon,Summer,58,10,4.2,1,Yes,1,Yes,1,Cash,Next Day Air,Every 3 Months,3,0.6,Medium Engagement,0.32933673469387753,Low Value,1,1
604,31,Male,Accessories,Massachusetts,Winter,46,26,3.4,1,Yes,1,Yes,1,PayPal,2-Day Shipping,Every 3 Months,3,0.6,Medium Engagement,0.41760204081632657,Mid Value,1,0
605,44,Male,Accessories,West Virginia,Fall,92,11,4.4,1,Yes,1,Yes,1,Credit Card,Store Pickup,Every 3 Months,3,0.6,Medium Engagement,0.5520408163265307,Mid Value,1,1
606,40,Male,Accessories,California,Winter,32,17,4.2,1,Yes,1,Yes,1,Bank Transfer,Standard,Weekly,7,1.0,High Engagement,0.23826530612244895,Low Value,1,1
607,27,Male,Accessories,Colorado,Spring,90,44,4.5,1,Yes,1,Yes,1,PayPal,Standard,Monthly,4,0.7,High Engagement,0.8762755102040816,High Value,1,1
608,47,Male,Clothing,Indiana,Fall,23,44,2.8,1,Yes,1,Yes,1,Cash,Next Day Air,Monthly,4,0.7,High Engagement,0.4575255102040816,Mid Value,1,0
609,41,Male,Accessories,Delaware,Fall,25,21,3.3,1,Yes,1,Yes,1,Venmo,Next Day Air,Every 3 Months,3,0.6,Medium Engagement,0.23533163265306123,Low Value,1,0
610,51,Male,Clothing,Ohio,Fall,54,49,4.6,1,Yes,1,Yes,1,Credit Card,Next Day Air,Fortnightly,5,0.8,High Engagement,0.702295918367347,High Value,1,1
611,53,Male,Clothing,Oklahoma,Summer,72,27,2.5,1,Yes,1,Yes,1,Bank Transfer,Free Shipping,Every 3 Months,3,0.6,Medium Engagement,0.5903061224489796,High Value,1,0
612,43,Male,Accessories,California,Winter,33,19,4.7,1,Yes,1,Yes,1,Cash,Store Pickup,Monthly,4,0.7,High Engagement,0.26492346938775513,Low Value,1,1
613,67,Male,Accessories,New Hampshire,Fall,43,33,4.6,1,Yes,1,Yes,1,Credit Card,Express,Quarterly,3,0.6,Medium Engagement,0.4702806122448979,Mid Value,1,1
614,61,Male,Outerwear,Pennsylvania,Fall,51,46,2.6,1,Yes,1,Yes,1,Cash,Standard,Bi-Weekly,6,0.9,High Engagement,0.6529336734693878,High Value,1,0
615,68,Male,Accessories,Idaho,Winter,85,21,4.0,1,Yes,1,Yes,1,Credit Card,Standard,Bi-Weekly,6,0.9,High Engagement,0.6103316326530612,High Value,1,1
616,67,Male,Footwear,Maryland,Summer,100,23,2.6,1,Yes,1,Yes,1,Venmo,Next Day Air,Annually,1,0.4,Medium Engagement,0.7244897959183674,High Value,1,0
617,29,Male,Accessories,Pennsylvania,Spring,72,38,4.6,1,Yes,1,Yes,1,Credit Card,Free Shipping,Every 3 Months,3,0.6,Medium Engagement,0.7025510204081633,High Value,1,1
618,50,Male,Accessories,Colorado,Fall,57,2,2.6,1,Yes,1,Yes,1,Bank Transfer,Standard,Quarterly,3,0.6,Medium Engagement,0.24145408163265308,Low Value,1,0
619,61,Male,Outerwear,Indiana,Spring,94,21,4.0,1,Yes,1,Yes,1,Debit Card,Express,Bi-Weekly,6,0.9,High Engagement,0.6665816326530613,High Value,1,1
620,19,Male,Accessories,Nebraska,Summer,34,1,4.6,1,Yes,1,Yes,1,Debit Card,Store Pickup,Every 3 Months,3,0.6,Medium Engagement,0.0875,Low Value,1,1
621,33,Male,Accessories,Rhode Island,Fall,89,10,3.7,1,Yes,1,Yes,1,Venmo,2-Day Shipping,Every 3 Months,3,0.6,Medium Engagement,0.5230867346938776,Mid Value,1,0
622,51,Male,Accessories,Kansas,Fall,27,45,4.4,1,Yes,1,Yes,1,Credit Card,Store Pickup,Weekly,7,1.0,High Engagement,0.4927295918367347,Mid Value,1,1
623,69,Male,Clothing,Georgia,Spring,63,44,4.0,1,Yes,1,Yes,1,Bank Transfer,Next Day Air,Fortnightly,5,0.8,High Engagement,0.7075255102040816,High Value,1,1
624,19,Male,Footwear,Nevada,Fall,70,48,4.7,1,Yes,1,Yes,1,PayPal,Standard,Bi-Weekly,6,0.9,High Engagement,0.7920918367346939,High Value,1,1
625,55,Male,Clothing,South Carolina,Fall,87,21,3.4,1,Yes,1,Yes,1,PayPal,Express,Annually,1,0.4,Medium Engagement,0.6228316326530612,High Value,1,0
626,49,Male,Accessories,Delaware,Fall,79,1,4.0,1,Yes,1,Yes,1,Venmo,Next Day Air,Weekly,7,1.0,High Engagement,0.36875,Low Value,1,1
627,31,Male,Accessories,New Hampshire,Spring,79,10,3.9,1,Yes,1,Yes,1,Venmo,Standard,Annually,1,0.4,Medium Engagement,0.46058673469387756,Mid Value,1,0
628,42,Male,Footwear,Oregon,Winter,44,24,4.1,1,Yes,1,Yes,1,PayPal,Express,Monthly,4,0.7,High Engagement,0.3846938775510204,Low Value,1,1
629,69,Male,Clothing,Massachusetts,Fall,85,29,3.8,0,Yes,1,Yes,1,Credit Card,2-Day Shipping,Monthly,4,0.7,High Engagement,0.6919642857142857,High Value,1,0
630,26,Male,Footwear,Vermont,Spring,90,11,4.7,1,Yes,1,Yes,1,Debit Card,Standard,Annually,1,0.4,Medium Engagement,0.5395408163265306,Mid Value,1,1
631,41,Male,Accessories,Mississippi,Fall,94,33,4.3,1,Yes,1,Yes,1,Debit Card,2-Day Shipping,Annually,1,0.4,Medium Engagement,0.789030612244898,High Value,1,1
632,55,Male,Footwear,Washington,Summer,68,27,4.1,1,Yes,1,Yes,1,Cash,Store Pickup,Fortnightly,5,0.8,High Engagement,0.5653061224489796,Mid Value,1,1
633,35,Male,Accessories,Wyoming,Winter,51,19,3.9,1,Yes,1,Yes,1,Venmo,Next Day Air,Fortnightly,5,0.8,High Engagement,0.3774234693877551,Low Value,1,0
634,66,Male,Footwear,Minnesota,Spring,33,50,2.9,1,Yes,1,Yes,1,Debit Card,Express,Quarterly,3,0.6,Medium Engagement,0.58125,Mid Value,1,0
635,36,Male,Footwear,Ohio,Summer,60,46,3.9,1,Yes,1,Yes,1,PayPal,Standard,Weekly,7,1.0,High Engagement,0.7091836734693877,High Value,1,0
636,27,Male,Clothing,South Carolina,Fall,59,28,4.3,1,Yes,1,Yes,1,Cash,2-Day Shipping,Quarterly,3,0.6,Medium Engagement,0.5192602040816326,Mid Value,1,1
637,41,Male,Accessories,Wisconsin,Summer,30,14,2.8,1,Yes,1,Yes,1,Bank Transfer,Store Pickup,Every 3 Months,3,0.6,Medium Engagement,0.1951530612244898,Low Value,1,0
638,21,Male,Clothing,Tennessee,Winter,20,46,3.4,1,Yes,1,Yes,1,Cash,2-Day Shipping,Fortnightly,5,0.8,High Engagement,0.45918367346938777,Mid Value,1,0
639,53,Male,Footwear,Maryland,Summer,20,41,2.7,1,Yes,1,Yes,1,PayPal,Express,Monthly,4,0.7,High Engagement,0.40816326530612246,Mid Value,1,0
640,54,Male,Clothing,Mississippi,Spring,24,50,4.0,1,Yes,1,Yes,1,Credit Card,2-Day Shipping,Annually,1,0.4,Medium Engagement,0.525,Mid Value,1,1
641,53,Male,Clothing,Minnesota,Summer,88,28,4.4,1,Yes,1,Yes,1,Debit Card,Store Pickup,Fortnightly,5,0.8,High Engagement,0.7005102040816327,High Value,1,1
642,47,Male,Clothing,Alaska,Winter,78,23,3.9,1,Yes,1,Yes,1,Credit Card,2-Day Shipping,Every 3 Months,3,0.6,Medium Engagement,0.5869897959183673,Mid Value,1,0
643,64,Male,Clothing,Arkansas,Spring,25,14,2.8,1,Yes,1,Yes,1,Debit Card,2-Day Shipping,Bi-Weekly,6,0.9,High Engagement,0.1639030612244898,Low Value,1,0
644,18,Male,Clothing,Oregon,Winter,57,10,3.2,1,Yes,1,Yes,1,Bank Transfer,Next Day Air,Every 3 Months,3,0.6,Medium Engagement,0.32308673469387755,Low Value,1,0
645,68,Male,Accessories,Louisiana,Summer,93,37,4.3,1,Yes,1,Yes,1,Cash,Next Day Air,Weekly,7,1.0,High Engagement,0.8235969387755102,High Value,1,1
646,62,Male,Clothing,Oklahoma,Summer,42,15,4.2,1,Yes,1,Yes,1,Venmo,Express,Bi-Weekly,6,0.9,High Engagement,0.28035714285714286,Low Value,1,1
647,51,Male,Footwear,Indiana,Spring,54,19,4.9,1,Yes,1,Yes,1,Venmo,Standard,Bi-Weekly,6,0.9,High Engagement,0.3961734693877551,Low Value,1,1
648,54,Male,Clothing,Mississippi,Summer,70,23,3.7,1,Yes,1,Yes,1,Credit Card,Express,Fortnightly,5,0.8,High Engagement,0.5369897959183674,Mid Value,1,0
649,22,Male,Clothing,Michigan,Winter,31,35,4.1,1,Yes,1,Yes,1,Credit Card,Store Pickup,Weekly,7,1.0,High Engagement,0.4156887755102041,Mid Value,1,1
650,53,Male,Clothing,Delaware,Spring,93,33,4.2,1,Yes,1,Yes,1,PayPal,Store Pickup,Every 3 Months,3,0.6,Medium Engagement,0.7827806122448979,High Value,1,1
651,34,Male,Accessories,Florida,Spring,40,12,3.9,1,Yes,1,Yes,1,Bank Transfer,Next Day Air,Annually,1,0.4,Medium Engagement,0.2372448979591837,Low Value,1,0
652,32,Male,Accessories,Arkansas,Summer,32,41,2.9,1,Yes,1,Yes,1,Venmo,Next Day Air,Fortnightly,5,0.8,High Engagement,0.48316326530612247,Mid Value,1,0
653,64,Male,Accessories,Minnesota,Winter,27,27,3.1,1,Yes,1,Yes,1,Venmo,Free Shipping,Weekly,7,1.0,High Engagement,0.3090561224489796,Low Value,1,0
654,20,Male,Accessories,North Dakota,Winter,68,45,3.6,1,Yes,1,Yes,1,Cash,2-Day Shipping,Fortnightly,5,0.8,High Engagement,0.7489795918367347,High Value,1,0
655,24,Male,Accessories,California,Summer,59,23,4.4,1,Yes,1,Yes,1,Venmo,2-Day Shipping,Annually,1,0.4,Medium Engagement,0.46823979591836734,Mid Value,1,1
656,20,Male,Accessories,Mississippi,Fall,36,19,3.1,1,Yes,1,Yes,1,Venmo,Free Shipping,Monthly,4,0.7,High Engagement,0.2836734693877551,Low Value,1,0
657,42,Male,Clothing,Pennsylvania,Summer,23,6,3.9,1,Yes,1,Yes,1,PayPal,Standard,Quarterly,3,0.6,Medium Engagement,0.06977040816326531,Low Value,1,0
658,48,Male,Outerwear,Arizona,Winter,80,6,4.3,1,Yes,1,Yes,1,PayPal,Free Shipping,Quarterly,3,0.6,Medium Engagement,0.4260204081632653,Mid Value,1,1
659,62,Male,Accessories,Louisiana,Fall,37,20,4.9,1,Yes,1,Yes,1,Venmo,Store Pickup,Weekly,7,1.0,High Engagement,0.30012755102040817,Low Value,1,1
660,62,Male,Clothing,Virginia,Spring,52,8,3.6,1,Yes,1,Yes,1,Cash,2-Day Shipping,Weekly,7,1.0,High Engagement,0.27142857142857146,Low Value,1,0
661,50,Male,Outerwear,Montana,Fall,79,39,5.0,1,Yes,1,Yes,1,Credit Card,2-Day Shipping,Quarterly,3,0.6,Medium Engagement,0.7565051020408163,High Value,1,1
662,57,Male,Clothing,Iowa,Fall,68,39,4.1,1,Yes,1,Yes,1,Credit Card,Store Pickup,Quarterly,3,0.6,Medium Engagement,0.6877551020408164,High Value,1,1
663,24,Male,Accessories,Illinois,Fall,98,39,2.8,1,Yes,1,Yes,1,Venmo,Express,Bi-Weekly,6,0.9,High Engagement,0.8752551020408164,High Value,1,0
664,59,Male,Clothing,Alaska,Fall,83,23,4.7,1,Yes,1,Yes,1,Credit Card,Express,Monthly,4,0.7,High Engagement,0.6182397959183673,High Value,1,1
665,63,Male,Clothing,Colorado,Winter,83,41,4.4,1,Yes,1,Yes,1,PayPal,Express,Bi-Weekly,6,0.9,High Engagement,0.8019132653061225,High Value,1,1
666,41,Male,Clothing,New Mexico,Spring,55,50,4.9,1,Yes,1,Yes,1,Credit Card,2-Day Shipping,Annually,1,0.4,Medium Engagement,0.71875,High Value,1,1
667,35,Male,Clothing,Colorado,Winter,26,30,3.1,1,Yes,1,Yes,1,Debit Card,Free Shipping,Quarterly,3,0.6,Medium Engagement,0.33341836734693875,Low Value,1,0
668,34,Male,Accessories,Arizona,Winter,76,32,2.6,1,Yes,1,Yes,1,Bank Transfer,Standard,Quarterly,3,0.6,Medium Engagement,0.6663265306122449,High Value,1,0
669,49,Male,Clothing,Hawaii,Fall,85,35,2.9,1,Yes,1,Yes,1,Bank Transfer,Express,Monthly,4,0.7,High Engagement,0.753188775510204,High Value,1,0
670,43,Male,Outerwear,Illinois,Spring,89,45,3.3,1,Yes,1,Yes,1,Venmo,Free Shipping,Bi-Weekly,6,0.9,High Engagement,0.8802295918367347,High Value,1,0
671,63,Male,Clothing,Louisiana,Spring,41,37,4.8,1,Yes,1,Yes,1,Cash,Next Day Air,Bi-Weekly,6,0.9,High Engagement,0.49859693877551026,Mid Value,1,1
672,38,Male,Outerwear,Iowa,Winter,30,45,4.7,1,Yes,1,Yes,1,Cash,Express,Weekly,7,1.0,High Engagement,0.5114795918367347,Mid Value,1,1
673,59,Male,Clothing,Washington,Winter,53,29,3.3,1,Yes,1,Yes,1,Cash,2-Day Shipping,Quarterly,3,0.6,Medium Engagement,0.4919642857142857,Mid Value,1,0
674,35,Male,Clothing,Oklahoma,Spring,66,27,4.2,1,Yes,1,Yes,1,Venmo,Free Shipping,Bi-Weekly,6,0.9,High Engagement,0.5528061224489795,Mid Value,1,1
675,48,Male,Accessories,Washington,Winter,33,36,4.7,1,Yes,1,Yes,1,Bank Transfer,Store Pickup,Annually,1,0.4,Medium Engagement,0.43839285714285714,Mid Value,1,1
676,64,Male,Accessories,Arkansas,Spring,86,9,2.6,1,Yes,1,Yes,1,Cash,2-Day Shipping,Annually,1,0.4,Medium Engagement,0.49413265306122445,Mid Value,1,0
677,28,Male,Clothing,Connecticut,Winter,60,38,2.9,1,Yes,1,Yes,1,Venmo,2-Day Shipping,Bi-Weekly,6,0.9,High Engagement,0.6275510204081632,High Value,1,0
678,60,Male,Clothing,Washington,Summer,62,41,2.7,1,Yes,1,Yes,1,PayPal,Express,Annually,1,0.4,Medium Engagement,0.6706632653061224,High Value,1,0
679,27,Male,Clothing,Maine,Fall,74,25,3.3,1,Yes,1,Yes,1,Debit Card,Store Pickup,Every 3 Months,3,0.6,Medium Engagement,0.5823979591836734,Mid Value,1,0
680,56,Male,Footwear,Michigan,Fall,95,37,3.4,1,Yes,1,Yes,1,Venmo,Express,Fortnightly,5,0.8,High Engagement,0.8360969387755102,High Value,1,0
681,58,Male,Footwear,Tennessee,Spring,25,3,4.2,1,Yes,1,Yes,1,PayPal,Express,Annually,1,0.4,Medium Engagement,0.05165816326530612,Low Value,1,1
682,30,Male,Clothing,Louisiana,Winter,59,24,3.8,1,Yes,1,Yes,1,Credit Card,2-Day Shipping,Every 3 Months,3,0.6,Medium Engagement,0.4784438775510204,Mid Value,1,0
683,23,Male,Outerwear,Missouri,Summer,29,49,4.0,1,Yes,1,Yes,1,Credit Card,Standard,Bi-Weekly,6,0.9,High Engagement,0.546045918367347,Mid Value,1,1
684,33,Male,Footwear,Michigan,Winter,36,3,2.7,1,Yes,1,Yes,1,Bank Transfer,Free Shipping,Monthly,4,0.7,High Engagement,0.12040816326530612,Low Value,1,0
685,63,Male,Accessories,Alabama,Summer,82,42,4.7,1,Yes,1,Yes,1,Debit Card,Express,Monthly,4,0.7,High Engagement,0.8058673469387756,High Value,1,1
686,70,Male,Clothing,Massachusetts,Winter,71,32,3.5,1,Yes,1,Yes,1,Cash,Standard,Fortnightly,5,0.8,High Engagement,0.6350765306122449,High Value,1,0
687,70,Male,Clothing,Indiana,Fall,35,33,3.0,1,Yes,1,Yes,1,Venmo,2-Day Shipping,Fortnightly,5,0.8,High Engagement,0.42028061224489793,Mid Value,1,0
688,19,Male,Accessories,West Virginia,Winter,38,46,3.3,1,Yes,1,Yes,1,Bank Transfer,Free Shipping,Quarterly,3,0.6,Medium Engagement,0.5716836734693878,Mid Value,1,0
689,25,Male,Accessories,Michigan,Summer,59,44,4.7,1,Yes,1,Yes,1,Venmo,Store Pickup,Monthly,4,0.7,High Engagement,0.6825255102040816,High Value,1,1
690,19,Male,Clothing,Pennsylvania,Summer,91,35,4.7,1,Yes,1,Yes,1,Credit Card,Express,Every 3 Months,3,0.6,Medium Engagement,0.7906887755102041,High Value,1,1
691,25,Male,Clothing,Alaska,Spring,68,45,4.8,1,Yes,1,Yes,1,Bank Transfer,Standard,Weekly,7,1.0,High Engagement,0.7489795918367347,High Value,1,1
692,60,Male,Accessories,Massachusetts,Summer,21,37,2.9,1,Yes,1,Yes,1,PayPal,Standard,Bi-Weekly,6,0.9,High Engagement,0.3735969387755102,Low Value,1,0
693,35,Male,Accessories,North Dakota,Spring,95,40,4.0,1,Yes,1,Yes,1,Debit Card,2-Day Shipping,Every 3 Months,3,0.6,Medium Engagement,0.8667091836734694,High Value,1,1
694,46,Male,Clothing,Vermont,Spring,52,30,3.1,1,Yes,1,Yes,1,Cash,Free Shipping,Every 3 Months,3,0.6,Medium Engagement,0.4959183673469388,Mid Value,1,0
695,41,Male,Clothing,Kentucky,Fall,21,38,3.5,1,Yes,1,Yes,1,Venmo,2-Day Shipping,Every 3 Months,3,0.6,Medium Engagement,0.3838010204081632,Low Value,1,0
696,30,Male,Clothing,Nevada,Summer,67,15,3.7,1,Yes,1,Yes,1,Debit Card,Next Day Air,Every 3 Months,3,0.6,Medium Engagement,0.43660714285714286,Mid Value,1,0
697,44,Male,Accessories,Utah,Fall,42,49,2.8,1,Yes,1,Yes,1,Cash,Standard,Monthly,4,0.7,High Engagement,0.627295918367347,High Value,1,0
698,61,Male,Accessories,North Dakota,Summer,63,40,4.6,1,Yes,1,Yes,1,Debit Card,Free Shipping,Quarterly,3,0.6,Medium Engagement,0.6667091836734693,High Value,1,1
699,55,Male,Footwear,Iowa,Winter,41,40,3.8,1,Yes,1,Yes,1,Debit Card,Standard,Weekly,7,1.0,High Engagement,0.5292091836734694,Mid Value,1,0
700,50,Male,Accessories,Connecticut,Fall,46,5,2.6,1,Yes,1,Yes,1,PayPal,2-Day Shipping,Weekly,7,1.0,High Engagement,0.20331632653061224,Low Value,1,0
701,57,Male,Clothing,Wisconsin,Winter,79,5,4.1,1,Yes,1,Yes,1,PayPal,Standard,Monthly,4,0.7,High Engagement,0.40956632653061226,Mid Value,1,1
702,51,Male,Footwear,Idaho,Fall,90,5,3.3,1,Yes,1,Yes,1,Debit Card,Next Day Air,Every 3 Months,3,0.6,Medium Engagement,0.47831632653061223,Mid Value,1,0
703,18,Male,Clothing,Montana,Winter,71,1,3.4,1,Yes,1,Yes,1,Cash,Store Pickup,Weekly,7,1.0,High Engagement,0.31875,Low Value,1,0
704,63,Male,Clothing,Connecticut,Summer,87,21,3.0,1,Yes,1,Yes,1,Venmo,Standard,Weekly,7,1.0,High Engagement,0.6228316326530612,High Value,1,0
705,34,Male,Clothing,Idaho,Spring,66,18,3.2,1,Yes,1,Yes,1,PayPal,Express,Annually,1,0.4,Medium Engagement,0.460969387755102,Mid Value,1,0
706,25,Male,Clothing,Arkansas,Summer,90,49,4.5,1,Yes,1,Yes,1,Cash,Free Shipping,Quarterly,3,0.6,Medium Engagement,0.9272959183673469,High Value,1,1
707,46,Male,Clothing,Iowa,Summer,47,27,4.8,1,Yes,1,Yes,1,Debit Card,Express,Weekly,7,1.0,High Engagement,0.4340561224489796,Mid Value,1,1
708,59,Male,Clothing,Louisiana,Spring,38,21,3.7,1,Yes,1,Yes,1,Venmo,Next Day Air,Annually,1,0.4,Medium Engagement,0.3165816326530612,Low Value,1,0
709,37,Male,Accessories,Kentucky,Summer,50,19,3.4,1,Yes,1,Yes,1,Cash,Store Pickup,Fortnightly,5,0.8,High Engagement,0.3711734693877551,Low Value,1,0
710,49,Male,Outerwear,Massachusetts,Summer,79,23,4.6,1,Yes,1,Yes,1,Debit Card,Standard,Monthly,4,0.7,High Engagement,0.5932397959183674,High Value,1,1
711,22,Male,Accessories,Virginia,Spring,91,26,4.1,1,Yes,1,Yes,1,PayPal,Standard,Fortnightly,5,0.8,High Engagement,0.6988520408163266,High Value,1,1
712,64,Male,Footwear,New Hampshire,Spring,60,13,3.5,1,Yes,1,Yes,1,Bank Transfer,2-Day Shipping,Bi-Weekly,6,0.9,High Engagement,0.37244897959183676,Low Value,1,0
713,42,Male,Clothing,New Hampshire,Summer,81,36,3.8,1,Yes,1,Yes,1,Bank Transfer,Next Day Air,Quarterly,3,0.6,Medium Engagement,0.7383928571428571,High Value,1,0
714,37,Male,Clothing,Oregon,Summer,90,39,2.6,1,Yes,1,Yes,1,Bank Transfer,Express,Bi-Weekly,6,0.9,High Engagement,0.8252551020408163,High Value,1,0
715,26,Male,Outerwear,South Dakota,Fall,70,40,4.4,1,Yes,1,Yes,1,Debit Card,Store Pickup,Fortnightly,5,0.8,High Engagement,0.7104591836734694,High Value,1,1
716,33,Male,Clothing,Delaware,Spring,63,37,2.6,1,Yes,1,Yes,1,Debit Card,Express,Quarterly,3,0.6,Medium Engagement,0.6360969387755102,High Value,1,0
717,30,Male,Accessories,Missouri,Spring,29,9,3.6,1,Yes,1,Yes,1,Venmo,Express,Bi-Weekly,6,0.9,High Engagement,0.1378826530612245,Low Value,1,0
718,21,Male,Clothing,Alaska,Spring,90,7,4.2,1,Yes,1,Yes,1,Venmo,Express,Every 3 Months,3,0.6,Medium Engagement,0.4987244897959184,Mid Value,1,1
719,22,Male,Clothing,Florida,Summer,22,25,4.6,1,Yes,1,Yes,1,Bank Transfer,Standard,Annually,1,0.4,Medium Engagement,0.2573979591836735,Low Value,1,1
720,63,Male,Clothing,Mississippi,Summer,22,42,3.3,1,Yes,1,Yes,1,Venmo,Next Day Air,Bi-Weekly,6,0.9,High Engagement,0.43086734693877554,Mid Value,1,0
721,33,Male,Accessories,New Mexico,Fall,62,19,3.4,1,Yes,1,Yes,1,Debit Card,Free Shipping,Weekly,7,1.0,High Engagement,0.44617346938775515,Mid Value,1,0
722,43,Male,Clothing,California,Summer,57,41,4.4,1,Yes,1,Yes,1,Debit Card,Next Day Air,Every 3 Months,3,0.6,Medium Engagement,0.6394132653061224,High Value,1,1
723,27,Male,Clothing,Wyoming,Summer,32,50,4.3,1,Yes,1,Yes,1,Cash,Store Pickup,Bi-Weekly,6,0.9,High Engagement,0.575,Mid Value,1,1
724,35,Male,Accessories,Missouri,Fall,53,43,3.5,1,Yes,1,Yes,1,PayPal,Express,Monthly,4,0.7,High Engagement,0.6348214285714285,High Value,1,0
725,37,Male,Clothing,New Hampshire,Fall,79,36,4.7,1,Yes,1,Yes,1,Venmo,Store Pickup,Every 3 Months,3,0.6,Medium Engagement,0.7258928571428571,High Value,1,1
726,61,Male,Accessories,Texas,Winter,61,33,3.1,1,Yes,1,Yes,1,Debit Card,Standard,Fortnightly,5,0.8,High Engagement,0.582780612244898,Mid Value,1,0
727,32,Male,Clothing,North Dakota,Summer,78,20,3.6,1,Yes,1,Yes,1,Bank Transfer,Next Day Air,Every 3 Months,3,0.6,Medium Engagement,0.5563775510204081,Mid Value,1,0
728,62,Male,Clothing,Arkansas,Winter,97,37,4.8,1,Yes,1,Yes,1,Venmo,Next Day Air,Every 3 Months,3,0.6,Medium Engagement,0.8485969387755102,High Value,1,1
729,29,Male,Clothing,Nebraska,Winter,78,12,3.7,1,Yes,1,Yes,1,PayPal,Next Day Air,Every 3 Months,3,0.6,Medium Engagement,0.4747448979591837,Mid Value,1,0
730,41,Male,Accessories,Minnesota,Summer,56,46,3.2,1,Yes,1,Yes,1,PayPal,Express,Every 3 Months,3,0.6,Medium Engagement,0.6841836734693878,High Value,1,0
731,48,Male,Footwear,Massachusetts,Summer,25,28,3.9,1,Yes,1,Yes,1,Venmo,Standard,Fortnightly,5,0.8,High Engagement,0.3067602040816326,Low Value,1,0
732,43,Male,Outerwear,Arkansas,Spring,28,30,3.5,1,Yes,1,Yes,1,PayPal,Free Shipping,Fortnightly,5,0.8,High Engagement,0.34591836734693876,Low Value,1,0
733,34,Male,Clothing,New Hampshire,Spring,57,28,2.8,1,Yes,1,Yes,1,Cash,Express,Bi-Weekly,6,0.9,High Engagement,0.5067602040816326,Mid Value,1,0
734,45,Male,Clothing,Rhode Island,Fall,36,20,2.7,1,Yes,1,Yes,1,Debit Card,2-Day Shipping,Bi-Weekly,6,0.9,High Engagement,0.29387755102040813,Low Value,1,0
735,65,Male,Clothing,New Jersey,Winter,69,39,3.1,1,Yes,1,Yes,1,Bank Transfer,Express,Every 3 Months,3,0.6,Medium Engagement,0.6940051020408163,High Value,1,0
736,61,Male,Accessories,Montana,Fall,48,48,3.6,1,Yes,1,Yes,1,Cash,2-Day Shipping,Bi-Weekly,6,0.9,High Engagement,0.6545918367346939,High Value,1,0
737,18,Male,Clothing,Colorado,Spring,58,32,2.9,1,Yes,1,Yes,1,Credit Card,2-Day Shipping,Every 3 Months,3,0.6,Medium Engagement,0.553826530612245,Mid Value,1,0
738,47,Male,Accessories,Nebraska,Spring,24,28,3.6,1,Yes,1,Yes,1,PayPal,Store Pickup,Annually,1,0.4,Medium Engagement,0.30051020408163265,Low Value,1,0
739,56,Male,Accessories,Minnesota,Winter,31,27,3.5,1,Yes,1,Yes,1,Venmo,2-Day Shipping,Quarterly,3,0.6,Medium Engagement,0.33405612244897964,Low Value,1,0
740,64,Male,Clothing,Minnesota,Summer,29,26,3.5,1,Yes,1,Yes,1,Venmo,Free Shipping,Bi-Weekly,6,0.9,High Engagement,0.31135204081632656,Low Value,1,0
741,26,Male,Clothing,South Dakota,Summer,69,22,2.8,1,Yes,1,Yes,1,Credit Card,Next Day Air,Fortnightly,5,0.8,High Engagement,0.5205357142857143,Mid Value,1,0
742,22,Male,Clothing,West Virginia,Summer,79,23,4.7,1,Yes,1,Yes,1,Bank Transfer,Free Shipping,Every 3 Months,3,0.6,Medium Engagement,0.5932397959183674,High Value,1,1
743,64,Male,Clothing,Nevada,Summer,39,21,3.1,1,Yes,1,Yes,1,Debit Card,Express,Quarterly,3,0.6,Medium Engagement,0.32283163265306125,Low Value,1,0
744,21,Male,Accessories,North Carolina,Fall,84,36,4.9,1,Yes,1,Yes,1,Cash,Free Shipping,Weekly,7,1.0,High Engagement,0.7571428571428571,High Value,1,1
745,67,Male,Footwear,Illinois,Spring,66,42,4.1,1,Yes,1,Yes,1,Debit Card,Next Day Air,Bi-Weekly,6,0.9,High Engagement,0.7058673469387755,High Value,1,1
746,46,Male,Clothing,Michigan,Fall,92,4,4.7,1,Yes,1,Yes,1,Venmo,Standard,Monthly,4,0.7,High Engagement,0.4806122448979592,Mid Value,1,1
747,40,Male,Footwear,Michigan,Winter,45,47,2.5,1,Yes,1,Yes,1,Credit Card,Free Shipping,Annually,1,0.4,Medium Engagement,0.6256377551020409,High Value,1,0
748,51,Male,Clothing,Oklahoma,Spring,74,13,4.4,1,Yes,1,Yes,1,Bank Transfer,Next Day Air,Weekly,7,1.0,High Engagement,0.4599489795918368,Mid Value,1,1
749,35,Male,Accessories,South Dakota,Fall,39,8,3.9,1,Yes,1,Yes,1,Bank Transfer,Free Shipping,Quarterly,3,0.6,Medium Engagement,0.19017857142857142,Low Value,1,0
750,56,Male,Accessories,Oklahoma,Winter,71,11,3.7,1,Yes,1,Yes,1,Debit Card,Standard,Quarterly,3,0.6,Medium Engagement,0.4207908163265306,Mid Value,1,0
751,25,Male,Clothing,Maryland,Fall,95,5,3.4,1,Yes,1,Yes,1,Venmo,Free Shipping,Annually,1,0.4,Medium Engagement,0.5095663265306123,Mid Value,1,0
752,65,Male,Accessories,Ohio,Fall,72,1,4.8,1,Yes,1,Yes,1,Credit Card,Free Shipping,Monthly,4,0.7,High Engagement,0.325,Low Value,1,1
753,39,Male,Accessories,Ohio,Fall,85,17,4.2,1,Yes,1,Yes,1,PayPal,2-Day Shipping,Every 3 Months,3,0.6,Medium Engagement,0.5695153061224489,Mid Value,1,1
754,47,Male,Footwear,Massachusetts,Fall,54,27,3.4,1,Yes,1,Yes,1,Venmo,Store Pickup,Quarterly,3,0.6,Medium Engagement,0.4778061224489796,Mid Value,1,0
755,36,Male,Accessories,North Carolina,Spring,41,3,2.9,1,Yes,1,Yes,1,Debit Card,Store Pickup,Quarterly,3,0.6,Medium Engagement,0.15165816326530612,Low Value,1,0
756,66,Male,Outerwear,Florida,Spring,24,22,3.3,1,Yes,1,Yes,1,PayPal,Free Shipping,Weekly,7,1.0,High Engagement,0.23928571428571427,Low Value,1,0
757,62,Male,Accessories,Montana,Summer,99,24,4.8,1,Yes,1,Yes,1,Cash,Standard,Fortnightly,5,0.8,High Engagement,0.7284438775510205,High Value,1,1
758,41,Male,Clothing,Minnesota,Fall,32,18,3.8,1,Yes,1,Yes,1,Debit Card,Store Pickup,Quarterly,3,0.6,Medium Engagement,0.24846938775510202,Low Value,1,0
759,66,Male,Footwear,Massachusetts,Summer,71,39,4.6,1,Yes,1,Yes,1,Bank Transfer,2-Day Shipping,Every 3 Months,3,0.6,Medium Engagement,0.7065051020408163,High Value,1,1
760,51,Male,Clothing,Rhode Island,Winter,49,25,2.6,1,Yes,1,Yes,1,Credit Card,Next Day Air,Fortnightly,5,0.8,High Engagement,0.42614795918367343,Mid Value,1,0
761,33,Male,Accessories,Minnesota,Fall,50,6,3.4,1,Yes,1,Yes,1,Cash,Free Shipping,Annually,1,0.4,Medium Engagement,0.2385204081632653,Low Value,1,0
762,57,Male,Accessories,Nevada,Fall,91,26,4.2,1,Yes,1,Yes,1,Bank Transfer,Express,Weekly,7,1.0,High Engagement,0.6988520408163266,High Value,1,1
763,45,Male,Accessories,New Mexico,Fall,46,43,3.9,1,Yes,1,Yes,1,Debit Card,Standard,Fortnightly,5,0.8,High Engagement,0.5910714285714286,High Value,1,0
764,61,Male,Clothing,North Carolina,Spring,50,6,2.9,1,Yes,1,Yes,1,Credit Card,2-Day Shipping,Monthly,4,0.7,High Engagement,0.2385204081632653,Low Value,1,0
765,55,Male,Clothing,Virginia,Fall,39,6,4.2,1,Yes,1,Yes,1,Debit Card,Free Shipping,Quarterly,3,0.6,Medium Engagement,0.1697704081632653,Low Value,1,1
766,54,Male,Footwear,Alaska,Summer,99,13,3.0,1,Yes,1,Yes,1,Cash,Store Pickup,Quarterly,3,0.6,Medium Engagement,0.6161989795918368,High Value,1,0
767,57,Male,Accessories,Nevada,Winter,48,13,3.6,1,Yes,1,Yes,1,PayPal,Next Day Air,Monthly,4,0.7,High Engagement,0.2974489795918367,Low Value,1,0
768,27,Male,Outerwear,Pennsylvania,Fall,77,11,2.5,1,Yes,1,Yes,1,Cash,Next Day Air,Annually,1,0.4,Medium Engagement,0.4582908163265306,Mid Value,1,0
769,64,Male,Accessories,Illinois,Spring,95,45,2.6,1,Yes,1,Yes,1,Venmo,Express,Weekly,7,1.0,High Engagement,0.9177295918367347,High Value,1,0
770,52,Male,Clothing,Delaware,Spring,100,8,4.3,1,Yes,1,Yes,1,PayPal,Store Pickup,Monthly,4,0.7,High Engagement,0.5714285714285714,Mid Value,1,1
771,19,Male,Footwear,Vermont,Spring,54,8,3.3,1,Yes,1,Yes,1,Credit Card,Express,Annually,1,0.4,Medium Engagement,0.2839285714285714,Low Value,1,0
772,22,Male,Clothing,Hawaii,Fall,68,34,2.6,1,Yes,1,Yes,1,Bank Transfer,Next Day Air,Fortnightly,5,0.8,High Engagement,0.636734693877551,High Value,1,0
773,18,Male,Clothing,Illinois,Fall,22,40,3.6,1,Yes,1,Yes,1,Debit Card,Free Shipping,Bi-Weekly,6,0.9,High Engagement,0.4104591836734694,Mid Value,1,0
774,29,Male,Accessories,California,Winter,84,14,2.6,1,Yes,1,Yes,1,Debit Card,Express,Bi-Weekly,6,0.9,High Engagement,0.5326530612244899,Mid Value,1,0
775,42,Male,Accessories,Nevada,Summer,46,11,3.5,1,Yes,1,Yes,1,Credit Card,Standard,Quarterly,3,0.6,Medium Engagement,0.2645408163265306,Low Value,1,0
776,49,Male,Accessories,Kentucky,Winter,53,8,3.0,1,Yes,1,Yes,1,PayPal,Store Pickup,Monthly,4,0.7,High Engagement,0.27767857142857144,Low Value,1,0
777,49,Male,Clothing,Alabama,Spring,60,8,5.0,1,Yes,1,Yes,1,Venmo,Standard,Every 3 Months,3,0.6,Medium Engagement,0.3214285714285714,Low Value,1,1
778,55,Male,Clothing,Wyoming,Spring,32,37,2.5,1,Yes,1,Yes,1,Venmo,Express,Weekly,7,1.0,High Engagement,0.44234693877551023,Mid Value,1,0
779,29,Male,Clothing,Massachusetts,Summer,50,23,2.9,1,Yes,1,Yes,1,Debit Card,Store Pickup,Annually,1,0.4,Medium Engagement,0.4119897959183674,Mid Value,1,0
780,60,Male,Clothing,Utah,Spring,94,38,4.6,1,Yes,1,Yes,1,Cash,Express,Annually,1,0.4,Medium Engagement,0.8400510204081633,High Value,1,1
781,34,Male,Footwear,New York,Spring,26,38,3.6,1,Yes,1,Yes,1,Cash,Free Shipping,Quarterly,3,0.6,Medium Engagement,0.4150510204081632,Mid Value,1,0
782,30,Male,Accessories,Vermont,Winter,44,12,3.0,1,Yes,1,Yes,1,Credit Card,Store Pickup,Fortnightly,5,0.8,High Engagement,0.26224489795918365,Low Value,1,0
783,28,Male,Clothing,Hawaii,Summer,57,15,4.5,1,Yes,1,Yes,1,Cash,Standard,Weekly,7,1.0,High Engagement,0.37410714285714286,Low Value,1,1
784,63,Male,Clothing,Louisiana,Winter,65,38,4.5,1,Yes,1,Yes,1,PayPal,Next Day Air,Fortnightly,5,0.8,High Engagement,0.6588010204081632,High Value,1,1
785,31,Male,Clothing,Alabama,Winter,72,41,3.2,1,Yes,1,Yes,1,Bank Transfer,Store Pickup,Every 3 Months,3,0.6,Medium Engagement,0.7331632653061224,High Value,1,0
786,46,Male,Clothing,Louisiana,Spring,62,37,4.0,1,Yes,1,Yes,1,PayPal,Next Day Air,Fortnightly,5,0.8,High Engagement,0.6298469387755102,High Value,1,1
787,70,Male,Accessories,Indiana,Winter,21,16,4.8,1,Yes,1,Yes,1,Bank Transfer,Express,Every 3 Months,3,0.6,Medium Engagement,0.15931122448979593,Low Value,1,1
788,53,Male,Accessories,Michigan,Spring,85,25,3.7,1,Yes,1,Yes,1,Venmo,Free Shipping,Weekly,7,1.0,High Engagement,0.6511479591836735,High Value,1,0
789,50,Male,Clothing,Rhode Island,Summer,51,18,3.8,1,Yes,1,Yes,1,Bank Transfer,Store Pickup,Quarterly,3,0.6,Medium Engagement,0.36721938775510204,Low Value,1,0
790,33,Male,Accessories,Idaho,Fall,84,4,2.7,1,Yes,1,Yes,1,Credit Card,Standard,Bi-Weekly,6,0.9,High Engagement,0.4306122448979592,Mid Value,1,0
791,22,Male,Clothing,Louisiana,Summer,37,12,4.9,1,Yes,1,Yes,1,Bank Transfer,Store Pickup,Quarterly,3,0.6,Medium Engagement,0.21849489795918367,Low Value,1,1
792,50,Male,Accessories,North Carolina,Summer,44,35,3.1,1,Yes,1,Yes,1,PayPal,2-Day Shipping,Fortnightly,5,0.8,High Engagement,0.49693877551020404,Mid Value,1,0
793,34,Male,Footwear,New Jersey,Spring,45,45,4.2,1,Yes,1,Yes,1,Venmo,Next Day Air,Weekly,7,1.0,High Engagement,0.6052295918367347,High Value,1,1
794,24,Male,Clothing,Alabama,Summer,35,16,3.8,1,Yes,1,Yes,1,Credit Card,Free Shipping,Monthly,4,0.7,High Engagement,0.24681122448979592,Low Value,1,0
795,69,Male,Accessories,Kentucky,Winter,50,10,4.2,1,Yes,1,Yes,1,Debit Card,Store Pickup,Fortnightly,5,0.8,High Engagement,0.27933673469387754,Low Value,1,1
796,39,Male,Footwear,New York,Summer,26,34,4.6,1,Yes,1,Yes,1,Venmo,Store Pickup,Annually,1,0.4,Medium Engagement,0.374234693877551,Low Value,1,1
797,42,Male,Clothing,Arizona,Fall,78,43,4.0,1,Yes,1,Yes,1,Credit Card,2-Day Shipping,Annually,1,0.4,Medium Engagement,0.7910714285714285,High Value,1,1
798,42,Male,Outerwear,Maryland,Fall,82,38,4.0,1,Yes,1,Yes,1,Debit Card,2-Day Shipping,Weekly,7,1.0,High Engagement,0.7650510204081633,High Value,1,1
799,29,Male,Clothing,Alaska,Spring,39,48,3.8,1,Yes,1,Yes,1,PayPal,2-Day Shipping,Every 3 Months,3,0.6,Medium Engagement,0.5983418367346939,High Value,1,0
800,55,Male,Accessories,Nevada,Summer,55,31,3.8,0,Yes,1,Yes,1,PayPal,Free Shipping,Annually,1,0.4,Medium Engagement,0.5248724489795918,Mid Value,1,0
801,32,Male,Clothing,Utah,Summer,20,20,2.6,1,Yes,1,Yes,1,Cash,Free Shipping,Every 3 Months,3,0.6,Medium Engagement,0.19387755102040816,Low Value,1,0
802,25,Male,Accessories,New Mexico,Fall,29,12,4.9,1,Yes,1,Yes,1,Credit Card,Express,Fortnightly,5,0.8,High Engagement,0.16849489795918368,Low Value,1,1
803,38,Male,Clothing,Delaware,Winter,41,2,3.5,1,Yes,1,Yes,1,Bank Transfer,Next Day Air,Weekly,7,1.0,High Engagement,0.14145408163265308,Low Value,1,0
804,32,Male,Clothing,Connecticut,Winter,38,30,2.8,1,Yes,1,Yes,1,Venmo,Express,Every 3 Months,3,0.6,Medium Engagement,0.40841836734693876,Mid Value,1,0
805,43,Male,Footwear,Mississippi,Summer,47,28,2.6,1,Yes,1,Yes,1,Venmo,Store Pickup,Quarterly,3,0.6,Medium Engagement,0.44426020408163264,Mid Value,1,0
806,41,Male,Clothing,Connecticut,Summer,30,40,3.7,1,Yes,1,Yes,1,Debit Card,Next Day Air,Monthly,4,0.7,High Engagement,0.4604591836734694,Mid Value,1,0
807,56,Male,Clothing,Florida,Summer,56,46,2.7,1,Yes,1,Yes,1,PayPal,Standard,Quarterly,3,0.6,Medium Engagement,0.6841836734693878,High Value,1,0
808,27,Male,Clothing,New York,Winter,89,15,3.3,1,Yes,1,Yes,1,Credit Card,Express,Weekly,7,1.0,High Engagement,0.5741071428571429,Mid Value,1,0
809,46,Male,Footwear,Wisconsin,Fall,96,38,4.6,1,Yes,1,Yes,1,Cash,Next Day Air,Every 3 Months,3,0.6,Medium Engagement,0.8525510204081632,High Value,1,1
810,48,Male,Footwear,South Carolina,Fall,81,30,4.9,1,Yes,1,Yes,1,PayPal,Next Day Air,Bi-Weekly,6,0.9,High Engagement,0.6771683673469387,High Value,1,1
811,52,Male,Accessories,South Dakota,Fall,83,32,4.9,1,Yes,1,Yes,1,Debit Card,Store Pickup,Bi-Weekly,6,0.9,High Engagement,0.710076530612245,High Value,1,1
812,18,Male,Footwear,Illinois,Winter,35,36,2.7,1,Yes,1,Yes,1,Venmo,Free Shipping,Quarterly,3,0.6,Medium Engagement,0.45089285714285715,Mid Value,1,0
813,64,Male,Footwear,Alaska,Summer,56,32,3.2,1,Yes,1,Yes,1,Credit Card,Standard,Weekly,7,1.0,High Engagement,0.5413265306122449,Mid Value,1,0
814,54,Male,Accessories,Montana,Summer,45,14,2.9,1,Yes,1,Yes,1,Debit Card,Store Pickup,Annually,1,0.4,Medium Engagement,0.28890306122448983,Low Value,1,0
815,31,Male,Clothing,Minnesota,Winter,62,8,3.8,1,Yes,1,Yes,1,PayPal,Express,Monthly,4,0.7,High Engagement,0.33392857142857146,Low Value,1,0
816,30,Male,Accessories,West Virginia,Spring,84,27,3.0,1,Yes,1,Yes,1,Venmo,Next Day Air,Bi-Weekly,6,0.9,High Engagement,0.6653061224489796,High Value,1,0
817,26,Male,Clothing,Illinois,Summer,24,24,3.9,1,Yes,1,Yes,1,Debit Card,Store Pickup,Monthly,4,0.7,High Engagement,0.2596938775510204,Low Value,1,0
818,25,Male,Accessories,Nevada,Spring,21,30,4.7,1,Yes,1,Yes,1,PayPal,Store Pickup,Fortnightly,5,0.8,High Engagement,0.30216836734693875,Low Value,1,1
819,59,Male,Clothing,Idaho,Winter,91,34,4.9,1,Yes,1,Yes,1,Debit Card,Store Pickup,Monthly,4,0.7,High Engagement,0.7804846938775509,High Value,1,1
820,55,Male,Accessories,Colorado,Winter,36,28,4.8,1,Yes,1,Yes,1,Debit Card,Next Day Air,Quarterly,3,0.6,Medium Engagement,0.3755102040816326,Low Value,1,1
821,56,Male,Footwear,Louisiana,Spring,39,27,2.5,1,Yes,1,Yes,1,Debit Card,2-Day Shipping,Monthly,4,0.7,High Engagement,0.3840561224489796,Low Value,1,0
822,62,Male,Clothing,Vermont,Spring,39,31,3.9,1,Yes,1,Yes,1,Credit Card,Standard,Bi-Weekly,6,0.9,High Engagement,0.42487244897959187,Mid Value,1,0
823,35,Male,Clothing,Mississippi,Winter,59,23,3.4,1,Yes,1,Yes,1,Bank Transfer,Standard,Annually,1,0.4,Medium Engagement,0.46823979591836734,Mid Value,1,0
824,51,Male,Accessories,Georgia,Winter,27,11,2.5,1,Yes,1,Yes,1,Credit Card,Free Shipping,Quarterly,3,0.6,Medium Engagement,0.14579081632653063,Low Value,1,0
825,61,Male,Clothing,Georgia,Spring,94,48,3.0,1,Yes,1,Yes,1,Cash,Store Pickup,Quarterly,3,0.6,Medium Engagement,0.9420918367346939,High Value,1,0
826,27,Male,Accessories,Nebraska,Fall,94,17,3.6,1,Yes,1,Yes,1,Cash,Next Day Air,Monthly,4,0.7,High Engagement,0.625765306122449,High Value,1,0
827,54,Male,Clothing,Massachusetts,Winter,94,36,3.6,1,Yes,1,Yes,1,PayPal,Standard,Weekly,7,1.0,High Engagement,0.8196428571428571,High Value,1,0
828,31,Male,Footwear,Colorado,Fall,51,33,4.1,1,Yes,1,Yes,1,Bank Transfer,Free Shipping,Fortnightly,5,0.8,High Engagement,0.520280612244898,Mid Value,1,1
829,24,Male,Clothing,Nevada,Fall,62,27,3.7,1,Yes,1,Yes,1,PayPal,2-Day Shipping,Bi-Weekly,6,0.9,High Engagement,0.5278061224489796,Mid Value,1,0
830,42,Male,Clothing,Idaho,Spring,57,14,3.8,0,Yes,1,Yes,1,Credit Card,2-Day Shipping,Fortnightly,5,0.8,High Engagement,0.3639030612244898,Low Value,1,0
831,41,Male,Clothing,Wyoming,Fall,76,5,4.2,1,Yes,1,Yes,1,Credit Card,Express,Annually,1,0.4,Medium Engagement,0.3908163265306122,Low Value,1,1
832,66,Male,Accessories,Washington,Summer,63,47,4.3,1,Yes,1,Yes,1,Cash,Express,Every 3 Months,3,0.6,Medium Engagement,0.7381377551020408,High Value,1,1
833,58,Male,Outerwear,California,Fall,80,28,2.5,1,Yes,1,Yes,1,Cash,Express,Bi-Weekly,6,0.9,High Engagement,0.6505102040816326,High Value,1,0
834,43,Male,Accessories,Oklahoma,Fall,68,11,3.5,1,Yes,1,Yes,1,Credit Card,Standard,Annually,1,0.4,Medium Engagement,0.4020408163265306,Low Value,1,0
835,52,Male,Accessories,Nevada,Summer,89,18,3.1,1,Yes,1,Yes,1,Credit Card,Free Shipping,Weekly,7,1.0,High Engagement,0.604719387755102,High Value,1,0
836,35,Male,Footwear,Maryland,Summer,26,21,2.5,1,Yes,1,Yes,1,Debit Card,Next Day Air,Weekly,7,1.0,High Engagement,0.24158163265306123,Low Value,1,0
837,23,Male,Accessories,West Virginia,Winter,90,22,3.9,1,Yes,1,Yes,1,Cash,Store Pickup,Bi-Weekly,6,0.9,High Engagement,0.6517857142857143,High Value,1,0
838,25,Male,Clothing,Illinois,Spring,28,33,4.9,1,Yes,1,Yes,1,Cash,Express,Every 3 Months,3,0.6,Medium Engagement,0.3765306122448979,Low Value,1,1
839,33,Male,Outerwear,Kentucky,Spring,29,49,4.3,1,Yes,1,Yes,1,Credit Card,Express,Annually,1,0.4,Medium Engagement,0.546045918367347,Mid Value,1,1
840,48,Male,Clothing,Illinois,Spring,31,10,2.6,1,Yes,1,Yes,1,Debit Card,Free Shipping,Every 3 Months,3,0.6,Medium Engagement,0.16058673469387758,Low Value,1,0
841,42,Male,Clothing,Alabama,Summer,24,18,4.2,1,Yes,1,Yes,1,PayPal,2-Day Shipping,Weekly,7,1.0,High Engagement,0.19846938775510203,Low Value,1,1
842,55,Male,Clothing,Texas,Summer,88,28,2.6,1,Yes,1,Yes,1,PayPal,Store Pickup,Fortnightly,5,0.8,High Engagement,0.7005102040816327,High Value,1,0
843,59,Male,Clothing,Missouri,Spring,87,25,3.6,1,Yes,1,Yes,1,PayPal,Express,Weekly,7,1.0,High Engagement,0.6636479591836735,High Value,1,0
844,65,Male,Clothing,Pennsylvania,Summer,80,6,3.2,1,Yes,1,Yes,1,PayPal,Express,Weekly,7,1.0,High Engagement,0.4260204081632653,Mid Value,1,0
845,59,Male,Footwear,Missouri,Winter,48,44,4.4,1,Yes,1,Yes,1,Venmo,Express,Bi-Weekly,6,0.9,High Engagement,0.6137755102040816,High Value,1,1
846,31,Male,Accessories,Michigan,Winter,21,30,3.7,1,Yes,1,Yes,1,Venmo,Standard,Monthly,4,0.7,High Engagement,0.30216836734693875,Low Value,1,0
847,49,Male,Footwear,Kentucky,Spring,72,42,3.7,1,Yes,1,Yes,1,Debit Card,Express,Quarterly,3,0.6,Medium Engagement,0.7433673469387756,High Value,1,0
848,53,Male,Clothing,New Jersey,Fall,44,30,4.1,1,Yes,1,Yes,1,PayPal,Standard,Monthly,4,0.7,High Engagement,0.4459183673469388,Mid Value,1,1
849,48,Male,Footwear,Delaware,Fall,73,33,3.6,1,Yes,1,Yes,1,Credit Card,Store Pickup,Bi-Weekly,6,0.9,High Engagement,0.6577806122448979,High Value,1,0
850,23,Male,Clothing,Missouri,Spring,61,24,4.3,1,Yes,1,Yes,1,PayPal,Express,Quarterly,3,0.6,Medium Engagement,0.4909438775510204,Mid Value,1,1
851,68,Male,Footwear,Connecticut,Winter,20,13,2.6,1,Yes,1,Yes,1,Venmo,Store Pickup,Monthly,4,0.7,High Engagement,0.12244897959183673,Low Value,1,0
852,35,Male,Footwear,Massachusetts,Summer,86,19,2.9,1,Yes,1,Yes,1,Debit Card,Express,Monthly,4,0.7,High Engagement,0.5961734693877551,High Value,1,0
853,34,Male,Clothing,Florida,Spring,60,23,4.2,1,Yes,1,Yes,1,Debit Card,Next Day Air,Every 3 Months,3,0.6,Medium Engagement,0.4744897959183674,Mid Value,1,1
854,62,Male,Accessories,Delaware,Winter,43,35,4.0,1,Yes,1,Yes,1,Cash,Free Shipping,Monthly,4,0.7,High Engagement,0.49068877551020407,Mid Value,1,1
855,21,Male,Clothing,California,Spring,44,22,4.3,1,Yes,1,Yes,1,Venmo,Free Shipping,Monthly,4,0.7,High Engagement,0.36428571428571427,Low Value,1,1
856,70,Male,Clothing,Oregon,Spring,76,14,3.0,1,Yes,1,Yes,1,Credit Card,2-Day Shipping,Quarterly,3,0.6,Medium Engagement,0.4826530612244898,Mid Value,1,0
857,55,Male,Clothing,Alaska,Summer,33,47,3.5,1,Yes,1,Yes,1,Debit Card,Express,Fortnightly,5,0.8,High Engagement,0.5506377551020408,Mid Value,1,0
858,43,Male,Clothing,Missouri,Fall,60,50,3.0,1,Yes,1,Yes,1,Debit Card,Standard,Every 3 Months,3,0.6,Medium Engagement,0.75,High Value,1,0
859,19,Male,Outerwear,Oklahoma,Fall,26,33,3.1,1,Yes,1,Yes,1,PayPal,Free Shipping,Weekly,7,1.0,High Engagement,0.3640306122448979,Low Value,1,0
860,47,Male,Clothing,Wisconsin,Winter,73,7,4.0,1,Yes,1,Yes,1,Debit Card,Next Day Air,Monthly,4,0.7,High Engagement,0.39247448979591837,Low Value,1,1
861,26,Male,Footwear,South Carolina,Spring,87,3,4.1,1,Yes,1,Yes,1,Cash,Standard,Monthly,4,0.7,High Engagement,0.43915816326530616,Mid Value,1,1
862,46,Male,Clothing,Virginia,Spring,100,35,3.8,0,Yes,1,Yes,1,Credit Card,2-Day Shipping,Every 3 Months,3,0.6,Medium Engagement,0.846938775510204,High Value,1,0
863,19,Male,Outerwear,Arkansas,Winter,84,13,4.9,1,Yes,1,Yes,1,PayPal,Standard,Fortnightly,5,0.8,High Engagement,0.5224489795918368,Mid Value,1,1
864,49,Male,Footwear,Vermont,Summer,41,42,3.9,1,Yes,1,Yes,1,PayPal,Standard,Fortnightly,5,0.8,High Engagement,0.5496173469387755,Mid Value,1,0
865,51,Male,Clothing,Kentucky,Winter,59,5,3.9,1,Yes,1,Yes,1,PayPal,Next Day Air,Annually,1,0.4,Medium Engagement,0.28456632653061226,Low Value,1,0
866,64,Male,Clothing,Colorado,Winter,26,23,4.8,1,Yes,1,Yes,1,Venmo,Store Pickup,Annually,1,0.4,Medium Engagement,0.26198979591836735,Low Value,1,1
867,67,Male,Accessories,New Mexico,Summer,69,11,2.7,1,Yes,1,Yes,1,PayPal,Free Shipping,Bi-Weekly,6,0.9,High Engagement,0.40829081632653064,Mid Value,1,0
868,37,Male,Outerwear,Colorado,Spring,20,23,3.1,1,Yes,1,Yes,1,Bank Transfer,Free Shipping,Fortnightly,5,0.8,High Engagement,0.22448979591836735,Low Value,1,0
869,40,Male,Clothing,North Carolina,Summer,83,2,3.2,1,Yes,1,Yes,1,Credit Card,Next Day Air,Every 3 Months,3,0.6,Medium Engagement,0.40395408163265306,Mid Value,1,0
870,38,Male,Accessories,New Hampshire,Spring,54,33,2.7,1,Yes,1,Yes,1,PayPal,2-Day Shipping,Weekly,7,1.0,High Engagement,0.5390306122448979,Mid Value,1,0
871,66,Male,Clothing,West Virginia,Fall,66,6,2.5,1,Yes,1,Yes,1,Bank Transfer,Standard,Bi-Weekly,6,0.9,High Engagement,0.3385204081632653,Low Value,1,0
872,47,Male,Accessories,Hawaii,Spring,42,45,2.6,1,Yes,1,Yes,1,Debit Card,Next Day Air,Quarterly,3,0.6,Medium Engagement,0.5864795918367347,Mid Value,1,0
873,56,Male,Clothing,North Dakota,Spring,33,25,2.9,1,Yes,1,Yes,1,Cash,Standard,Quarterly,3,0.6,Medium Engagement,0.32614795918367345,Low Value,1,0
874,51,Male,Footwear,Mississippi,Summer,77,24,4.2,1,Yes,1,Yes,1,Venmo,Free Shipping,Quarterly,3,0.6,Medium Engagement,0.5909438775510204,High Value,1,1
875,25,Male,Outerwear,Maine,Fall,65,10,4.4,1,Yes,1,Yes,1,Venmo,Free Shipping,Every 3 Months,3,0.6,Medium Engagement,0.37308673469387754,Low Value,1,1
876,37,Male,Footwear,North Dakota,Summer,39,7,4.1,1,Yes,1,Yes,1,Bank Transfer,Free Shipping,Every 3 Months,3,0.6,Medium Engagement,0.17997448979591835,Low Value,1,1
877,41,Male,Accessories,Nebraska,Summer,51,1,3.8,1,Yes,1,Yes,1,Debit Card,2-Day Shipping,Weekly,7,1.0,High Engagement,0.19375,Low Value,1,0
878,64,Male,Accessories,Nebraska,Winter,65,45,4.9,1,Yes,1,Yes,1,Venmo,Next Day Air,Every 3 Months,3,0.6,Medium Engagement,0.7302295918367347,High Value,1,1
879,23,Male,Accessories,Tennessee,Summer,89,37,4.9,1,Yes,1,Yes,1,Debit Card,Express,Weekly,7,1.0,High Engagement,0.7985969387755103,High Value,1,1
880,62,Male,Clothing,Wyoming,Spring,76,14,4.1,1,Yes,1,Yes,1,PayPal,Free Shipping,Quarterly,3,0.6,Medium Engagement,0.4826530612244898,Mid Value,1,1
881,39,Male,Accessories,Nevada,Spring,75,25,3.1,1,Yes,1,Yes,1,Debit Card,Express,Monthly,4,0.7,High Engagement,0.5886479591836735,High Value,1,0
882,52,Male,Footwear,South Carolina,Summer,61,18,2.7,1,Yes,1,Yes,1,Venmo,Next Day Air,Annually,1,0.4,Medium Engagement,0.429719387755102,Mid Value,1,0
883,50,Male,Footwear,Virginia,Fall,35,37,3.8,1,Yes,1,Yes,1,Cash,Next Day Air,Every 3 Months,3,0.6,Medium Engagement,0.4610969387755102,Mid Value,1,0
884,28,Male,Footwear,Pennsylvania,Fall,37,30,4.3,1,Yes,1,Yes,1,Bank Transfer,Free Shipping,Monthly,4,0.7,High Engagement,0.4021683673469388,Low Value,1,1
885,67,Male,Clothing,Hawaii,Winter,91,34,4.1,1,Yes,1,Yes,1,Bank Transfer,Express,Weekly,7,1.0,High Engagement,0.7804846938775509,High Value,1,1
886,41,Male,Clothing,Ohio,Fall,99,49,4.4,1,Yes,1,Yes,1,Debit Card,Free Shipping,Every 3 Months,3,0.6,Medium Engagement,0.983545918367347,High Value,1,1
887,19,Male,Clothing,Utah,Summer,54,48,3.6,1,Yes,1,Yes,1,Bank Transfer,Express,Monthly,4,0.7,High Engagement,0.6920918367346939,High Value,1,0
888,70,Male,Accessories,Minnesota,Winter,47,33,3.3,1,Yes,1,Yes,1,PayPal,2-Day Shipping,Fortnightly,5,0.8,High Engagement,0.49528061224489794,Mid Value,1,0
889,49,Male,Accessories,New Hampshire,Spring,77,44,3.8,0,Yes,1,Yes,1,Cash,Express,Annually,1,0.4,Medium Engagement,0.7950255102040816,High Value,1,0
890,59,Male,Accessories,Arizona,Fall,84,50,2.8,1,Yes,1,Yes,1,Venmo,Free Shipping,Weekly,7,1.0,High Engagement,0.9,High Value,1,0
891,52,Male,Accessories,New York,Spring,51,47,4.3,1,Yes,1,Yes,1,Credit Card,2-Day Shipping,Monthly,4,0.7,High Engagement,0.6631377551020409,High Value,1,1
892,20,Male,Clothing,Pennsylvania,Summer,26,24,3.9,1,Yes,1,Yes,1,PayPal,Store Pickup,Every 3 Months,3,0.6,Medium Engagement,0.2721938775510204,Low Value,1,0
893,31,Male,Clothing,New Mexico,Summer,64,43,2.7,1,Yes,1,Yes,1,Debit Card,Free Shipping,Monthly,4,0.7,High Engagement,0.7035714285714285,High Value,1,0
894,33,Male,Accessories,Nebraska,Spring,51,14,4.7,1,Yes,1,Yes,1,Venmo,Express,Monthly,4,0.7,High Engagement,0.3264030612244898,Low Value,1,1
895,44,Male,Clothing,Wyoming,Spring,60,3,3.8,1,Yes,1,Yes,1,Debit Card,Free Shipping,Quarterly,3,0.6,Medium Engagement,0.27040816326530615,Low Value,1,0
896,40,Male,Accessories,Mississippi,Spring,69,33,4.7,1,Yes,1,Yes,1,Debit Card,Next Day Air,Quarterly,3,0.6,Medium Engagement,0.632780612244898,High Value,1,1
897,69,Male,Accessories,Arkansas,Spring,29,38,4.7,1,Yes,1,Yes,1,Cash,Express,Fortnightly,5,0.8,High Engagement,0.43380102040816326,Mid Value,1,1
898,29,Male,Clothing,Illinois,Spring,91,46,3.4,1,Yes,1,Yes,1,Venmo,Express,Weekly,7,1.0,High Engagement,0.9029336734693878,High Value,1,0
899,54,Male,Accessories,Nevada,Spring,70,19,3.5,1,Yes,1,Yes,1,Bank Transfer,2-Day Shipping,Every 3 Months,3,0.6,Medium Engagement,0.4961734693877551,Mid Value,1,0
900,65,Male,Clothing,Rhode Island,Summer,58,20,4.0,1,Yes,1,Yes,1,PayPal,Standard,Annually,1,0.4,Medium Engagement,0.43137755102040815,Mid Value,1,1
901,54,Male,Accessories,West Virginia,Fall,98,42,3.3,1,Yes,1,Yes,1,Bank Transfer,Free Shipping,Quarterly,3,0.6,Medium Engagement,0.9058673469387755,High Value,1,0
902,60,Male,Accessories,Missouri,Summer,68,34,4.7,1,Yes,1,Yes,1,Cash,2-Day Shipping,Monthly,4,0.7,High Engagement,0.636734693877551,High Value,1,1
903,43,Male,Accessories,Kentucky,Summer,44,5,2.8,1,Yes,1,Yes,1,Cash,Next Day Air,Monthly,4,0.7,High Engagement,0.19081632653061223,Low Value,1,0
904,44,Male,Outerwear,Washington,Winter,45,3,3.3,1,Yes,1,Yes,1,PayPal,Express,Quarterly,3,0.6,Medium Engagement,0.17665816326530612,Low Value,1,0
905,69,Male,Clothing,Alaska,Spring,99,46,2.9,1,Yes,1,Yes,1,PayPal,Free Shipping,Every 3 Months,3,0.6,Medium Engagement,0.9529336734693878,High Value,1,0
906,46,Male,Clothing,Mississippi,Spring,68,16,2.8,1,Yes,1,Yes,1,Venmo,Standard,Annually,1,0.4,Medium Engagement,0.4530612244897959,Mid Value,1,0
907,41,Male,Clothing,South Carolina,Spring,56,21,4.2,1,Yes,1,Yes,1,Debit Card,Standard,Bi-Weekly,6,0.9,High Engagement,0.4290816326530612,Mid Value,1,1
908,32,Male,Clothing,Missouri,Winter,43,34,4.4,1,Yes,1,Yes,1,Credit Card,Express,Bi-Weekly,6,0.9,High Engagement,0.480484693877551,Mid Value,1,1
909,26,Male,Accessories,New Jersey,Winter,99,9,3.6,1,Yes,1,Yes,1,PayPal,Free Shipping,Every 3 Months,3,0.6,Medium Engagement,0.5753826530612245,Mid Value,1,0
910,61,Male,Accessories,Louisiana,Fall,56,36,2.7,1,Yes,1,Yes,1,PayPal,Express,Weekly,7,1.0,High Engagement,0.5821428571428572,Mid Value,1,0
911,49,Male,Clothing,South Carolina,Spring,25,22,3.4,1,Yes,1,Yes,1,Credit Card,Express,Monthly,4,0.7,High Engagement,0.24553571428571427,Low Value,1,0
912,53,Male,Clothing,Vermont,Winter,74,2,2.8,1,Yes,1,Yes,1,Bank Transfer,2-Day Shipping,Quarterly,3,0.6,Medium Engagement,0.3477040816326531,Low Value,1,0
913,24,Male,Clothing,Arkansas,Winter,56,32,3.4,1,Yes,1,Yes,1,Bank Transfer,Next Day Air,Monthly,4,0.7,High Engagement,0.5413265306122449,Mid Value,1,0
914,37,Male,Footwear,Utah,Fall,47,29,2.6,1,Yes,1,Yes,1,Cash,Next Day Air,Every 3 Months,3,0.6,Medium Engagement,0.4544642857142857,Mid Value,1,0
915,43,Male,Clothing,Washington,Summer,67,27,4.1,1,Yes,1,Yes,1,Venmo,Standard,Every 3 Months,3,0.6,Medium Engagement,0.5590561224489796,Mid Value,1,1
916,31,Male,Clothing,Rhode Island,Winter,22,33,2.9,1,Yes,1,Yes,1,Credit Card,Store Pickup,Fortnightly,5,0.8,High Engagement,0.33903061224489794,Low Value,1,0
917,49,Male,Clothing,Illinois,Spring,34,16,2.7,1,Yes,1,Yes,1,Venmo,Standard,Monthly,4,0.7,High Engagement,0.24056122448979592,Low Value,1,0
918,69,Male,Clothing,Missouri,Spring,64,11,3.7,1,Yes,1,Yes,1,Bank Transfer,Standard,Quarterly,3,0.6,Medium Engagement,0.37704081632653064,Low Value,1,0
919,65,Male,Clothing,North Carolina,Spring,42,11,4.3,1,Yes,1,Yes,1,Cash,2-Day Shipping,Fortnightly,5,0.8,High Engagement,0.23954081632653063,Low Value,1,1
920,41,Male,Clothing,Massachusetts,Winter,82,17,2.6,1,Yes,1,Yes,1,Debit Card,2-Day Shipping,Bi-Weekly,6,0.9,High Engagement,0.550765306122449,Mid Value,1,0
921,37,Male,Accessories,Arkansas,Summer,81,37,4.3,1,Yes,1,Yes,1,Cash,Free Shipping,Weekly,7,1.0,High Engagement,0.7485969387755103,High Value,1,1
922,70,Male,Outerwear,South Dakota,Summer,24,18,4.1,1,Yes,1,Yes,1,PayPal,Express,Weekly,7,1.0,High Engagement,0.19846938775510203,Low Value,1,1
923,63,Male,Footwear,Georgia,Fall,60,13,4.2,1,Yes,1,Yes,1,Credit Card,Standard,Monthly,4,0.7,High Engagement,0.37244897959183676,Low Value,1,1
924,55,Male,Clothing,Arkansas,Spring,24,7,4.2,1,Yes,1,Yes,1,PayPal,2-Day Shipping,Weekly,7,1.0,High Engagement,0.08622448979591837,Low Value,1,1
925,52,Male,Clothing,Kansas,Winter,78,37,3.1,1,Yes,1,Yes,1,Cash,Standard,Quarterly,3,0.6,Medium Engagement,0.7298469387755102,High Value,1,0
926,22,Male,Clothing,Arizona,Winter,88,8,4.9,1,Yes,1,Yes,1,Cash,Express,Monthly,4,0.7,High Engagement,0.49642857142857144,Mid Value,1,1
927,54,Male,Clothing,Massachusetts,Spring,63,11,4.4,1,Yes,1,Yes,1,Cash,Express,Bi-Weekly,6,0.9,High Engagement,0.3707908163265306,Low Value,1,1
928,28,Male,Footwear,New Mexico,Summer,78,8,4.4,1,Yes,1,Yes,1,Venmo,Standard,Bi-Weekly,6,0.9,High Engagement,0.43392857142857144,Mid Value,1,1
929,67,Male,Clothing,Arkansas,Winter,37,31,3.4,1,Yes,1,Yes,1,Cash,Store Pickup,Every 3 Months,3,0.6,Medium Engagement,0.41237244897959185,Mid Value,1,0
930,59,Male,Footwear,Nebraska,Fall,94,26,4.5,1,Yes,1,Yes,1,Debit Card,2-Day Shipping,Fortnightly,5,0.8,High Engagement,0.7176020408163266,High Value,1,1
931,26,Male,Clothing,Hawaii,Fall,78,20,4.5,1,Yes,1,Yes,1,Credit Card,Store Pickup,Bi-Weekly,6,0.9,High Engagement,0.5563775510204081,Mid Value,1,1
932,24,Male,Outerwear,Nebraska,Winter,36,24,4.1,1,Yes,1,Yes,1,Bank Transfer,Standard,Fortnightly,5,0.8,High Engagement,0.3346938775510204,Low Value,1,1
933,62,Male,Clothing,Indiana,Winter,24,45,3.2,1,Yes,1,Yes,1,Debit Card,Standard,Bi-Weekly,6,0.9,High Engagement,0.4739795918367347,Mid Value,1,0
934,70,Male,Footwear,Colorado,Spring,84,33,2.7,1,Yes,1,Yes,1,Debit Card,Store Pickup,Monthly,4,0.7,High Engagement,0.726530612244898,High Value,1,0
935,45,Male,Clothing,Oregon,Spring,47,21,3.7,1,Yes,1,Yes,1,Bank Transfer,Express,Monthly,4,0.7,High Engagement,0.37283163265306124,Low Value,1,0
936,58,Male,Clothing,Ohio,Fall,51,2,2.6,1,Yes,1,Yes,1,Bank Transfer,Store Pickup,Fortnightly,5,0.8,High Engagement,0.20395408163265308,Low Value,1,0
937,31,Male,Footwear,Maine,Summer,84,28,2.7,1,Yes,1,Yes,1,Cash,Free Shipping,Weekly,7,1.0,High Engagement,0.6755102040816326,High Value,1,0
938,32,Male,Clothing,Iowa,Summer,24,18,2.7,1,Yes,1,Yes,1,Venmo,Express,Quarterly,3,0.6,Medium Engagement,0.19846938775510203,Low Value,1,0
939,36,Male,Clothing,Wisconsin,Fall,97,21,4.8,1,Yes,1,Yes,1,Debit Card,Free Shipping,Fortnightly,5,0.8,High Engagement,0.6853316326530612,High Value,1,1
940,25,Male,Clothing,New York,Winter,89,24,4.8,1,Yes,1,Yes,1,Credit Card,Next Day Air,Monthly,4,0.7,High Engagement,0.6659438775510205,High Value,1,1
941,48,Male,Accessories,Colorado,Spring,44,15,2.6,1,Yes,1,Yes,1,PayPal,Store Pickup,Every 3 Months,3,0.6,Medium Engagement,0.2928571428571428,Low Value,1,0
942,39,Male,Accessories,Illinois,Winter,35,38,4.5,1,Yes,1,Yes,1,PayPal,2-Day Shipping,Every 3 Months,3,0.6,Medium Engagement,0.47130102040816324,Mid Value,1,1
943,26,Male,Clothing,Arizona,Winter,91,38,3.2,1,Yes,1,Yes,1,PayPal,Express,Bi-Weekly,6,0.9,High Engagement,0.8213010204081632,High Value,1,0
944,32,Male,Accessories,Oklahoma,Winter,63,13,3.8,1,Yes,1,Yes,1,Venmo,Next Day Air,Fortnightly,5,0.8,High Engagement,0.3911989795918367,Low Value,1,0
945,54,Male,Accessories,Indiana,Spring,97,39,4.8,1,Yes,1,Yes,1,Cash,Express,Bi-Weekly,6,0.9,High Engagement,0.8690051020408163,High Value,1,1
946,38,Male,Footwear,Minnesota,Summer,38,8,4.1,1,Yes,1,Yes,1,Venmo,Store Pickup,Every 3 Months,3,0.6,Medium Engagement,0.18392857142857144,Low Value,1,1
947,46,Male,Outerwear,Pennsylvania,Spring,24,4,2.8,1,Yes,1,Yes,1,PayPal,Next Day Air,Quarterly,3,0.6,Medium Engagement,0.055612244897959184,Low Value,1,0
948,57,Male,Clothing,Indiana,Winter,32,6,3.9,1,Yes,1,Yes,1,Cash,Store Pickup,Every 3 Months,3,0.6,Medium Engagement,0.12602040816326532,Low Value,1,0
949,49,Male,Accessories,Alabama,Summer,90,11,4.9,1,Yes,1,Yes,1,Venmo,Express,Every 3 Months,3,0.6,Medium Engagement,0.5395408163265306,Mid Value,1,1
950,33,Male,Clothing,Montana,Summer,36,49,3.4,1,Yes,1,Yes,1,Venmo,Standard,Monthly,4,0.7,High Engagement,0.5897959183673469,High Value,1,0
951,54,Male,Accessories,New Mexico,Winter,37,30,4.1,1,Yes,1,Yes,1,PayPal,Free Shipping,Quarterly,3,0.6,Medium Engagement,0.4021683673469388,Low Value,1,1
952,47,Male,Clothing,Alaska,Summer,51,34,2.9,1,Yes,1,Yes,1,Bank Transfer,Express,Monthly,4,0.7,High Engagement,0.530484693877551,Mid Value,1,0
953,36,Male,Accessories,Idaho,Fall,71,28,3.1,1,Yes,1,Yes,1,PayPal,2-Day Shipping,Monthly,4,0.7,High Engagement,0.5942602040816326,High Value,1,0
954,68,Male,Accessories,Utah,Spring,50,36,3.6,1,Yes,1,Yes,1,Venmo,2-Day Shipping,Quarterly,3,0.6,Medium Engagement,0.5446428571428572,Mid Value,1,0
955,60,Male,Accessories,Louisiana,Fall,74,18,3.5,1,Yes,1,Yes,1,Credit Card,Standard,Every 3 Months,3,0.6,Medium Engagement,0.510969387755102,Mid Value,1,0
956,55,Male,Clothing,Mississippi,Summer,75,4,3.4,1,Yes,1,Yes,1,PayPal,Free Shipping,Monthly,4,0.7,High Engagement,0.37436224489795916,Low Value,1,0
957,29,Male,Clothing,Mississippi,Spring,99,42,2.9,1,Yes,1,Yes,1,Debit Card,2-Day Shipping,Quarterly,3,0.6,Medium Engagement,0.9121173469387756,High Value,1,0
958,38,Male,Accessories,Indiana,Spring,23,11,4.7,1,Yes,1,Yes,1,Cash,Store Pickup,Quarterly,3,0.6,Medium Engagement,0.12079081632653062,Low Value,1,1
959,70,Male,Footwear,Washington,Winter,53,31,4.4,1,Yes,1,Yes,1,Credit Card,Free Shipping,Bi-Weekly,6,0.9,High Engagement,0.5123724489795918,Mid Value,1,1
960,36,Male,Clothing,Nevada,Spring,99,12,2.6,1,Yes,1,Yes,1,Cash,Standard,Fortnightly,5,0.8,High Engagement,0.6059948979591837,High Value,1,0
961,18,Male,Accessories,Louisiana,Spring,48,20,4.4,1,Yes,1,Yes,1,Venmo,Standard,Quarterly,3,0.6,Medium Engagement,0.36887755102040815,Low Value,1,1
962,62,Male,Footwear,Pennsylvania,Fall,72,37,3.7,1,Yes,1,Yes,1,Debit Card,Next Day Air,Quarterly,3,0.6,Medium Engagement,0.6923469387755102,High Value,1,0
963,29,Male,Accessories,Michigan,Spring,64,26,4.4,1,Yes,1,Yes,1,Debit Card,Standard,Fortnightly,5,0.8,High Engagement,0.5301020408163266,Mid Value,1,1
964,21,Male,Footwear,South Carolina,Spring,63,14,2.5,1,Yes,1,Yes,1,Credit Card,2-Day Shipping,Weekly,7,1.0,High Engagement,0.40140306122448977,Low Value,1,0
965,42,Male,Footwear,Arizona,Spring,51,12,2.6,1,Yes,1,Yes,1,Venmo,Next Day Air,Bi-Weekly,6,0.9,High Engagement,0.30599489795918366,Low Value,1,0
966,43,Male,Footwear,Delaware,Spring,55,10,5.0,1,Yes,1,Yes,1,Credit Card,Store Pickup,Annually,1,0.4,Medium Engagement,0.31058673469387754,Low Value,1,1
967,58,Male,Clothing,Kentucky,Spring,55,19,4.9,1,Yes,1,Yes,1,Cash,Express,Annually,1,0.4,Medium Engagement,0.4024234693877551,Low Value,1,1
968,27,Male,Clothing,Georgia,Summer,26,4,3.7,1,Yes,1,Yes,1,Cash,Store Pickup,Weekly,7,1.0,High Engagement,0.06811224489795918,Low Value,1,0
969,57,Male,Clothing,North Carolina,Summer,67,48,3.1,1,Yes,1,Yes,1,Bank Transfer,Next Day Air,Quarterly,3,0.6,Medium Engagement,0.7733418367346938,High Value,1,0
970,40,Male,Outerwear,California,Fall,31,37,3.2,1,Yes,1,Yes,1,PayPal,Express,Monthly,4,0.7,High Engagement,0.43609693877551026,Mid Value,1,0
971,45,Male,Clothing,California,Winter,66,4,4.4,1,Yes,1,Yes,1,Cash,Free Shipping,Monthly,4,0.7,High Engagement,0.31811224489795914,Low Value,1,1
972,47,Male,Accessories,Indiana,Summer,67,15,4.3,1,Yes,1,Yes,1,Credit Card,Next Day Air,Weekly,7,1.0,High Engagement,0.43660714285714286,Mid Value,1,1
973,61,Male,Footwear,Colorado,Winter,61,33,3.0,1,Yes,1,Yes,1,Credit Card,Standard,Weekly,7,1.0,High Engagement,0.582780612244898,Mid Value,1,0
974,60,Male,Outerwear,Colorado,Fall,75,30,3.5,1,Yes,1,Yes,1,Bank Transfer,2-Day Shipping,Quarterly,3,0.6,Medium Engagement,0.6396683673469388,High Value,1,0
975,69,Male,Clothing,North Carolina,Spring,90,23,3.6,1,Yes,1,Yes,1,Bank Transfer,2-Day Shipping,Monthly,4,0.7,High Engagement,0.6619897959183674,High Value,1,0
976,58,Male,Clothing,Washington,Summer,40,2,3.8,1,Yes,1,Yes,1,Bank Transfer,2-Day Shipping,Weekly,7,1.0,High Engagement,0.13520408163265307,Low Value,1,0
977,34,Male,Clothing,Florida,Fall,90,50,3.6,1,Yes,1,Yes,1,Credit Card,Express,Every 3 Months,3,0.6,Medium Engagement,0.9375,High Value,1,0
978,20,Male,Accessories,Washington,Spring,20,34,4.6,1,Yes,1,Yes,1,Cash,Express,Bi-Weekly,6,0.9,High Engagement,0.336734693877551,Low Value,1,1
979,56,Male,Accessories,Colorado,Summer,40,33,2.5,1,Yes,1,Yes,1,Credit Card,Standard,Weekly,7,1.0,High Engagement,0.45153061224489793,Mid Value,1,0
980,64,Male,Accessories,New Hampshire,Fall,33,34,3.5,1,Yes,1,Yes,1,Debit Card,Store Pickup,Monthly,4,0.7,High Engagement,0.417984693877551,Mid Value,1,0
981,56,Male,Footwear,Maryland,Spring,98,39,4.0,1,Yes,1,Yes,1,PayPal,Free Shipping,Every 3 Months,3,0.6,Medium Engagement,0.8752551020408164,High Value,1,1
982,27,Male,Accessories,Maryland,Spring,42,47,3.5,1,Yes,1,Yes,1,Credit Card,Next Day Air,Quarterly,3,0.6,Medium Engagement,0.6068877551020408,High Value,1,0
983,35,Male,Outerwear,Texas,Summer,62,37,3.2,1,Yes,1,Yes,1,PayPal,Standard,Monthly,4,0.7,High Engagement,0.6298469387755102,High Value,1,0
984,24,Male,Accessories,New Mexico,Winter,45,40,3.5,1,Yes,1,Yes,1,Venmo,Free Shipping,Bi-Weekly,6,0.9,High Engagement,0.5542091836734694,Mid Value,1,0
985,26,Male,Footwear,Utah,Summer,78,8,3.4,1,Yes,1,Yes,1,Credit Card,Free Shipping,Bi-Weekly,6,0.9,High Engagement,0.43392857142857144,Mid Value,1,0
986,32,Male,Accessories,West Virginia,Fall,80,12,5.0,1,Yes,1,Yes,1,Bank Transfer,Express,Annually,1,0.4,Medium Engagement,0.4872448979591837,Mid Value,1,1
987,54,Male,Accessories,Connecticut,Spring,96,36,4.5,1,Yes,1,Yes,1,Bank Transfer,Store Pickup,Monthly,4,0.7,High Engagement,0.8321428571428571,High Value,1,1
988,62,Male,Accessories,West Virginia,Summer,47,48,2.8,1,Yes,1,Yes,1,PayPal,Express,Weekly,7,1.0,High Engagement,0.6483418367346938,High Value,1,0
989,50,Male,Clothing,Ohio,Winter,84,47,4.9,1,Yes,1,Yes,1,PayPal,2-Day Shipping,Fortnightly,5,0.8,High Engagement,0.8693877551020408,High Value,1,1
990,70,Male,Footwear,Texas,Spring,31,2,3.1,1,Yes,1,Yes,1,Bank Transfer,Store Pickup,Monthly,4,0.7,High Engagement,0.07895408163265306,Low Value,1,0
991,48,Male,Accessories,Washington,Spring,63,24,4.8,1,Yes,1,Yes,1,Cash,Store Pickup,Weekly,7,1.0,High Engagement,0.5034438775510204,Mid Value,1,1
992,20,Male,Clothing,Wisconsin,Spring,97,40,2.7,1,Yes,1,Yes,1,Bank Transfer,Standard,Bi-Weekly,6,0.9,High Engagement,0.8792091836734695,High Value,1,0
993,46,Male,Outerwear,Louisiana,Winter,99,50,4.6,1,Yes,1,Yes,1,Debit Card,Express,Weekly,7,1.0,High Engagement,0.99375,High Value,1,1
994,51,Male,Footwear,Iowa,Winter,90,25,4.4,1,Yes,1,Yes,1,Cash,Store Pickup,Weekly,7,1.0,High Engagement,0.6823979591836735,High Value,1,1
995,53,Male,Footwear,New York,Fall,68,20,3.2,1,Yes,1,Yes,1,Debit Card,Express,Monthly,4,0.7,High Engagement,0.49387755102040815,Mid Value,1,0
996,44,Male,Accessories,Idaho,Spring,80,10,3.0,1,Yes,1,Yes,1,Venmo,2-Day Shipping,Weekly,7,1.0,High Engagement,0.46683673469387754,Mid Value,1,0
997,29,Male,Footwear,Delaware,Summer,91,32,4.9,1,Yes,1,Yes,1,Bank Transfer,Standard,Quarterly,3,0.6,Medium Engagement,0.7600765306122449,High Value,1,1
998,64,Male,Clothing,Kentucky,Spring,30,31,3.6,1,Yes,1,Yes,1,Cash,Express,Fortnightly,5,0.8,High Engagement,0.36862244897959184,Low Value,1,0
999,51,Male,Footwear,Connecticut,Spring,90,48,3.8,1,Yes,1,Yes,1,Bank Transfer,Next Day Air,Bi-Weekly,6,0.9,High Engagement,0.9170918367346939,High Value,1,0
1000,50,Male,Clothing,New Mexico,Spring,28,23,2.9,1,Yes,1,Yes,1,Debit Card,Standard,Monthly,4,0.7,High Engagement,0.27448979591836736,Low Value,1,0
1001,43,Male,Clothing,Georgia,Winter,46,1,3.9,1,Yes,1,Yes,1,Bank Transfer,Express,Bi-Weekly,6,0.9,High Engagement,0.1625,Low Value,1,0
1002,61,Male,Clothing,Washington,Fall,60,4,3.6,1,Yes,1,Yes,1,Debit Card,Standard,Fortnightly,5,0.8,High Engagement,0.28061224489795916,Low Value,1,0
1003,55,Male,Footwear,North Dakota,Spring,59,3,3.5,1,Yes,1,Yes,1,Bank Transfer,Store Pickup,Bi-Weekly,6,0.9,High Engagement,0.2641581632653061,Low Value,1,0
1004,56,Male,Accessories,Ohio,Fall,68,3,4.0,1,Yes,1,Yes,1,Cash,Store Pickup,Bi-Weekly,6,0.9,High Engagement,0.32040816326530613,Low Value,1,1
1005,33,Male,Accessories,Tennessee,Summer,79,44,4.8,1,Yes,1,Yes,1,Cash,2-Day Shipping,Annually,1,0.4,Medium Engagement,0.8075255102040817,High Value,1,1
1006,43,Male,Accessories,New York,Winter,94,5,3.9,1,Yes,1,Yes,1,Debit Card,Store Pickup,Bi-Weekly,6,0.9,High Engagement,0.5033163265306123,Mid Value,1,0
1007,21,Male,Clothing,Michigan,Summer,83,50,4.5,1,Yes,1,Yes,1,Venmo,Next Day Air,Quarterly,3,0.6,Medium Engagement,0.89375,High Value,1,1
1008,58,Male,Accessories,Georgia,Spring,62,2,4.8,1,Yes,1,Yes,1,Credit Card,Standard,Annually,1,0.4,Medium Engagement,0.2727040816326531,Low Value,1,1
1009,41,Male,Accessories,New Mexico,Spring,85,29,2.6,1,Yes,1,Yes,1,PayPal,Store Pickup,Annually,1,0.4,Medium Engagement,0.6919642857142857,High Value,1,0
1010,39,Male,Clothing,Louisiana,Summer,30,11,3.1,1,Yes,1,Yes,1,Venmo,Express,Annually,1,0.4,Medium Engagement,0.16454081632653061,Low Value,1,0
1011,54,Male,Clothing,South Dakota,Spring,24,37,4.7,1,Yes,1,Yes,1,Credit Card,2-Day Shipping,Fortnightly,5,0.8,High Engagement,0.39234693877551025,Low Value,1,1
1012,43,Male,Accessories,Montana,Spring,25,32,2.9,1,Yes,1,Yes,1,Debit Card,Next Day Air,Fortnightly,5,0.8,High Engagement,0.3475765306122449,Low Value,1,0
1013,28,Male,Footwear,New Mexico,Summer,37,27,3.8,1,Yes,1,Yes,1,Credit Card,Express,Annually,1,0.4,Medium Engagement,0.3715561224489796,Low Value,1,0
1014,59,Male,Accessories,South Carolina,Summer,69,31,3.8,1,Yes,1,Yes,1,Venmo,2-Day Shipping,Bi-Weekly,6,0.9,High Engagement,0.6123724489795919,High Value,1,0
1015,28,Male,Footwear,Ohio,Summer,97,36,3.0,1,Yes,1,Yes,1,Debit Card,Standard,Fortnightly,5,0.8,High Engagement,0.8383928571428572,High Value,1,0
1016,68,Male,Accessories,North Carolina,Summer,24,34,4.1,1,Yes,1,Yes,1,Cash,Standard,Weekly,7,1.0,High Engagement,0.36173469387755103,Low Value,1,1
1017,20,Male,Accessories,Idaho,Summer,30,15,3.4,1,Yes,1,Yes,1,Bank Transfer,Express,Every 3 Months,3,0.6,Medium Engagement,0.20535714285714285,Low Value,1,0
1018,21,Male,Outerwear,Oklahoma,Fall,53,14,2.5,1,Yes,1,Yes,1,Credit Card,Express,Annually,1,0.4,Medium Engagement,0.33890306122448977,Low Value,1,0
1019,50,Male,Clothing,Georgia,Spring,70,46,4.9,1,Yes,1,Yes,1,Cash,Next Day Air,Weekly,7,1.0,High Engagement,0.7716836734693877,High Value,1,1
1020,32,Male,Clothing,Kentucky,Winter,76,33,2.8,1,Yes,1,Yes,1,Venmo,Standard,Bi-Weekly,6,0.9,High Engagement,0.676530612244898,High Value,1,0
1021,24,Male,Accessories,Delaware,Fall,95,41,4.5,1,Yes,1,Yes,1,Debit Card,Express,Annually,1,0.4,Medium Engagement,0.8769132653061225,High Value,1,1
1022,55,Male,Outerwear,Massachusetts,Winter,51,39,4.9,1,Yes,1,Yes,1,PayPal,2-Day Shipping,Weekly,7,1.0,High Engagement,0.5815051020408163,Mid Value,1,1
1023,61,Male,Accessories,Nebraska,Winter,41,7,4.9,1,Yes,1,Yes,1,Cash,Store Pickup,Annually,1,0.4,Medium Engagement,0.19247448979591836,Low Value,1,1
1024,61,Male,Accessories,Maine,Winter,71,29,3.5,1,Yes,1,Yes,1,Bank Transfer,Free Shipping,Every 3 Months,3,0.6,Medium Engagement,0.6044642857142857,High Value,1,0
1025,28,Male,Clothing,Pennsylvania,Summer,66,18,3.5,1,Yes,1,Yes,1,Venmo,Free Shipping,Quarterly,3,0.6,Medium Engagement,0.460969387755102,Mid Value,1,0
1026,60,Male,Clothing,Nebraska,Winter,84,15,4.9,1,Yes,1,Yes,1,Credit Card,Free Shipping,Annually,1,0.4,Medium Engagement,0.5428571428571429,Mid Value,1,1
1027,49,Male,Accessories,Virginia,Winter,95,39,3.0,1,Yes,1,Yes,1,PayPal,Express,Bi-Weekly,6,0.9,High Engagement,0.8565051020408163,High Value,1,0
1028,33,Male,Accessories,Ohio,Summer,90,11,2.8,1,Yes,1,Yes,1,Cash,Next Day Air,Monthly,4,0.7,High Engagement,0.5395408163265306,Mid Value,1,0
1029,45,Male,Clothing,Nebraska,Summer,36,4,3.7,1,Yes,1,Yes,1,Cash,Standard,Fortnightly,5,0.8,High Engagement,0.1306122448979592,Low Value,1,0
1030,29,Male,Accessories,Ohio,Spring,22,33,3.6,1,Yes,1,Yes,1,Venmo,2-Day Shipping,Bi-Weekly,6,0.9,High Engagement,0.33903061224489794,Low Value,1,0
1031,58,Male,Outerwear,Kentucky,Winter,89,37,3.3,1,Yes,1,Yes,1,Debit Card,Next Day Air,Quarterly,3,0.6,Medium Engagement,0.7985969387755103,High Value,1,0
1032,22,Male,Footwear,Tennessee,Spring,50,32,3.4,1,Yes,1,Yes,1,Cash,Free Shipping,Quarterly,3,0.6,Medium Engagement,0.5038265306122449,Mid Value,1,0
1033,55,Male,Footwear,Maine,Fall,36,44,4.0,1,Yes,1,Yes,1,Credit Card,Free Shipping,Quarterly,3,0.6,Medium Engagement,0.5387755102040817,Mid Value,1,1
1034,19,Male,Clothing,Montana,Spring,52,41,4.6,1,Yes,1,Yes,1,Bank Transfer,Free Shipping,Quarterly,3,0.6,Medium Engagement,0.6081632653061224,High Value,1,1
1035,68,Male,Clothing,Maryland,Fall,29,44,4.2,1,Yes,1,Yes,1,Bank Transfer,Next Day Air,Weekly,7,1.0,High Engagement,0.49502551020408164,Mid Value,1,1
1036,61,Male,Clothing,Georgia,Fall,89,32,2.8,1,Yes,1,Yes,1,Venmo,Express,Annually,1,0.4,Medium Engagement,0.7475765306122449,High Value,1,0
1037,68,Male,Accessories,Hawaii,Fall,47,13,3.7,1,Yes,1,Yes,1,Bank Transfer,2-Day Shipping,Monthly,4,0.7,High Engagement,0.2911989795918367,Low Value,1,0
1038,52,Male,Accessories,Rhode Island,Spring,25,48,3.4,1,Yes,1,Yes,1,Debit Card,Standard,Quarterly,3,0.6,Medium Engagement,0.5108418367346939,Mid Value,1,0
1039,41,Male,Clothing,Nebraska,Fall,74,3,3.0,1,Yes,1,Yes,1,Bank Transfer,Express,Weekly,7,1.0,High Engagement,0.35790816326530617,Low Value,1,0
1040,29,Male,Accessories,Michigan,Fall,46,39,4.8,1,Yes,1,Yes,1,Venmo,Standard,Monthly,4,0.7,High Engagement,0.5502551020408163,Mid Value,1,1
1041,68,Male,Clothing,North Carolina,Fall,22,7,4.0,1,Yes,1,Yes,1,Cash,Next Day Air,Fortnightly,5,0.8,High Engagement,0.07372448979591836,Low Value,1,1
1042,36,Male,Clothing,Minnesota,Summer,25,11,4.9,1,Yes,1,Yes,1,Cash,Next Day Air,Fortnightly,5,0.8,High Engagement,0.13329081632653061,Low Value,1,1
1043,55,Male,Accessories,Maryland,Spring,80,47,4.9,1,Yes,1,Yes,1,Credit Card,Next Day Air,Weekly,7,1.0,High Engagement,0.8443877551020409,High Value,1,1
1044,28,Male,Clothing,Hawaii,Spring,76,28,3.3,1,Yes,1,Yes,1,Debit Card,2-Day Shipping,Fortnightly,5,0.8,High Engagement,0.6255102040816326,High Value,1,0
1045,39,Male,Clothing,Oregon,Summer,30,17,4.4,1,Yes,1,Yes,1,Bank Transfer,Next Day Air,Every 3 Months,3,0.6,Medium Engagement,0.22576530612244897,Low Value,1,1
1046,54,Male,Clothing,New Mexico,Fall,79,11,3.5,1,Yes,1,Yes,1,PayPal,2-Day Shipping,Bi-Weekly,6,0.9,High Engagement,0.47079081632653064,Mid Value,1,0
1047,40,Male,Footwear,Illinois,Winter,22,12,4.2,1,Yes,1,Yes,1,Venmo,Standard,Annually,1,0.4,Medium Engagement,0.12474489795918367,Low Value,1,1
1048,31,Male,Clothing,Utah,Fall,36,7,4.2,1,Yes,1,Yes,1,Credit Card,Standard,Fortnightly,5,0.8,High Engagement,0.16122448979591836,Low Value,1,1
1049,30,Male,Clothing,Maine,Fall,77,19,2.7,1,Yes,1,Yes,1,Venmo,Standard,Fortnightly,5,0.8,High Engagement,0.5399234693877552,Mid Value,1,0
1050,45,Male,Accessories,Virginia,Fall,33,24,2.8,1,Yes,1,Yes,1,Cash,Store Pickup,Quarterly,3,0.6,Medium Engagement,0.31594387755102044,Low Value,1,0
1051,48,Male,Footwear,Florida,Winter,64,19,3.8,1,Yes,1,Yes,1,Venmo,Next Day Air,Monthly,4,0.7,High Engagement,0.4586734693877551,Mid Value,1,0
1052,45,Male,Clothing,Ohio,Fall,53,39,2.6,1,Yes,1,Yes,1,PayPal,Free Shipping,Annually,1,0.4,Medium Engagement,0.5940051020408164,High Value,1,0
1053,60,Male,Footwear,Virginia,Fall,36,1,3.0,1,Yes,1,Yes,1,Credit Card,2-Day Shipping,Fortnightly,5,0.8,High Engagement,0.1,Low Value,1,0
1054,59,Male,Clothing,Kansas,Spring,70,10,3.3,1,No,0,Yes,1,Debit Card,2-Day Shipping,Bi-Weekly,6,0.5,Medium Engagement,0.40433673469387754,Mid Value,1,0
1055,18,Male,Clothing,Arkansas,Winter,96,48,4.9,1,No,0,Yes,1,PayPal,Express,Quarterly,3,0.19999999999999998,Low Engagement,0.9545918367346938,High Value,1,1
1056,70,Male,Outerwear,Massachusetts,Spring,27,24,3.3,1,No,0,Yes,1,Debit Card,Next Day Air,Annually,1,0.0,Low Engagement,0.2784438775510204,Low Value,1,0
1057,20,Male,Clothing,Idaho,Winter,64,42,2.9,1,No,0,Yes,1,Venmo,2-Day Shipping,Fortnightly,5,0.39999999999999997,Medium Engagement,0.6933673469387756,High Value,1,0
1058,65,Male,Outerwear,Wisconsin,Spring,23,20,4.4,1,No,0,Yes,1,Credit Card,2-Day Shipping,Weekly,7,0.6,Medium Engagement,0.21262755102040815,Low Value,1,1
1059,29,Male,Accessories,New Mexico,Summer,33,49,3.1,1,No,0,Yes,1,Bank Transfer,Next Day Air,Every 3 Months,3,0.19999999999999998,Low Engagement,0.571045918367347,Mid Value,1,0
1060,22,Male,Outerwear,North Carolina,Winter,34,25,2.5,1,No,0,Yes,1,Debit Card,Standard,Monthly,4,0.3,Low Engagement,0.33239795918367343,Low Value,1,0
1061,27,Male,Clothing,Iowa,Summer,35,21,2.6,1,No,0,Yes,1,Debit Card,Next Day Air,Every 3 Months,3,0.19999999999999998,Low Engagement,0.29783163265306123,Low Value,1,0
1062,36,Male,Outerwear,Idaho,Summer,62,12,4.4,1,No,0,Yes,1,Venmo,Free Shipping,Every 3 Months,3,0.19999999999999998,Low Engagement,0.3747448979591837,Low Value,1,1
1063,59,Male,Footwear,Ohio,Fall,75,21,2.6,1,No,0,Yes,1,Debit Card,Next Day Air,Every 3 Months,3,0.19999999999999998,Low Engagement,0.5478316326530612,Mid Value,1,0
1064,62,Male,Clothing,Alabama,Summer,29,35,3.3,1,No,0,Yes,1,Cash,Free Shipping,Monthly,4,0.3,Low Engagement,0.4031887755102041,Low Value,1,0
1065,34,Male,Accessories,Wyoming,Spring,28,42,3.5,1,No,0,Yes,1,Credit Card,Express,Every 3 Months,3,0.19999999999999998,Low Engagement,0.4683673469387755,Mid Value,1,0
1066,59,Male,Clothing,Alabama,Spring,20,3,4.1,1,No,0,Yes,1,PayPal,Store Pickup,Every 3 Months,3,0.19999999999999998,Low Engagement,0.02040816326530612,Low Value,1,1
1067,49,Male,Outerwear,Mississippi,Winter,96,11,4.0,1,No,0,Yes,1,PayPal,Store Pickup,Bi-Weekly,6,0.5,Medium Engagement,0.5770408163265306,Mid Value,1,1
1068,18,Male,Clothing,Pennsylvania,Summer,43,22,2.7,1,No,0,Yes,1,PayPal,2-Day Shipping,Quarterly,3,0.19999999999999998,Low Engagement,0.35803571428571423,Low Value,1,0
1069,55,Male,Clothing,Wyoming,Fall,94,47,2.5,1,No,0,Yes,1,Credit Card,Standard,Weekly,7,0.6,Medium Engagement,0.9318877551020408,High Value,1,0
1070,38,Male,Clothing,Maryland,Fall,81,33,4.3,1,No,0,Yes,1,Venmo,Next Day Air,Every 3 Months,3,0.19999999999999998,Low Engagement,0.707780612244898,High Value,1,1
1071,50,Male,Accessories,North Carolina,Summer,75,50,3.3,1,No,0,Yes,1,Debit Card,Free Shipping,Weekly,7,0.6,Medium Engagement,0.84375,High Value,1,0
1072,61,Male,Accessories,Pennsylvania,Summer,81,46,2.6,1,No,0,Yes,1,Credit Card,Express,Monthly,4,0.3,Low Engagement,0.8404336734693878,High Value,1,0
1073,48,Male,Clothing,Idaho,Fall,92,34,3.8,0,No,0,Yes,1,Debit Card,Express,Fortnightly,5,0.39999999999999997,Medium Engagement,0.786734693877551,High Value,1,0
1074,22,Male,Accessories,California,Spring,96,33,4.0,1,No,0,Yes,1,Credit Card,Store Pickup,Monthly,4,0.3,Low Engagement,0.801530612244898,High Value,1,1
1075,48,Male,Accessories,Tennessee,Fall,71,45,2.6,1,No,0,Yes,1,Bank Transfer,Standard,Fortnightly,5,0.39999999999999997,Medium Engagement,0.7677295918367346,High Value,1,0
1076,57,Male,Accessories,Missouri,Summer,50,32,4.9,1,No,0,Yes,1,Debit Card,Next Day Air,Bi-Weekly,6,0.5,Medium Engagement,0.5038265306122449,Mid Value,1,1
1077,33,Male,Outerwear,North Dakota,Spring,72,47,2.9,1,No,0,Yes,1,Venmo,Standard,Bi-Weekly,6,0.5,Medium Engagement,0.7943877551020408,High Value,1,0
1078,58,Male,Outerwear,West Virginia,Winter,28,5,3.7,1,No,0,Yes,1,PayPal,Standard,Quarterly,3,0.19999999999999998,Low Engagement,0.09081632653061225,Low Value,1,0
1079,37,Male,Clothing,Arizona,Fall,59,49,4.4,1,No,0,Yes,1,Credit Card,Express,Fortnightly,5,0.39999999999999997,Medium Engagement,0.733545918367347,High Value,1,1
1080,18,Male,Outerwear,Oklahoma,Summer,33,48,4.4,1,No,0,Yes,1,Bank Transfer,Free Shipping,Monthly,4,0.3,Low Engagement,0.5608418367346939,Mid Value,1,1
1081,65,Male,Accessories,Pennsylvania,Fall,59,22,3.8,1,No,0,Yes,1,Cash,Express,Every 3 Months,3,0.19999999999999998,Low Engagement,0.45803571428571427,Mid Value,1,0
1082,62,Male,Accessories,Idaho,Spring,30,45,4.5,1,No,0,Yes,1,Credit Card,Standard,Annually,1,0.0,Low Engagement,0.5114795918367347,Mid Value,1,1
1083,54,Male,Accessories,South Carolina,Winter,85,30,2.6,1,No,0,Yes,1,Venmo,Next Day Air,Quarterly,3,0.19999999999999998,Low Engagement,0.7021683673469388,High Value,1,0
1084,35,Male,Accessories,Washington,Summer,97,43,3.3,1,No,0,Yes,1,Cash,Store Pickup,Weekly,7,0.6,Medium Engagement,0.9098214285714286,High Value,1,0
1085,34,Male,Clothing,Arkansas,Fall,36,48,4.1,1,No,0,Yes,1,Cash,Next Day Air,Quarterly,3,0.19999999999999998,Low Engagement,0.5795918367346938,Mid Value,1,1
1086,25,Male,Accessories,Utah,Winter,85,23,3.0,1,No,0,Yes,1,Venmo,Store Pickup,Fortnightly,5,0.39999999999999997,Medium Engagement,0.6307397959183674,High Value,1,0
1087,53,Male,Accessories,Alaska,Winter,62,27,3.0,1,No,0,Yes,1,PayPal,Free Shipping,Bi-Weekly,6,0.5,Medium Engagement,0.5278061224489796,Mid Value,1,0
1088,45,Male,Clothing,West Virginia,Winter,71,7,3.4,1,No,0,Yes,1,Bank Transfer,Next Day Air,Monthly,4,0.3,Low Engagement,0.37997448979591836,Low Value,1,0
1089,49,Male,Clothing,Louisiana,Winter,21,2,2.7,1,No,0,Yes,1,PayPal,Free Shipping,Weekly,7,0.6,Medium Engagement,0.01645408163265306,Low Value,1,0
1090,40,Male,Accessories,Arizona,Spring,61,33,3.8,1,No,0,Yes,1,PayPal,Next Day Air,Bi-Weekly,6,0.5,Medium Engagement,0.582780612244898,Mid Value,1,0
1091,38,Male,Accessories,Connecticut,Spring,58,27,4.2,1,No,0,Yes,1,Cash,Store Pickup,Fortnightly,5,0.39999999999999997,Medium Engagement,0.5028061224489796,Mid Value,1,1
1092,44,Male,Clothing,North Carolina,Spring,80,6,4.7,1,No,0,Yes,1,Credit Card,Store Pickup,Fortnightly,5,0.39999999999999997,Medium Engagement,0.4260204081632653,Mid Value,1,1
1093,68,Male,Accessories,South Dakota,Spring,50,20,4.1,1,No,0,Yes,1,Venmo,2-Day Shipping,Quarterly,3,0.19999999999999998,Low Engagement,0.38137755102040816,Low Value,1,1
1094,60,Male,Footwear,Delaware,Winter,48,46,4.2,1,No,0,Yes,1,Venmo,2-Day Shipping,Every 3 Months,3,0.19999999999999998,Low Engagement,0.6341836734693878,High Value,1,1
1095,25,Male,Accessories,Connecticut,Winter,40,25,4.8,1,No,0,Yes,1,Cash,Next Day Air,Quarterly,3,0.19999999999999998,Low Engagement,0.36989795918367346,Low Value,1,1
1096,19,Male,Outerwear,Tennessee,Summer,34,30,3.0,1,No,0,Yes,1,Bank Transfer,Free Shipping,Quarterly,3,0.19999999999999998,Low Engagement,0.3834183673469388,Low Value,1,0
1097,57,Male,Outerwear,New Hampshire,Fall,46,48,2.6,1,No,0,Yes,1,Credit Card,Standard,Annually,1,0.0,Low Engagement,0.6420918367346938,High Value,1,0
1098,58,Male,Accessories,Vermont,Summer,27,47,3.2,1,No,0,Yes,1,Bank Transfer,Store Pickup,Weekly,7,0.6,Medium Engagement,0.5131377551020408,Mid Value,1,0
1099,49,Male,Accessories,Idaho,Spring,98,27,3.6,1,No,0,Yes,1,Credit Card,Next Day Air,Weekly,7,0.6,Medium Engagement,0.7528061224489796,High Value,1,0
1100,19,Male,Clothing,North Carolina,Fall,73,45,2.6,1,No,0,Yes,1,Bank Transfer,Next Day Air,Fortnightly,5,0.39999999999999997,Medium Engagement,0.7802295918367347,High Value,1,0
1101,50,Male,Clothing,Nevada,Spring,28,2,4.4,1,No,0,Yes,1,Credit Card,Express,Weekly,7,0.6,Medium Engagement,0.06020408163265306,Low Value,1,1
1102,30,Male,Accessories,Delaware,Fall,76,39,3.0,1,No,0,Yes,1,Cash,Free Shipping,Fortnightly,5,0.39999999999999997,Medium Engagement,0.7377551020408163,High Value,1,0
1103,52,Male,Clothing,Texas,Fall,83,24,2.9,1,No,0,Yes,1,Cash,Express,Fortnightly,5,0.39999999999999997,Medium Engagement,0.6284438775510204,High Value,1,0
1104,35,Male,Clothing,Tennessee,Spring,23,8,4.3,1,No,0,Yes,1,Debit Card,Free Shipping,Bi-Weekly,6,0.5,Medium Engagement,0.09017857142857143,Low Value,1,1
1105,35,Male,Accessories,Delaware,Fall,28,8,3.1,1,No,0,Yes,1,Bank Transfer,Express,Quarterly,3,0.19999999999999998,Low Engagement,0.12142857142857143,Low Value,1,0
1106,33,Male,Clothing,Massachusetts,Spring,83,6,3.0,1,No,0,Yes,1,Venmo,Next Day Air,Every 3 Months,3,0.19999999999999998,Low Engagement,0.4447704081632653,Mid Value,1,0
1107,52,Male,Clothing,Minnesota,Winter,96,12,3.6,1,No,0,Yes,1,Venmo,Store Pickup,Fortnightly,5,0.39999999999999997,Medium Engagement,0.5872448979591837,Mid Value,1,0
1108,69,Male,Footwear,Texas,Fall,62,26,2.8,1,No,0,Yes,1,Bank Transfer,Store Pickup,Weekly,7,0.6,Medium Engagement,0.5176020408163265,Mid Value,1,0
1109,27,Male,Clothing,Nebraska,Fall,25,50,2.8,1,No,0,Yes,1,Cash,Standard,Fortnightly,5,0.39999999999999997,Medium Engagement,0.53125,Mid Value,1,0
1110,66,Male,Clothing,Oklahoma,Winter,97,2,3.8,0,No,0,Yes,1,Venmo,Next Day Air,Weekly,7,0.6,Medium Engagement,0.4914540816326531,Mid Value,1,0
1111,28,Male,Clothing,Texas,Fall,61,31,3.0,1,No,0,Yes,1,Cash,Standard,Bi-Weekly,6,0.5,Medium Engagement,0.5623724489795918,Mid Value,1,0
1112,22,Male,Footwear,New York,Summer,66,4,4.1,1,No,0,Yes,1,Credit Card,Next Day Air,Bi-Weekly,6,0.5,Medium Engagement,0.31811224489795914,Low Value,1,1
1113,69,Male,Clothing,Washington,Spring,67,32,4.6,1,No,0,Yes,1,PayPal,Free Shipping,Quarterly,3,0.19999999999999998,Low Engagement,0.6100765306122449,High Value,1,1
1114,28,Male,Accessories,Maryland,Summer,80,11,4.8,1,No,0,Yes,1,PayPal,Next Day Air,Bi-Weekly,6,0.5,Medium Engagement,0.4770408163265306,Mid Value,1,1
1115,55,Male,Clothing,New Hampshire,Fall,25,47,2.6,1,No,0,Yes,1,Bank Transfer,Next Day Air,Every 3 Months,3,0.19999999999999998,Low Engagement,0.5006377551020409,Mid Value,1,0
1116,30,Male,Accessories,New York,Fall,58,37,4.0,1,No,0,Yes,1,Cash,2-Day Shipping,Weekly,7,0.6,Medium Engagement,0.6048469387755102,High Value,1,1
1117,67,Male,Accessories,Hawaii,Winter,96,39,4.2,1,No,0,Yes,1,PayPal,Express,Fortnightly,5,0.39999999999999997,Medium Engagement,0.8627551020408163,High Value,1,1
1118,25,Male,Accessories,California,Spring,77,24,4.5,1,No,0,Yes,1,Credit Card,Store Pickup,Monthly,4,0.3,Low Engagement,0.5909438775510204,High Value,1,1
1119,49,Male,Accessories,Indiana,Summer,65,11,4.9,1,No,0,Yes,1,PayPal,Standard,Every 3 Months,3,0.19999999999999998,Low Engagement,0.3832908163265306,Low Value,1,1
1120,34,Male,Accessories,Louisiana,Spring,36,36,3.1,1,No,0,Yes,1,Credit Card,Standard,Weekly,7,0.6,Medium Engagement,0.4571428571428572,Mid Value,1,0
1121,22,Male,Footwear,Pennsylvania,Winter,84,40,4.0,1,No,0,Yes,1,Debit Card,Next Day Air,Monthly,4,0.3,Low Engagement,0.7979591836734694,High Value,1,1
1122,63,Male,Clothing,Florida,Fall,58,25,3.2,1,No,0,Yes,1,Cash,Express,Quarterly,3,0.19999999999999998,Low Engagement,0.48239795918367345,Mid Value,1,0
1123,70,Male,Accessories,North Carolina,Spring,62,12,4.3,1,No,0,Yes,1,Credit Card,2-Day Shipping,Annually,1,0.0,Low Engagement,0.3747448979591837,Low Value,1,1
1124,36,Male,Accessories,Massachusetts,Fall,67,38,2.5,1,No,0,Yes,1,Cash,Store Pickup,Monthly,4,0.3,Low Engagement,0.6713010204081633,High Value,1,0
1125,42,Male,Clothing,Iowa,Spring,20,40,3.8,0,No,0,Yes,1,Cash,Express,Quarterly,3,0.19999999999999998,Low Engagement,0.3979591836734694,Low Value,1,0
1126,27,Male,Footwear,North Dakota,Summer,90,10,2.7,1,No,0,Yes,1,Bank Transfer,2-Day Shipping,Weekly,7,0.6,Medium Engagement,0.5293367346938775,Mid Value,1,0
1127,23,Male,Accessories,Iowa,Winter,58,47,3.4,1,No,0,Yes,1,Venmo,Standard,Fortnightly,5,0.39999999999999997,Medium Engagement,0.7068877551020408,High Value,1,0
1128,50,Male,Clothing,Delaware,Spring,53,22,4.8,1,No,0,Yes,1,Debit Card,Store Pickup,Monthly,4,0.3,Low Engagement,0.42053571428571423,Mid Value,1,1
1129,56,Male,Accessories,New York,Winter,30,35,4.7,1,No,0,Yes,1,Debit Card,Next Day Air,Monthly,4,0.3,Low Engagement,0.4094387755102041,Mid Value,1,1
1130,37,Male,Clothing,New Hampshire,Winter,65,46,4.7,1,No,0,Yes,1,Venmo,Express,Fortnightly,5,0.39999999999999997,Medium Engagement,0.7404336734693877,High Value,1,1
1131,67,Male,Accessories,Kentucky,Summer,41,30,3.9,1,No,0,Yes,1,PayPal,Standard,Bi-Weekly,6,0.5,Medium Engagement,0.42716836734693875,Mid Value,1,0
1132,67,Male,Clothing,Illinois,Spring,73,20,3.7,1,No,0,Yes,1,Bank Transfer,Express,Monthly,4,0.3,Low Engagement,0.5251275510204081,Mid Value,1,0
1133,50,Male,Clothing,North Carolina,Spring,98,25,4.3,1,No,0,Yes,1,Cash,Store Pickup,Fortnightly,5,0.39999999999999997,Medium Engagement,0.7323979591836735,High Value,1,1
1134,36,Male,Footwear,Connecticut,Winter,36,29,4.1,1,No,0,Yes,1,Cash,2-Day Shipping,Weekly,7,0.6,Medium Engagement,0.3857142857142857,Low Value,1,1
1135,62,Male,Clothing,Wisconsin,Summer,81,2,3.8,0,No,0,Yes,1,Venmo,Express,Every 3 Months,3,0.19999999999999998,Low Engagement,0.39145408163265305,Low Value,1,0
1136,65,Male,Clothing,Massachusetts,Winter,90,32,3.6,1,No,0,Yes,1,Bank Transfer,2-Day Shipping,Quarterly,3,0.19999999999999998,Low Engagement,0.7538265306122449,High Value,1,0
1137,23,Male,Accessories,Illinois,Summer,83,37,4.8,1,No,0,Yes,1,Cash,Free Shipping,Monthly,4,0.3,Low Engagement,0.7610969387755102,High Value,1,1
1138,46,Male,Clothing,New Mexico,Winter,91,16,2.8,1,No,0,Yes,1,Bank Transfer,2-Day Shipping,Every 3 Months,3,0.19999999999999998,Low Engagement,0.5968112244897958,High Value,1,0
1139,18,Male,Clothing,Iowa,Summer,36,32,4.7,1,No,0,Yes,1,Venmo,Express,Fortnightly,5,0.39999999999999997,Medium Engagement,0.4163265306122449,Mid Value,1,1
1140,58,Male,Outerwear,Alabama,Spring,53,42,3.9,1,No,0,Yes,1,Debit Card,Standard,Bi-Weekly,6,0.5,Medium Engagement,0.6246173469387755,High Value,1,0
1141,31,Male,Clothing,Maryland,Winter,39,6,2.6,1,No,0,Yes,1,Credit Card,Store Pickup,Every 3 Months,3,0.19999999999999998,Low Engagement,0.1697704081632653,Low Value,1,0
1142,39,Male,Accessories,Ohio,Winter,33,23,4.7,1,No,0,Yes,1,PayPal,Next Day Air,Fortnightly,5,0.39999999999999997,Medium Engagement,0.30573979591836736,Low Value,1,1
1143,69,Male,Clothing,Ohio,Spring,76,27,3.5,1,No,0,Yes,1,Venmo,Store Pickup,Bi-Weekly,6,0.5,Medium Engagement,0.6153061224489795,High Value,1,0
1144,68,Male,Footwear,Nevada,Winter,23,43,4.4,1,No,0,Yes,1,PayPal,Standard,Quarterly,3,0.19999999999999998,Low Engagement,0.44732142857142854,Mid Value,1,1
1145,41,Male,Clothing,South Carolina,Fall,54,25,4.4,1,No,0,Yes,1,Bank Transfer,2-Day Shipping,Fortnightly,5,0.39999999999999997,Medium Engagement,0.45739795918367343,Mid Value,1,1
1146,31,Male,Footwear,Nevada,Summer,89,30,3.0,1,No,0,Yes,1,Cash,Express,Every 3 Months,3,0.19999999999999998,Low Engagement,0.7271683673469388,High Value,1,0
1147,48,Male,Footwear,Wisconsin,Summer,38,7,4.2,1,No,0,Yes,1,Bank Transfer,Standard,Every 3 Months,3,0.19999999999999998,Low Engagement,0.17372448979591837,Low Value,1,1
1148,59,Male,Accessories,Tennessee,Winter,36,17,4.3,1,No,0,Yes,1,Debit Card,Next Day Air,Annually,1,0.0,Low Engagement,0.26326530612244897,Low Value,1,1
1149,34,Male,Clothing,Florida,Spring,66,10,2.6,1,No,0,Yes,1,PayPal,Store Pickup,Fortnightly,5,0.39999999999999997,Medium Engagement,0.3793367346938775,Low Value,1,0
1150,21,Male,Accessories,Georgia,Spring,42,40,3.3,1,No,0,Yes,1,Venmo,Store Pickup,Annually,1,0.0,Low Engagement,0.5354591836734695,Mid Value,1,0
1151,29,Male,Accessories,Kentucky,Winter,36,50,2.7,1,No,0,Yes,1,Venmo,Next Day Air,Bi-Weekly,6,0.5,Medium Engagement,0.6,High Value,1,0
1152,41,Male,Clothing,Ohio,Spring,86,24,3.8,0,No,0,Yes,1,Credit Card,Express,Weekly,7,0.6,Medium Engagement,0.6471938775510204,High Value,1,0
1153,62,Male,Accessories,Connecticut,Fall,49,8,4.0,1,No,0,Yes,1,PayPal,Standard,Every 3 Months,3,0.19999999999999998,Low Engagement,0.2526785714285714,Low Value,1,1
1154,27,Male,Clothing,Idaho,Summer,41,6,4.0,1,No,0,Yes,1,Bank Transfer,Free Shipping,Quarterly,3,0.19999999999999998,Low Engagement,0.1822704081632653,Low Value,1,1
1155,49,Male,Clothing,Georgia,Spring,82,44,2.9,1,No,0,Yes,1,Credit Card,2-Day Shipping,Bi-Weekly,6,0.5,Medium Engagement,0.8262755102040816,High Value,1,0
1156,67,Male,Clothing,Tennessee,Fall,53,47,2.6,1,No,0,Yes,1,PayPal,Express,Quarterly,3,0.19999999999999998,Low Engagement,0.6756377551020408,High Value,1,0
1157,20,Male,Footwear,Hawaii,Summer,21,6,4.8,1,No,0,Yes,1,Venmo,Express,Every 3 Months,3,0.19999999999999998,Low Engagement,0.057270408163265306,Low Value,1,1
1158,37,Male,Accessories,Maryland,Fall,66,11,4.4,1,No,0,Yes,1,Cash,Standard,Quarterly,3,0.19999999999999998,Low Engagement,0.3895408163265306,Low Value,1,1
1159,69,Male,Accessories,Nevada,Summer,89,41,4.0,1,No,0,Yes,1,Bank Transfer,2-Day Shipping,Annually,1,0.0,Low Engagement,0.8394132653061225,High Value,1,1
1160,66,Male,Accessories,New Hampshire,Fall,55,46,3.6,1,No,0,Yes,1,Venmo,2-Day Shipping,Every 3 Months,3,0.19999999999999998,Low Engagement,0.6779336734693877,High Value,1,0
1161,37,Male,Accessories,North Dakota,Summer,42,9,3.2,1,No,0,Yes,1,Venmo,Next Day Air,Bi-Weekly,6,0.5,Medium Engagement,0.21913265306122448,Low Value,1,0
1162,63,Male,Clothing,Oklahoma,Fall,52,37,3.1,1,No,0,Yes,1,PayPal,2-Day Shipping,Monthly,4,0.3,Low Engagement,0.5673469387755102,Mid Value,1,0
1163,47,Male,Footwear,North Carolina,Winter,92,13,4.2,1,No,0,Yes,1,PayPal,Express,Weekly,7,0.6,Medium Engagement,0.5724489795918367,Mid Value,1,1
1164,26,Male,Clothing,Tennessee,Summer,56,24,3.0,1,No,0,Yes,1,Debit Card,2-Day Shipping,Monthly,4,0.3,Low Engagement,0.4596938775510204,Mid Value,1,0
1165,68,Male,Clothing,Montana,Winter,96,47,4.2,1,No,0,Yes,1,PayPal,Standard,Quarterly,3,0.19999999999999998,Low Engagement,0.9443877551020408,High Value,1,1
1166,51,Male,Clothing,Wisconsin,Winter,64,21,2.9,1,No,0,Yes,1,Venmo,Next Day Air,Every 3 Months,3,0.19999999999999998,Low Engagement,0.47908163265306125,Mid Value,1,0
1167,48,Male,Clothing,Connecticut,Winter,48,22,3.7,1,No,0,Yes,1,Venmo,Store Pickup,Fortnightly,5,0.39999999999999997,Medium Engagement,0.38928571428571423,Low Value,1,0
1168,60,Male,Clothing,New Jersey,Summer,83,16,3.6,1,No,0,Yes,1,PayPal,Free Shipping,Quarterly,3,0.19999999999999998,Low Engagement,0.5468112244897959,Mid Value,1,0
1169,68,Male,Accessories,Mississippi,Summer,91,37,3.6,1,No,0,Yes,1,Debit Card,Standard,Fortnightly,5,0.39999999999999997,Medium Engagement,0.8110969387755103,High Value,1,0
1170,25,Male,Accessories,Wyoming,Fall,94,3,4.5,1,No,0,Yes,1,Cash,2-Day Shipping,Annually,1,0.0,Low Engagement,0.48290816326530617,Mid Value,1,1
1171,57,Male,Clothing,Illinois,Spring,62,33,3.2,1,No,0,Yes,1,Cash,Express,Bi-Weekly,6,0.5,Medium Engagement,0.5890306122448979,High Value,1,0
1172,41,Male,Clothing,Louisiana,Spring,55,15,3.9,1,No,0,Yes,1,Debit Card,Next Day Air,Annually,1,0.0,Low Engagement,0.36160714285714285,Low Value,1,0
1173,59,Male,Outerwear,Oregon,Spring,68,42,4.6,1,No,0,Yes,1,Bank Transfer,Store Pickup,Bi-Weekly,6,0.5,Medium Engagement,0.7183673469387755,High Value,1,1
1174,44,Male,Accessories,South Dakota,Winter,76,42,2.5,1,No,0,Yes,1,Cash,Express,Bi-Weekly,6,0.5,Medium Engagement,0.7683673469387755,High Value,1,0
1175,42,Male,Accessories,Michigan,Winter,31,19,4.3,1,No,0,Yes,1,Bank Transfer,Express,Bi-Weekly,6,0.5,Medium Engagement,0.2524234693877551,Low Value,1,1
1176,35,Male,Accessories,New Jersey,Spring,81,26,4.1,1,No,0,Yes,1,PayPal,Store Pickup,Quarterly,3,0.19999999999999998,Low Engagement,0.6363520408163266,High Value,1,1
1177,36,Male,Clothing,Oregon,Winter,83,39,3.8,0,No,0,Yes,1,PayPal,Free Shipping,Quarterly,3,0.19999999999999998,Low Engagement,0.7815051020408164,High Value,1,0
1178,54,Male,Clothing,Iowa,Spring,21,24,4.8,1,No,0,Yes,1,Debit Card,Standard,Monthly,4,0.3,Low Engagement,0.24094387755102042,Low Value,1,1
1179,37,Male,Clothing,South Carolina,Spring,22,23,4.9,1,No,0,Yes,1,Debit Card,Express,Annually,1,0.0,Low Engagement,0.23698979591836736,Low Value,1,1
1180,20,Male,Clothing,Indiana,Summer,33,44,2.8,1,No,0,Yes,1,Bank Transfer,Free Shipping,Annually,1,0.0,Low Engagement,0.5200255102040816,Mid Value,1,0
1181,23,Male,Clothing,Oregon,Spring,23,34,4.9,1,No,0,Yes,1,Cash,Standard,Monthly,4,0.3,Low Engagement,0.355484693877551,Low Value,1,1
1182,61,Male,Clothing,New York,Summer,96,43,3.5,1,No,0,Yes,1,Bank Transfer,Free Shipping,Quarterly,3,0.19999999999999998,Low Engagement,0.9035714285714285,High Value,1,0
1183,37,Male,Accessories,New Mexico,Spring,21,45,3.8,1,No,0,Yes,1,PayPal,Express,Quarterly,3,0.19999999999999998,Low Engagement,0.45522959183673467,Mid Value,1,0
1184,23,Male,Clothing,Louisiana,Spring,39,4,4.5,1,No,0,Yes,1,Credit Card,2-Day Shipping,Weekly,7,0.6,Medium Engagement,0.14936224489795918,Low Value,1,1
1185,63,Male,Accessories,South Carolina,Fall,73,19,3.4,1,No,0,Yes,1,Credit Card,Express,Annually,1,0.0,Low Engagement,0.5149234693877551,Mid Value,1,0
1186,47,Male,Clothing,Maine,Spring,64,29,3.9,1,No,0,Yes,1,Credit Card,Standard,Monthly,4,0.3,Low Engagement,0.5607142857142857,Mid Value,1,0
1187,63,Male,Clothing,Indiana,Summer,68,27,4.1,1,No,0,Yes,1,Credit Card,2-Day Shipping,Annually,1,0.0,Low Engagement,0.5653061224489796,Mid Value,1,1
1188,56,Male,Accessories,Iowa,Fall,89,37,3.0,1,No,0,Yes,1,Credit Card,Express,Every 3 Months,3,0.19999999999999998,Low Engagement,0.7985969387755103,High Value,1,0
1189,68,Male,Clothing,Mississippi,Summer,29,11,3.3,1,No,0,Yes,1,Credit Card,Next Day Air,Weekly,7,0.6,Medium Engagement,0.1582908163265306,Low Value,1,0
1190,64,Male,Clothing,Arkansas,Summer,97,28,3.8,0,No,0,Yes,1,Debit Card,Free Shipping,Annually,1,0.0,Low Engagement,0.7567602040816326,High Value,1,0
1191,62,Male,Clothing,South Carolina,Winter,45,31,4.3,1,No,0,Yes,1,Credit Card,Next Day Air,Weekly,7,0.6,Medium Engagement,0.46237244897959184,Mid Value,1,1
1192,34,Male,Clothing,Indiana,Winter,70,50,4.1,1,No,0,Yes,1,Venmo,Free Shipping,Quarterly,3,0.19999999999999998,Low Engagement,0.8125,High Value,1,1
1193,49,Male,Outerwear,Florida,Summer,56,42,4.0,1,No,0,Yes,1,Venmo,2-Day Shipping,Quarterly,3,0.19999999999999998,Low Engagement,0.6433673469387755,High Value,1,1
1194,40,Male,Outerwear,Alaska,Fall,55,18,5.0,1,No,0,Yes,1,Credit Card,2-Day Shipping,Fortnightly,5,0.39999999999999997,Medium Engagement,0.392219387755102,Low Value,1,1
1195,50,Male,Clothing,New York,Winter,46,6,3.1,1,No,0,Yes,1,Credit Card,2-Day Shipping,Fortnightly,5,0.39999999999999997,Medium Engagement,0.2135204081632653,Low Value,1,0
1196,25,Male,Accessories,Texas,Winter,95,33,4.0,1,No,0,Yes,1,Venmo,2-Day Shipping,Monthly,4,0.3,Low Engagement,0.7952806122448979,High Value,1,1
1197,30,Male,Accessories,North Dakota,Winter,88,13,3.2,1,No,0,Yes,1,Bank Transfer,2-Day Shipping,Bi-Weekly,6,0.5,Medium Engagement,0.5474489795918367,Mid Value,1,0
1198,54,Male,Footwear,Vermont,Fall,92,26,3.9,1,No,0,Yes,1,PayPal,Standard,Annually,1,0.0,Low Engagement,0.7051020408163265,High Value,1,0
1199,40,Male,Clothing,New Jersey,Summer,49,17,3.9,1,No,0,Yes,1,Cash,2-Day Shipping,Annually,1,0.0,Low Engagement,0.34451530612244896,Low Value,1,0
1200,49,Male,Footwear,Maryland,Fall,89,3,4.5,1,No,0,Yes,1,Debit Card,Free Shipping,Weekly,7,0.6,Medium Engagement,0.45165816326530617,Mid Value,1,1
1201,27,Male,Outerwear,Connecticut,Winter,22,7,4.4,1,No,0,Yes,1,PayPal,Store Pickup,Weekly,7,0.6,Medium Engagement,0.07372448979591836,Low Value,1,1
1202,27,Male,Footwear,Illinois,Summer,61,46,3.1,1,No,0,Yes,1,Venmo,2-Day Shipping,Fortnightly,5,0.39999999999999997,Medium Engagement,0.7154336734693878,High Value,1,0
1203,48,Male,Accessories,Maryland,Spring,29,14,2.9,1,No,0,Yes,1,Venmo,Standard,Every 3 Months,3,0.19999999999999998,Low Engagement,0.1889030612244898,Low Value,1,0
1204,40,Male,Footwear,Minnesota,Winter,82,23,3.7,1,No,0,Yes,1,Bank Transfer,Free Shipping,Annually,1,0.0,Low Engagement,0.6119897959183673,High Value,1,0
1205,67,Male,Accessories,Florida,Spring,94,20,3.2,1,No,0,Yes,1,Credit Card,2-Day Shipping,Every 3 Months,3,0.19999999999999998,Low Engagement,0.6563775510204082,High Value,1,0
1206,52,Male,Accessories,California,Spring,99,38,3.5,1,No,0,Yes,1,Bank Transfer,Standard,Fortnightly,5,0.39999999999999997,Medium Engagement,0.8713010204081633,High Value,1,0
1207,22,Male,Accessories,Mississippi,Fall,59,16,3.0,1,No,0,Yes,1,Venmo,Free Shipping,Every 3 Months,3,0.19999999999999998,Low Engagement,0.3968112244897959,Low Value,1,0
1208,62,Male,Footwear,Washington,Summer,90,48,4.1,1,No,0,Yes,1,Credit Card,Next Day Air,Every 3 Months,3,0.19999999999999998,Low Engagement,0.9170918367346939,High Value,1,1
1209,20,Male,Footwear,Wisconsin,Winter,100,8,3.8,0,No,0,Yes,1,Debit Card,2-Day Shipping,Annually,1,0.0,Low Engagement,0.5714285714285714,Mid Value,1,0
1210,41,Male,Clothing,Pennsylvania,Winter,62,16,3.8,1,No,0,Yes,1,Bank Transfer,Next Day Air,Monthly,4,0.3,Low Engagement,0.41556122448979593,Mid Value,1,0
1211,34,Male,Accessories,Missouri,Fall,78,5,4.1,1,No,0,Yes,1,Cash,Next Day Air,Quarterly,3,0.19999999999999998,Low Engagement,0.4033163265306122,Low Value,1,1
1212,23,Male,Clothing,Oklahoma,Spring,94,14,4.6,1,No,0,Yes,1,Venmo,Store Pickup,Every 3 Months,3,0.19999999999999998,Low Engagement,0.5951530612244899,High Value,1,1
1213,32,Male,Footwear,Pennsylvania,Summer,74,18,2.5,1,No,0,Yes,1,Credit Card,Free Shipping,Weekly,7,0.6,Medium Engagement,0.510969387755102,Mid Value,1,0
1214,68,Male,Accessories,Kentucky,Spring,52,14,3.7,1,No,0,Yes,1,Debit Card,Express,Every 3 Months,3,0.19999999999999998,Low Engagement,0.3326530612244898,Low Value,1,0
1215,30,Male,Outerwear,Vermont,Fall,81,5,3.8,1,No,0,Yes,1,Cash,Free Shipping,Every 3 Months,3,0.19999999999999998,Low Engagement,0.4220663265306122,Mid Value,1,0
1216,66,Male,Clothing,Oregon,Winter,20,15,2.6,1,No,0,Yes,1,Credit Card,2-Day Shipping,Every 3 Months,3,0.19999999999999998,Low Engagement,0.14285714285714285,Low Value,1,0
1217,62,Male,Clothing,Utah,Summer,32,3,3.7,1,No,0,Yes,1,Venmo,Free Shipping,Every 3 Months,3,0.19999999999999998,Low Engagement,0.09540816326530611,Low Value,1,0
1218,50,Male,Footwear,Nebraska,Fall,63,12,2.6,1,No,0,Yes,1,Cash,Free Shipping,Every 3 Months,3,0.19999999999999998,Low Engagement,0.3809948979591837,Low Value,1,0
1219,55,Male,Footwear,Pennsylvania,Spring,79,43,3.1,1,No,0,Yes,1,Cash,Store Pickup,Every 3 Months,3,0.19999999999999998,Low Engagement,0.7973214285714285,High Value,1,0
1220,19,Male,Clothing,Vermont,Winter,23,35,2.5,1,No,0,Yes,1,Credit Card,Next Day Air,Bi-Weekly,6,0.5,Medium Engagement,0.36568877551020407,Low Value,1,0
1221,67,Male,Accessories,Kentucky,Winter,64,36,3.8,0,No,0,Yes,1,Bank Transfer,Express,Quarterly,3,0.19999999999999998,Low Engagement,0.6321428571428571,High Value,1,0
1222,18,Male,Clothing,Iowa,Winter,69,3,4.5,1,No,0,Yes,1,Cash,Standard,Quarterly,3,0.19999999999999998,Low Engagement,0.32665816326530617,Low Value,1,1
1223,58,Male,Clothing,Indiana,Fall,69,27,3.4,1,No,0,Yes,1,Bank Transfer,Store Pickup,Annually,1,0.0,Low Engagement,0.5715561224489796,Mid Value,1,0
1224,69,Male,Clothing,Kansas,Winter,24,21,3.9,1,No,0,Yes,1,Bank Transfer,Free Shipping,Weekly,7,0.6,Medium Engagement,0.22908163265306122,Low Value,1,0
1225,62,Male,Clothing,Illinois,Summer,50,18,3.7,1,No,0,Yes,1,Venmo,Store Pickup,Weekly,7,0.6,Medium Engagement,0.360969387755102,Low Value,1,0
1226,28,Male,Accessories,North Carolina,Fall,97,16,2.6,1,No,0,Yes,1,Debit Card,Free Shipping,Weekly,7,0.6,Medium Engagement,0.6343112244897959,High Value,1,0
1227,53,Male,Footwear,Ohio,Fall,91,18,3.4,1,No,0,Yes,1,Venmo,Store Pickup,Bi-Weekly,6,0.5,Medium Engagement,0.617219387755102,High Value,1,0
1228,27,Male,Clothing,Illinois,Spring,37,19,4.9,1,No,0,Yes,1,Bank Transfer,Store Pickup,Bi-Weekly,6,0.5,Medium Engagement,0.2899234693877551,Low Value,1,1
1229,55,Male,Outerwear,Indiana,Winter,55,1,3.9,1,No,0,Yes,1,Cash,Express,Annually,1,0.0,Low Engagement,0.21875,Low Value,1,0
1230,34,Male,Accessories,Kansas,Winter,52,39,3.6,1,No,0,Yes,1,Bank Transfer,Express,Annually,1,0.0,Low Engagement,0.5877551020408163,Mid Value,1,0
1231,25,Male,Accessories,Illinois,Spring,80,49,3.8,0,No,0,Yes,1,Venmo,Standard,Monthly,4,0.3,Low Engagement,0.8647959183673469,High Value,1,0
1232,66,Male,Clothing,Pennsylvania,Spring,79,43,4.0,1,No,0,Yes,1,Credit Card,2-Day Shipping,Fortnightly,5,0.39999999999999997,Medium Engagement,0.7973214285714285,High Value,1,1
1233,57,Male,Accessories,New York,Summer,23,31,3.6,1,No,0,Yes,1,Debit Card,Free Shipping,Every 3 Months,3,0.19999999999999998,Low Engagement,0.32487244897959183,Low Value,1,0
1234,46,Male,Clothing,Utah,Winter,73,40,3.5,1,No,0,Yes,1,Venmo,Next Day Air,Every 3 Months,3,0.19999999999999998,Low Engagement,0.7292091836734693,High Value,1,0
1235,38,Male,Accessories,New Jersey,Fall,99,2,4.1,1,No,0,Yes,1,Bank Transfer,Store Pickup,Bi-Weekly,6,0.5,Medium Engagement,0.5039540816326531,Mid Value,1,1
1236,23,Male,Clothing,Idaho,Spring,22,46,3.0,1,No,0,Yes,1,PayPal,Store Pickup,Every 3 Months,3,0.19999999999999998,Low Engagement,0.4716836734693878,Mid Value,1,0
1237,42,Male,Accessories,New Mexico,Summer,68,35,4.4,1,No,0,Yes,1,Debit Card,Store Pickup,Every 3 Months,3,0.19999999999999998,Low Engagement,0.6469387755102041,High Value,1,1
1238,25,Male,Clothing,Michigan,Spring,92,42,4.4,1,No,0,Yes,1,Credit Card,2-Day Shipping,Quarterly,3,0.19999999999999998,Low Engagement,0.8683673469387756,High Value,1,1
1239,55,Male,Clothing,Wyoming,Winter,77,3,3.7,1,No,0,Yes,1,Venmo,Express,Fortnightly,5,0.39999999999999997,Medium Engagement,0.37665816326530616,Low Value,1,0
1240,62,Male,Outerwear,New Jersey,Spring,37,32,4.8,1,No,0,Yes,1,Debit Card,Standard,Every 3 Months,3,0.19999999999999998,Low Engagement,0.4225765306122449,Mid Value,1,1
1241,41,Male,Accessories,New Jersey,Winter,79,48,2.9,1,No,0,Yes,1,Debit Card,Store Pickup,Annually,1,0.0,Low Engagement,0.8483418367346939,High Value,1,0
1242,58,Male,Clothing,Hawaii,Winter,51,34,3.1,1,No,0,Yes,1,Credit Card,Express,Weekly,7,0.6,Medium Engagement,0.530484693877551,Mid Value,1,0
1243,56,Male,Clothing,Nevada,Summer,27,15,4.0,1,No,0,Yes,1,Bank Transfer,Next Day Air,Quarterly,3,0.19999999999999998,Low Engagement,0.18660714285714286,Low Value,1,1
1244,25,Male,Clothing,New Hampshire,Spring,23,22,3.0,1,No,0,Yes,1,Debit Card,Store Pickup,Annually,1,0.0,Low Engagement,0.23303571428571426,Low Value,1,0
1245,70,Male,Clothing,Indiana,Summer,76,2,3.9,1,No,0,Yes,1,Cash,2-Day Shipping,Monthly,4,0.3,Low Engagement,0.36020408163265305,Low Value,1,0
1246,42,Male,Clothing,New York,Fall,31,30,3.4,1,No,0,Yes,1,Bank Transfer,Standard,Weekly,7,0.6,Medium Engagement,0.36466836734693875,Low Value,1,0
1247,27,Male,Clothing,Louisiana,Winter,60,27,2.7,1,No,0,Yes,1,Cash,Standard,Monthly,4,0.3,Low Engagement,0.5153061224489797,Mid Value,1,0
1248,65,Male,Clothing,Virginia,Spring,99,18,3.8,0,No,0,Yes,1,Venmo,Express,Bi-Weekly,6,0.5,Medium Engagement,0.667219387755102,High Value,1,0
1249,62,Male,Accessories,Wisconsin,Winter,37,8,3.0,1,No,0,Yes,1,Credit Card,Free Shipping,Annually,1,0.0,Low Engagement,0.1776785714285714,Low Value,1,0
1250,62,Male,Footwear,Oregon,Winter,50,48,4.5,1,No,0,Yes,1,Venmo,Express,Fortnightly,5,0.39999999999999997,Medium Engagement,0.6670918367346939,High Value,1,1
1251,52,Male,Clothing,New Hampshire,Winter,26,24,4.1,1,No,0,Yes,1,Cash,Free Shipping,Monthly,4,0.3,Low Engagement,0.2721938775510204,Low Value,1,1
1252,56,Male,Clothing,Indiana,Spring,86,43,5.0,1,No,0,Yes,1,Credit Card,Next Day Air,Monthly,4,0.3,Low Engagement,0.8410714285714285,High Value,1,1
1253,28,Male,Footwear,Massachusetts,Fall,41,8,4.0,1,No,0,Yes,1,Cash,Standard,Quarterly,3,0.19999999999999998,Low Engagement,0.20267857142857143,Low Value,1,1
1254,39,Male,Footwear,Montana,Winter,23,49,4.9,1,No,0,Yes,1,PayPal,Express,Annually,1,0.0,Low Engagement,0.508545918367347,Mid Value,1,1
1255,54,Male,Footwear,California,Spring,56,2,3.3,1,No,0,Yes,1,Credit Card,2-Day Shipping,Bi-Weekly,6,0.5,Medium Engagement,0.23520408163265308,Low Value,1,0
1256,30,Male,Accessories,Indiana,Fall,68,38,4.1,1,No,0,Yes,1,Cash,Standard,Fortnightly,5,0.39999999999999997,Medium Engagement,0.6775510204081632,High Value,1,1
1257,45,Male,Outerwear,West Virginia,Winter,48,4,3.6,1,No,0,Yes,1,Cash,Express,Fortnightly,5,0.39999999999999997,Medium Engagement,0.20561224489795918,Low Value,1,0
1258,68,Male,Clothing,Minnesota,Spring,67,31,3.0,1,No,0,Yes,1,Cash,Free Shipping,Every 3 Months,3,0.19999999999999998,Low Engagement,0.5998724489795919,High Value,1,0
1259,47,Male,Footwear,Ohio,Spring,87,34,4.1,1,No,0,Yes,1,Debit Card,2-Day Shipping,Every 3 Months,3,0.19999999999999998,Low Engagement,0.755484693877551,High Value,1,1
1260,68,Male,Clothing,Minnesota,Fall,64,45,3.9,1,No,0,Yes,1,Credit Card,Standard,Monthly,4,0.3,Low Engagement,0.7239795918367347,High Value,1,0
1261,63,Male,Clothing,Virginia,Spring,93,30,4.1,1,No,0,Yes,1,Debit Card,Store Pickup,Quarterly,3,0.19999999999999998,Low Engagement,0.7521683673469388,High Value,1,1
1262,20,Male,Clothing,Connecticut,Summer,29,2,2.8,1,No,0,Yes,1,Credit Card,Next Day Air,Fortnightly,5,0.39999999999999997,Medium Engagement,0.06645408163265307,Low Value,1,0
1263,29,Male,Footwear,Tennessee,Winter,62,44,4.8,1,No,0,Yes,1,Venmo,Store Pickup,Monthly,4,0.3,Low Engagement,0.7012755102040816,High Value,1,1
1264,41,Male,Clothing,Delaware,Winter,70,1,4.6,1,No,0,Yes,1,Credit Card,2-Day Shipping,Bi-Weekly,6,0.5,Medium Engagement,0.3125,Low Value,1,1
1265,52,Male,Clothing,Vermont,Winter,92,1,2.5,1,No,0,Yes,1,Venmo,Next Day Air,Bi-Weekly,6,0.5,Medium Engagement,0.45,Mid Value,1,0
1266,32,Male,Clothing,Louisiana,Spring,79,27,2.7,1,No,0,Yes,1,Bank Transfer,Next Day Air,Weekly,7,0.6,Medium Engagement,0.6340561224489796,High Value,1,0
1267,20,Male,Clothing,North Dakota,Fall,31,14,4.0,1,No,0,Yes,1,Debit Card,Standard,Every 3 Months,3,0.19999999999999998,Low Engagement,0.2014030612244898,Low Value,1,1
1268,47,Male,Clothing,Oregon,Spring,83,41,2.7,1,No,0,Yes,1,Cash,Standard,Weekly,7,0.6,Medium Engagement,0.8019132653061225,High Value,1,0
1269,23,Male,Outerwear,Idaho,Winter,88,25,2.9,1,No,0,Yes,1,Debit Card,Next Day Air,Bi-Weekly,6,0.5,Medium Engagement,0.6698979591836735,High Value,1,0
1270,43,Male,Accessories,Vermont,Spring,53,47,3.0,1,No,0,Yes,1,PayPal,Standard,Quarterly,3,0.19999999999999998,Low Engagement,0.6756377551020408,High Value,1,0
1271,67,Male,Clothing,West Virginia,Fall,98,20,3.3,1,No,0,Yes,1,Cash,Standard,Annually,1,0.0,Low Engagement,0.6813775510204081,High Value,1,0
1272,70,Male,Accessories,Kentucky,Spring,57,42,4.3,1,No,0,Yes,1,PayPal,Store Pickup,Annually,1,0.0,Low Engagement,0.6496173469387756,High Value,1,1
1273,35,Male,Footwear,Wisconsin,Winter,80,16,4.4,1,No,0,Yes,1,Bank Transfer,Express,Monthly,4,0.3,Low Engagement,0.528061224489796,Mid Value,1,1
1274,41,Male,Clothing,Mississippi,Spring,29,32,4.1,1,No,0,Yes,1,Credit Card,Next Day Air,Every 3 Months,3,0.19999999999999998,Low Engagement,0.37257653061224494,Low Value,1,1
1275,54,Male,Accessories,Missouri,Spring,73,37,3.1,1,No,0,Yes,1,PayPal,2-Day Shipping,Quarterly,3,0.19999999999999998,Low Engagement,0.6985969387755102,High Value,1,0
1276,55,Male,Clothing,Arkansas,Fall,32,1,4.5,1,No,0,Yes,1,PayPal,Standard,Monthly,4,0.3,Low Engagement,0.075,Low Value,1,1
1277,51,Male,Footwear,Wyoming,Spring,68,37,4.8,1,No,0,Yes,1,Bank Transfer,Next Day Air,Weekly,7,0.6,Medium Engagement,0.6673469387755102,High Value,1,1
1278,19,Male,Clothing,Rhode Island,Spring,97,5,5.0,1,No,0,Yes,1,Venmo,Express,Quarterly,3,0.19999999999999998,Low Engagement,0.5220663265306122,Mid Value,1,1
1279,28,Male,Clothing,Utah,Fall,98,31,2.8,1,No,0,Yes,1,Venmo,Next Day Air,Fortnightly,5,0.39999999999999997,Medium Engagement,0.7936224489795918,High Value,1,0
1280,63,Male,Clothing,Maryland,Fall,56,18,3.7,1,No,0,Yes,1,Debit Card,Express,Annually,1,0.0,Low Engagement,0.39846938775510204,Low Value,1,0
1281,30,Male,Clothing,Georgia,Winter,78,39,4.4,1,No,0,Yes,1,Venmo,2-Day Shipping,Every 3 Months,3,0.19999999999999998,Low Engagement,0.7502551020408164,High Value,1,1
1282,29,Male,Accessories,New Jersey,Spring,81,8,4.5,1,No,0,Yes,1,Venmo,Store Pickup,Bi-Weekly,6,0.5,Medium Engagement,0.4526785714285714,Mid Value,1,1
1283,24,Male,Clothing,New Hampshire,Winter,68,20,3.0,1,No,0,Yes,1,Venmo,Free Shipping,Monthly,4,0.3,Low Engagement,0.49387755102040815,Mid Value,1,0
1284,69,Male,Clothing,Oregon,Winter,94,23,3.9,1,No,0,Yes,1,Debit Card,2-Day Shipping,Every 3 Months,3,0.19999999999999998,Low Engagement,0.6869897959183674,High Value,1,0
1285,65,Male,Clothing,Arkansas,Spring,93,38,3.9,1,No,0,Yes,1,PayPal,Express,Fortnightly,5,0.39999999999999997,Medium Engagement,0.8338010204081632,High Value,1,0
1286,64,Male,Accessories,North Carolina,Fall,99,45,3.5,1,No,0,Yes,1,Bank Transfer,Next Day Air,Fortnightly,5,0.39999999999999997,Medium Engagement,0.9427295918367347,High Value,1,0
1287,40,Male,Accessories,West Virginia,Winter,49,44,4.9,1,No,0,Yes,1,Debit Card,Next Day Air,Fortnightly,5,0.39999999999999997,Medium Engagement,0.6200255102040816,High Value,1,1
1288,24,Male,Clothing,Utah,Winter,28,20,3.4,1,No,0,Yes,1,PayPal,Standard,Monthly,4,0.3,Low Engagement,0.24387755102040815,Low Value,1,0
1289,66,Male,Accessories,South Dakota,Winter,93,34,4.1,1,No,0,Yes,1,PayPal,Standard,Bi-Weekly,6,0.5,Medium Engagement,0.792984693877551,High Value,1,1
1290,35,Male,Outerwear,New Hampshire,Fall,24,10,2.9,1,No,0,Yes,1,PayPal,Next Day Air,Weekly,7,0.6,Medium Engagement,0.11683673469387756,Low Value,1,0
1291,67,Male,Clothing,Maryland,Spring,35,3,3.4,1,No,0,Yes,1,PayPal,Free Shipping,Annually,1,0.0,Low Engagement,0.11415816326530612,Low Value,1,0
1292,69,Male,Footwear,South Dakota,Spring,68,23,3.2,1,No,0,Yes,1,Debit Card,2-Day Shipping,Fortnightly,5,0.39999999999999997,Medium Engagement,0.5244897959183673,Mid Value,1,0
1293,26,Male,Accessories,Kentucky,Summer,61,42,3.8,0,No,0,Yes,1,Bank Transfer,Free Shipping,Annually,1,0.0,Low Engagement,0.6746173469387755,High Value,1,0
1294,23,Male,Clothing,Florida,Fall,74,30,4.1,1,No,0,Yes,1,Debit Card,Standard,Annually,1,0.0,Low Engagement,0.6334183673469388,High Value,1,1
1295,27,Male,Clothing,Texas,Summer,64,21,4.5,1,No,0,Yes,1,Cash,Standard,Every 3 Months,3,0.19999999999999998,Low Engagement,0.47908163265306125,Mid Value,1,1
1296,30,Male,Footwear,New Mexico,Fall,60,50,2.8,1,No,0,Yes,1,PayPal,Standard,Weekly,7,0.6,Medium Engagement,0.75,High Value,1,0
1297,48,Male,Clothing,South Dakota,Spring,29,16,2.8,1,No,0,Yes,1,Cash,Express,Bi-Weekly,6,0.5,Medium Engagement,0.20931122448979592,Low Value,1,0
1298,44,Male,Footwear,New Jersey,Summer,85,32,4.6,1,No,0,Yes,1,Venmo,Standard,Annually,1,0.0,Low Engagement,0.7225765306122449,High Value,1,1
1299,29,Male,Clothing,Indiana,Summer,81,14,3.0,1,No,0,Yes,1,Bank Transfer,Free Shipping,Fortnightly,5,0.39999999999999997,Medium Engagement,0.5139030612244898,Mid Value,1,0
1300,29,Male,Accessories,Louisiana,Fall,23,42,3.6,1,No,0,Yes,1,Venmo,2-Day Shipping,Bi-Weekly,6,0.5,Medium Engagement,0.4371173469387755,Mid Value,1,0
1301,67,Male,Clothing,West Virginia,Spring,100,47,4.5,1,No,0,Yes,1,Credit Card,Next Day Air,Every 3 Months,3,0.19999999999999998,Low Engagement,0.9693877551020409,High Value,1,1
1302,42,Male,Clothing,Maine,Fall,54,21,5.0,1,No,0,Yes,1,Debit Card,Express,Weekly,7,0.6,Medium Engagement,0.41658163265306125,Mid Value,1,1
1303,23,Male,Footwear,Idaho,Fall,25,37,2.9,1,No,0,Yes,1,Credit Card,Next Day Air,Monthly,4,0.3,Low Engagement,0.3985969387755102,Low Value,1,0
1304,34,Male,Clothing,New York,Summer,32,10,3.1,1,No,0,Yes,1,Credit Card,Next Day Air,Annually,1,0.0,Low Engagement,0.16683673469387755,Low Value,1,0
1305,64,Male,Accessories,Montana,Spring,63,18,4.0,1,No,0,Yes,1,PayPal,2-Day Shipping,Every 3 Months,3,0.19999999999999998,Low Engagement,0.44221938775510206,Mid Value,1,1
1306,31,Male,Clothing,Mississippi,Spring,56,2,4.5,1,No,0,Yes,1,PayPal,Express,Every 3 Months,3,0.19999999999999998,Low Engagement,0.23520408163265308,Low Value,1,1
1307,54,Male,Clothing,Alaska,Winter,33,40,4.5,1,No,0,Yes,1,PayPal,Next Day Air,Annually,1,0.0,Low Engagement,0.4792091836734694,Mid Value,1,1
1308,23,Male,Outerwear,Missouri,Summer,32,43,3.1,1,No,0,Yes,1,PayPal,Express,Annually,1,0.0,Low Engagement,0.5035714285714286,Mid Value,1,0
1309,59,Male,Clothing,Rhode Island,Summer,38,14,4.4,1,No,0,Yes,1,Credit Card,Next Day Air,Every 3 Months,3,0.19999999999999998,Low Engagement,0.24515306122448982,Low Value,1,1
1310,32,Male,Clothing,Hawaii,Summer,21,41,4.7,1,No,0,Yes,1,Cash,Store Pickup,Quarterly,3,0.19999999999999998,Low Engagement,0.41441326530612244,Mid Value,1,1
1311,43,Male,Clothing,South Carolina,Winter,59,38,3.1,1,No,0,Yes,1,Credit Card,Store Pickup,Every 3 Months,3,0.19999999999999998,Low Engagement,0.6213010204081633,High Value,1,0
1312,32,Male,Footwear,Tennessee,Fall,87,12,4.2,1,No,0,Yes,1,Venmo,Express,Annually,1,0.0,Low Engagement,0.5309948979591836,Mid Value,1,1
1313,66,Male,Clothing,Missouri,Winter,79,19,3.0,1,No,0,Yes,1,Bank Transfer,Store Pickup,Monthly,4,0.3,Low Engagement,0.5524234693877551,Mid Value,1,0
1314,70,Male,Footwear,Missouri,Summer,28,23,3.8,0,No,0,Yes,1,Credit Card,Free Shipping,Bi-Weekly,6,0.5,Medium Engagement,0.27448979591836736,Low Value,1,0
1315,42,Male,Footwear,Missouri,Summer,67,49,3.4,1,No,0,Yes,1,Debit Card,Free Shipping,Annually,1,0.0,Low Engagement,0.783545918367347,High Value,1,0
1316,56,Male,Clothing,Mississippi,Spring,75,29,4.2,1,No,0,Yes,1,Debit Card,2-Day Shipping,Quarterly,3,0.19999999999999998,Low Engagement,0.6294642857142857,High Value,1,1
1317,28,Male,Accessories,Arkansas,Spring,32,14,4.6,1,No,0,Yes,1,Debit Card,Standard,Bi-Weekly,6,0.5,Medium Engagement,0.2076530612244898,Low Value,1,1
1318,28,Male,Clothing,Kentucky,Spring,43,19,2.8,1,No,0,Yes,1,Cash,Free Shipping,Monthly,4,0.3,Low Engagement,0.32742346938775513,Low Value,1,0
1319,52,Male,Clothing,Connecticut,Spring,93,19,2.7,1,No,0,Yes,1,Credit Card,Express,Bi-Weekly,6,0.5,Medium Engagement,0.6399234693877551,High Value,1,0
1320,65,Male,Accessories,Oklahoma,Spring,24,48,4.0,1,No,0,Yes,1,Bank Transfer,Standard,Weekly,7,0.6,Medium Engagement,0.5045918367346939,Mid Value,1,1
1321,56,Male,Accessories,California,Fall,31,19,3.1,1,No,0,Yes,1,Debit Card,Free Shipping,Annually,1,0.0,Low Engagement,0.2524234693877551,Low Value,1,0
1322,59,Male,Clothing,Missouri,Winter,84,45,3.7,1,No,0,Yes,1,Bank Transfer,Express,Every 3 Months,3,0.19999999999999998,Low Engagement,0.8489795918367347,High Value,1,0
1323,23,Male,Clothing,Washington,Winter,74,17,4.0,1,No,0,Yes,1,Bank Transfer,Next Day Air,Quarterly,3,0.19999999999999998,Low Engagement,0.500765306122449,Mid Value,1,1
1324,58,Male,Clothing,New York,Spring,62,15,4.6,1,No,0,Yes,1,Debit Card,Standard,Every 3 Months,3,0.19999999999999998,Low Engagement,0.40535714285714286,Mid Value,1,1
1325,39,Male,Accessories,Indiana,Summer,77,11,3.8,1,No,0,Yes,1,Credit Card,Free Shipping,Fortnightly,5,0.39999999999999997,Medium Engagement,0.4582908163265306,Mid Value,1,0
1326,28,Male,Accessories,Oregon,Summer,73,1,3.5,1,No,0,Yes,1,Cash,Express,Monthly,4,0.3,Low Engagement,0.33125,Low Value,1,0
1327,40,Male,Footwear,Texas,Spring,50,17,3.8,0,No,0,Yes,1,Cash,Free Shipping,Monthly,4,0.3,Low Engagement,0.35076530612244894,Low Value,1,0
1328,52,Male,Outerwear,Florida,Winter,40,37,2.8,1,No,0,Yes,1,Cash,Standard,Weekly,7,0.6,Medium Engagement,0.4923469387755102,Mid Value,1,0
1329,37,Male,Clothing,Rhode Island,Winter,97,40,3.7,1,No,0,Yes,1,Bank Transfer,Standard,Weekly,7,0.6,Medium Engagement,0.8792091836734695,High Value,1,0
1330,70,Male,Accessories,Texas,Fall,63,50,3.3,1,No,0,Yes,1,PayPal,Express,Every 3 Months,3,0.19999999999999998,Low Engagement,0.76875,High Value,1,0
1331,30,Male,Accessories,Vermont,Fall,65,20,2.9,1,No,0,Yes,1,PayPal,Standard,Bi-Weekly,6,0.5,Medium Engagement,0.47512755102040816,Mid Value,1,0
1332,38,Male,Clothing,Maryland,Spring,91,8,3.2,1,No,0,Yes,1,PayPal,Standard,Bi-Weekly,6,0.5,Medium Engagement,0.5151785714285714,Mid Value,1,0
1333,66,Male,Clothing,Alaska,Spring,60,16,4.3,1,No,0,Yes,1,Bank Transfer,Store Pickup,Quarterly,3,0.19999999999999998,Low Engagement,0.4030612244897959,Low Value,1,1
1334,29,Male,Clothing,Idaho,Winter,69,9,2.7,1,No,0,Yes,1,Bank Transfer,Next Day Air,Quarterly,3,0.19999999999999998,Low Engagement,0.3878826530612245,Low Value,1,0
1335,46,Male,Outerwear,West Virginia,Spring,52,12,3.8,0,No,0,Yes,1,Venmo,Store Pickup,Monthly,4,0.3,Low Engagement,0.3122448979591837,Low Value,1,0
1336,56,Male,Footwear,Nevada,Fall,49,26,4.8,1,No,0,Yes,1,Credit Card,2-Day Shipping,Weekly,7,0.6,Medium Engagement,0.4363520408163265,Mid Value,1,1
1337,23,Male,Footwear,Oregon,Spring,85,44,4.8,1,No,0,Yes,1,Debit Card,Store Pickup,Fortnightly,5,0.39999999999999997,Medium Engagement,0.8450255102040816,High Value,1,1
1338,37,Male,Clothing,Tennessee,Spring,86,19,3.4,1,No,0,Yes,1,Credit Card,Express,Bi-Weekly,6,0.5,Medium Engagement,0.5961734693877551,High Value,1,0
1339,56,Male,Accessories,Alabama,Winter,51,43,2.6,1,No,0,Yes,1,PayPal,Standard,Fortnightly,5,0.39999999999999997,Medium Engagement,0.6223214285714286,High Value,1,0
1340,36,Male,Accessories,Indiana,Winter,56,5,5.0,1,No,0,Yes,1,Bank Transfer,Next Day Air,Every 3 Months,3,0.19999999999999998,Low Engagement,0.26581632653061227,Low Value,1,1
1341,40,Male,Accessories,Idaho,Fall,72,5,4.4,1,No,0,Yes,1,Debit Card,Next Day Air,Every 3 Months,3,0.19999999999999998,Low Engagement,0.36581632653061225,Low Value,1,1
1342,26,Male,Clothing,Rhode Island,Fall,27,31,3.8,0,No,0,Yes,1,Bank Transfer,Standard,Quarterly,3,0.19999999999999998,Low Engagement,0.34987244897959185,Low Value,1,0
1343,57,Male,Accessories,Arizona,Summer,43,11,3.4,1,No,0,Yes,1,Bank Transfer,2-Day Shipping,Monthly,4,0.3,Low Engagement,0.2457908163265306,Low Value,1,0
1344,68,Male,Footwear,Florida,Spring,56,34,3.4,1,No,0,Yes,1,Bank Transfer,Standard,Monthly,4,0.3,Low Engagement,0.561734693877551,Mid Value,1,0
1345,56,Male,Clothing,New York,Fall,37,14,4.9,1,No,0,Yes,1,Cash,Next Day Air,Annually,1,0.0,Low Engagement,0.2389030612244898,Low Value,1,1
1346,40,Male,Clothing,Nebraska,Fall,21,42,3.6,1,No,0,Yes,1,Venmo,Standard,Weekly,7,0.6,Medium Engagement,0.4246173469387755,Mid Value,1,0
1347,44,Male,Clothing,Mississippi,Winter,91,15,3.0,1,No,0,Yes,1,Venmo,Free Shipping,Bi-Weekly,6,0.5,Medium Engagement,0.5866071428571429,Mid Value,1,0
1348,44,Male,Clothing,Vermont,Summer,95,47,3.9,1,No,0,Yes,1,Bank Transfer,2-Day Shipping,Monthly,4,0.3,Low Engagement,0.9381377551020409,High Value,1,0
1349,19,Male,Accessories,Nebraska,Spring,54,23,3.2,1,No,0,Yes,1,Credit Card,Standard,Fortnightly,5,0.39999999999999997,Medium Engagement,0.43698979591836734,Mid Value,1,0
1350,21,Male,Clothing,South Carolina,Spring,36,23,3.2,1,No,0,Yes,1,Cash,Next Day Air,Bi-Weekly,6,0.5,Medium Engagement,0.32448979591836735,Low Value,1,0
1351,31,Male,Accessories,Delaware,Fall,71,1,4.3,1,No,0,Yes,1,Cash,Next Day Air,Every 3 Months,3,0.19999999999999998,Low Engagement,0.31875,Low Value,1,1
1352,30,Male,Outerwear,Vermont,Summer,31,28,2.8,1,No,0,Yes,1,Bank Transfer,2-Day Shipping,Quarterly,3,0.19999999999999998,Low Engagement,0.3442602040816326,Low Value,1,0
1353,65,Male,Accessories,Indiana,Spring,89,37,4.5,1,No,0,Yes,1,Credit Card,Next Day Air,Bi-Weekly,6,0.5,Medium Engagement,0.7985969387755103,High Value,1,1
1354,39,Male,Clothing,Oregon,Winter,83,4,4.1,1,No,0,Yes,1,Cash,Next Day Air,Every 3 Months,3,0.19999999999999998,Low Engagement,0.42436224489795915,Mid Value,1,1
1355,64,Male,Accessories,Maryland,Spring,42,21,3.6,1,No,0,Yes,1,Bank Transfer,2-Day Shipping,Quarterly,3,0.19999999999999998,Low Engagement,0.34158163265306124,Low Value,1,0
1356,59,Male,Clothing,Florida,Summer,91,50,3.0,1,No,0,Yes,1,PayPal,2-Day Shipping,Bi-Weekly,6,0.5,Medium Engagement,0.94375,High Value,1,0
1357,49,Male,Outerwear,Indiana,Spring,61,34,4.0,1,No,0,Yes,1,Bank Transfer,Free Shipping,Annually,1,0.0,Low Engagement,0.5929846938775509,High Value,1,1
1358,24,Male,Accessories,Texas,Summer,66,20,3.5,1,No,0,Yes,1,Cash,Next Day Air,Quarterly,3,0.19999999999999998,Low Engagement,0.48137755102040813,Mid Value,1,0
1359,19,Male,Accessories,Nebraska,Spring,22,25,2.5,1,No,0,Yes,1,Venmo,Store Pickup,Every 3 Months,3,0.19999999999999998,Low Engagement,0.2573979591836735,Low Value,1,0
1360,27,Male,Clothing,North Carolina,Winter,68,26,4.3,1,No,0,Yes,1,Bank Transfer,Store Pickup,Fortnightly,5,0.39999999999999997,Medium Engagement,0.5551020408163265,Mid Value,1,1
1361,56,Male,Clothing,Alabama,Fall,43,4,2.8,1,No,0,Yes,1,Bank Transfer,Express,Annually,1,0.0,Low Engagement,0.17436224489795918,Low Value,1,0
1362,49,Male,Clothing,Alabama,Fall,32,39,3.7,1,No,0,Yes,1,Debit Card,Next Day Air,Monthly,4,0.3,Low Engagement,0.4627551020408163,Mid Value,1,0
1363,41,Male,Outerwear,Colorado,Fall,46,29,4.3,1,No,0,Yes,1,Cash,Express,Weekly,7,0.6,Medium Engagement,0.4482142857142857,Mid Value,1,1
1364,36,Male,Clothing,Wisconsin,Summer,90,47,4.0,1,No,0,Yes,1,PayPal,Express,Quarterly,3,0.19999999999999998,Low Engagement,0.9068877551020409,High Value,1,1
1365,68,Male,Accessories,Delaware,Fall,75,5,4.7,1,No,0,Yes,1,Cash,Express,Every 3 Months,3,0.19999999999999998,Low Engagement,0.38456632653061223,Low Value,1,1
1366,28,Male,Accessories,Indiana,Winter,69,18,4.5,1,No,0,Yes,1,Bank Transfer,Store Pickup,Fortnightly,5,0.39999999999999997,Medium Engagement,0.47971938775510203,Mid Value,1,1
1367,45,Male,Accessories,Iowa,Fall,40,10,3.1,1,No,0,Yes,1,Credit Card,Free Shipping,Fortnightly,5,0.39999999999999997,Medium Engagement,0.21683673469387754,Low Value,1,0
1368,60,Male,Accessories,Iowa,Fall,63,25,3.8,1,No,0,Yes,1,Cash,Express,Quarterly,3,0.19999999999999998,Low Engagement,0.5136479591836735,Mid Value,1,0
1369,21,Male,Clothing,Wisconsin,Summer,36,2,4.9,1,No,0,Yes,1,Cash,Express,Weekly,7,0.6,Medium Engagement,0.11020408163265306,Low Value,1,1
1370,32,Male,Footwear,Iowa,Winter,75,48,3.2,1,No,0,Yes,1,Venmo,Standard,Fortnightly,5,0.39999999999999997,Medium Engagement,0.8233418367346939,High Value,1,0
1371,27,Male,Accessories,Montana,Summer,67,41,3.8,0,No,0,Yes,1,Bank Transfer,2-Day Shipping,Every 3 Months,3,0.19999999999999998,Low Engagement,0.7019132653061224,High Value,1,0
1372,40,Male,Clothing,Mississippi,Spring,64,42,2.8,1,No,0,Yes,1,Credit Card,Store Pickup,Monthly,4,0.3,Low Engagement,0.6933673469387756,High Value,1,0
1373,64,Male,Clothing,Michigan,Fall,61,44,4.0,1,No,0,Yes,1,PayPal,2-Day Shipping,Bi-Weekly,6,0.5,Medium Engagement,0.6950255102040817,High Value,1,1
1374,18,Male,Accessories,Virginia,Winter,40,6,2.6,1,No,0,Yes,1,Cash,Store Pickup,Quarterly,3,0.19999999999999998,Low Engagement,0.1760204081632653,Low Value,1,0
1375,22,Male,Accessories,New York,Fall,97,5,2.7,1,No,0,Yes,1,Bank Transfer,Free Shipping,Quarterly,3,0.19999999999999998,Low Engagement,0.5220663265306122,Mid Value,1,0
1376,42,Male,Footwear,Maine,Spring,31,8,4.1,1,No,0,Yes,1,Credit Card,2-Day Shipping,Annually,1,0.0,Low Engagement,0.14017857142857143,Low Value,1,1
1377,57,Male,Footwear,New Jersey,Spring,65,24,5.0,1,No,0,Yes,1,PayPal,Free Shipping,Annually,1,0.0,Low Engagement,0.5159438775510204,Mid Value,1,1
1378,33,Male,Accessories,Maryland,Spring,54,42,3.0,1,No,0,Yes,1,Venmo,Next Day Air,Monthly,4,0.3,Low Engagement,0.6308673469387756,High Value,1,0
1379,37,Male,Outerwear,Kentucky,Fall,49,24,3.6,1,No,0,Yes,1,Venmo,Free Shipping,Weekly,7,0.6,Medium Engagement,0.4159438775510204,Mid Value,1,0
1380,21,Male,Clothing,Minnesota,Fall,64,38,2.8,1,No,0,Yes,1,Venmo,2-Day Shipping,Bi-Weekly,6,0.5,Medium Engagement,0.6525510204081633,High Value,1,0
1381,51,Male,Footwear,Massachusetts,Winter,35,41,4.6,1,No,0,Yes,1,Cash,Standard,Fortnightly,5,0.39999999999999997,Medium Engagement,0.5019132653061225,Mid Value,1,1
1382,30,Male,Footwear,Illinois,Winter,86,48,2.9,1,No,0,Yes,1,Venmo,Standard,Quarterly,3,0.19999999999999998,Low Engagement,0.8920918367346938,High Value,1,0
1383,68,Male,Outerwear,Michigan,Winter,55,16,4.8,1,No,0,Yes,1,Bank Transfer,Express,Quarterly,3,0.19999999999999998,Low Engagement,0.3718112244897959,Low Value,1,1
1384,36,Male,Accessories,Wisconsin,Spring,58,4,3.3,1,No,0,Yes,1,Venmo,Express,Monthly,4,0.3,Low Engagement,0.26811224489795915,Low Value,1,0
1385,46,Male,Footwear,Alaska,Fall,96,8,4.6,1,No,0,Yes,1,Bank Transfer,Standard,Weekly,7,0.6,Medium Engagement,0.5464285714285714,Mid Value,1,1
1386,41,Male,Accessories,Mississippi,Fall,64,1,2.6,1,No,0,Yes,1,Bank Transfer,Store Pickup,Bi-Weekly,6,0.5,Medium Engagement,0.275,Low Value,1,0
1387,68,Male,Outerwear,Oregon,Fall,56,4,4.0,1,No,0,Yes,1,Debit Card,Next Day Air,Quarterly,3,0.19999999999999998,Low Engagement,0.2556122448979592,Low Value,1,1
1388,21,Male,Clothing,Maryland,Winter,85,20,3.8,1,No,0,Yes,1,Credit Card,Standard,Monthly,4,0.3,Low Engagement,0.6001275510204082,High Value,1,0
1389,62,Male,Clothing,Arkansas,Spring,23,40,3.9,1,No,0,Yes,1,Cash,Express,Quarterly,3,0.19999999999999998,Low Engagement,0.4167091836734694,Mid Value,1,0
1390,59,Male,Accessories,Illinois,Fall,72,8,2.6,1,No,0,Yes,1,Debit Card,Store Pickup,Fortnightly,5,0.39999999999999997,Medium Engagement,0.39642857142857146,Low Value,1,0
1391,25,Male,Accessories,Arkansas,Summer,38,42,4.3,1,No,0,Yes,1,Debit Card,Standard,Weekly,7,0.6,Medium Engagement,0.5308673469387756,Mid Value,1,1
1392,53,Male,Clothing,Mississippi,Winter,29,38,3.6,1,No,0,Yes,1,Credit Card,Express,Annually,1,0.0,Low Engagement,0.43380102040816326,Mid Value,1,0
1393,31,Male,Accessories,Arkansas,Spring,46,34,4.2,1,No,0,Yes,1,Venmo,Express,Every 3 Months,3,0.19999999999999998,Low Engagement,0.49923469387755104,Mid Value,1,1
1394,46,Male,Accessories,Idaho,Spring,58,14,3.9,1,No,0,Yes,1,PayPal,Express,Fortnightly,5,0.39999999999999997,Medium Engagement,0.37015306122448977,Low Value,1,0
1395,26,Male,Outerwear,Iowa,Fall,43,39,4.7,1,No,0,Yes,1,Cash,Next Day Air,Weekly,7,0.6,Medium Engagement,0.5315051020408164,Mid Value,1,1
1396,47,Male,Accessories,West Virginia,Spring,32,40,2.8,1,No,0,Yes,1,PayPal,Next Day Air,Bi-Weekly,6,0.5,Medium Engagement,0.4729591836734694,Mid Value,1,0
1397,37,Male,Clothing,Wisconsin,Winter,30,49,3.0,1,No,0,Yes,1,Debit Card,Next Day Air,Monthly,4,0.3,Low Engagement,0.5522959183673469,Mid Value,1,0
1398,55,Male,Accessories,Massachusetts,Summer,67,33,4.7,1,No,0,Yes,1,PayPal,Store Pickup,Annually,1,0.0,Low Engagement,0.6202806122448979,High Value,1,1
1399,30,Male,Clothing,Texas,Summer,45,25,2.5,1,No,0,Yes,1,Credit Card,Free Shipping,Weekly,7,0.6,Medium Engagement,0.40114795918367346,Low Value,1,0
1400,19,Male,Accessories,Nebraska,Winter,81,48,3.1,1,No,0,Yes,1,Venmo,Store Pickup,Annually,1,0.0,Low Engagement,0.8608418367346938,High Value,1,0
1401,36,Male,Accessories,Nevada,Fall,23,22,3.6,1,No,0,Yes,1,Credit Card,Next Day Air,Every 3 Months,3,0.19999999999999998,Low Engagement,0.23303571428571426,Low Value,1,0
1402,23,Male,Footwear,Indiana,Fall,59,1,3.5,1,No,0,Yes,1,PayPal,2-Day Shipping,Weekly,7,0.6,Medium Engagement,0.24375,Low Value,1,0
1403,62,Male,Accessories,North Dakota,Summer,21,47,3.1,1,No,0,Yes,1,PayPal,Express,Monthly,4,0.3,Low Engagement,0.4756377551020408,Mid Value,1,0
1404,26,Male,Accessories,Georgia,Spring,20,20,3.6,1,No,0,Yes,1,Credit Card,Store Pickup,Bi-Weekly,6,0.5,Medium Engagement,0.19387755102040816,Low Value,1,0
1405,36,Male,Accessories,New Mexico,Winter,28,10,3.5,1,No,0,Yes,1,Debit Card,Next Day Air,Weekly,7,0.6,Medium Engagement,0.14183673469387756,Low Value,1,0
1406,33,Male,Clothing,New Hampshire,Winter,100,39,2.7,1,No,0,Yes,1,Credit Card,Store Pickup,Monthly,4,0.3,Low Engagement,0.8877551020408163,High Value,1,0
1407,32,Male,Clothing,Washington,Spring,46,15,3.6,1,No,0,Yes,1,Debit Card,Express,Monthly,4,0.3,Low Engagement,0.3053571428571429,Low Value,1,0
1408,56,Male,Accessories,Nevada,Spring,61,11,4.5,1,No,0,Yes,1,Credit Card,Express,Annually,1,0.0,Low Engagement,0.3582908163265306,Low Value,1,1
1409,58,Male,Clothing,Maine,Winter,58,38,4.1,1,No,0,Yes,1,Venmo,Free Shipping,Weekly,7,0.6,Medium Engagement,0.6150510204081632,High Value,1,1
1410,34,Male,Accessories,Idaho,Spring,50,41,4.2,1,No,0,Yes,1,Cash,Standard,Fortnightly,5,0.39999999999999997,Medium Engagement,0.5956632653061225,High Value,1,1
1411,61,Male,Accessories,Tennessee,Summer,93,18,4.0,1,No,0,Yes,1,Debit Card,Store Pickup,Annually,1,0.0,Low Engagement,0.6297193877551021,High Value,1,1
1412,48,Male,Clothing,Louisiana,Summer,24,13,2.8,1,No,0,Yes,1,Venmo,Store Pickup,Quarterly,3,0.19999999999999998,Low Engagement,0.14744897959183673,Low Value,1,0
1413,25,Male,Clothing,Michigan,Summer,100,43,2.6,1,No,0,Yes,1,Venmo,2-Day Shipping,Annually,1,0.0,Low Engagement,0.9285714285714286,High Value,1,0
1414,51,Male,Clothing,New Hampshire,Fall,79,12,2.7,1,No,0,Yes,1,Bank Transfer,Store Pickup,Quarterly,3,0.19999999999999998,Low Engagement,0.4809948979591837,Mid Value,1,0
1415,29,Male,Clothing,Minnesota,Summer,51,3,4.5,1,No,0,Yes,1,Credit Card,Store Pickup,Bi-Weekly,6,0.5,Medium Engagement,0.21415816326530612,Low Value,1,1
1416,54,Male,Accessories,Illinois,Winter,90,12,3.7,1,No,0,Yes,1,Credit Card,Free Shipping,Every 3 Months,3,0.19999999999999998,Low Engagement,0.5497448979591837,Mid Value,1,0
1417,48,Male,Footwear,Idaho,Summer,56,46,3.4,1,No,0,Yes,1,Cash,Free Shipping,Quarterly,3,0.19999999999999998,Low Engagement,0.6841836734693878,High Value,1,0
1418,62,Male,Clothing,Montana,Spring,25,21,4.6,1,No,0,Yes,1,Debit Card,Standard,Fortnightly,5,0.39999999999999997,Medium Engagement,0.23533163265306123,Low Value,1,1
1419,18,Male,Clothing,Alabama,Summer,75,23,4.1,1,No,0,Yes,1,Venmo,2-Day Shipping,Every 3 Months,3,0.19999999999999998,Low Engagement,0.5682397959183674,Mid Value,1,1
1420,43,Male,Accessories,Montana,Summer,75,4,2.6,1,No,0,Yes,1,Debit Card,Free Shipping,Quarterly,3,0.19999999999999998,Low Engagement,0.37436224489795916,Low Value,1,0
1421,22,Male,Clothing,California,Summer,53,45,4.6,1,No,0,Yes,1,PayPal,Store Pickup,Every 3 Months,3,0.19999999999999998,Low Engagement,0.6552295918367347,High Value,1,1
1422,68,Male,Clothing,Pennsylvania,Spring,100,24,3.0,1,No,0,Yes,1,Bank Transfer,Standard,Fortnightly,5,0.39999999999999997,Medium Engagement,0.7346938775510204,High Value,1,0
1423,44,Male,Clothing,Texas,Fall,27,3,3.4,1,No,0,Yes,1,PayPal,Free Shipping,Bi-Weekly,6,0.5,Medium Engagement,0.06415816326530611,Low Value,1,0
1424,51,Male,Footwear,Michigan,Fall,60,12,3.5,1,No,0,Yes,1,Venmo,Free Shipping,Every 3 Months,3,0.19999999999999998,Low Engagement,0.3622448979591837,Low Value,1,0
1425,66,Male,Outerwear,Connecticut,Fall,23,34,3.5,1,No,0,Yes,1,Bank Transfer,Standard,Every 3 Months,3,0.19999999999999998,Low Engagement,0.355484693877551,Low Value,1,0
1426,59,Male,Outerwear,Wyoming,Winter,40,39,3.7,1,No,0,Yes,1,Credit Card,Next Day Air,Annually,1,0.0,Low Engagement,0.5127551020408163,Mid Value,1,0
1427,60,Male,Clothing,Michigan,Summer,38,35,4.8,1,No,0,Yes,1,PayPal,Free Shipping,Every 3 Months,3,0.19999999999999998,Low Engagement,0.45943877551020407,Mid Value,1,1
1428,31,Male,Accessories,South Dakota,Summer,90,8,4.9,1,No,0,Yes,1,Credit Card,Store Pickup,Annually,1,0.0,Low Engagement,0.5089285714285714,Mid Value,1,1
1429,20,Male,Clothing,North Dakota,Summer,97,42,4.9,1,No,0,Yes,1,PayPal,Express,Quarterly,3,0.19999999999999998,Low Engagement,0.8996173469387756,High Value,1,1
1430,24,Male,Clothing,Maryland,Fall,38,6,4.7,1,No,0,Yes,1,Credit Card,Standard,Every 3 Months,3,0.19999999999999998,Low Engagement,0.1635204081632653,Low Value,1,1
1431,48,Male,Footwear,Michigan,Summer,30,3,4.9,1,No,0,Yes,1,Credit Card,Free Shipping,Fortnightly,5,0.39999999999999997,Medium Engagement,0.08290816326530612,Low Value,1,1
1432,39,Male,Clothing,South Dakota,Fall,88,29,2.9,1,No,0,Yes,1,Venmo,Express,Quarterly,3,0.19999999999999998,Low Engagement,0.7107142857142856,High Value,1,0
1433,34,Male,Accessories,Florida,Winter,33,32,4.4,1,No,0,Yes,1,Debit Card,Express,Quarterly,3,0.19999999999999998,Low Engagement,0.3975765306122449,Low Value,1,1
1434,70,Male,Clothing,Minnesota,Winter,60,45,3.2,1,No,0,Yes,1,Debit Card,Next Day Air,Weekly,7,0.6,Medium Engagement,0.6989795918367347,High Value,1,0
1435,59,Male,Clothing,New York,Summer,64,21,4.6,1,No,0,Yes,1,Debit Card,Free Shipping,Bi-Weekly,6,0.5,Medium Engagement,0.47908163265306125,Mid Value,1,1
1436,45,Male,Accessories,Oregon,Fall,95,41,4.0,1,No,0,Yes,1,Cash,Standard,Weekly,7,0.6,Medium Engagement,0.8769132653061225,High Value,1,1
1437,35,Male,Footwear,Minnesota,Winter,83,23,3.7,1,No,0,Yes,1,PayPal,Free Shipping,Fortnightly,5,0.39999999999999997,Medium Engagement,0.6182397959183673,High Value,1,0
1438,69,Male,Footwear,Montana,Winter,97,14,4.2,1,No,0,Yes,1,Cash,Free Shipping,Annually,1,0.0,Low Engagement,0.6139030612244898,High Value,1,1
1439,58,Male,Outerwear,Washington,Spring,38,24,2.9,1,No,0,Yes,1,Debit Card,Standard,Monthly,4,0.3,Low Engagement,0.34719387755102044,Low Value,1,0
1440,25,Male,Footwear,New Mexico,Summer,48,25,4.8,1,No,0,Yes,1,Cash,Next Day Air,Fortnightly,5,0.39999999999999997,Medium Engagement,0.41989795918367345,Mid Value,1,1
1441,27,Male,Footwear,Arizona,Spring,76,13,4.4,1,No,0,Yes,1,Venmo,Standard,Monthly,4,0.3,Low Engagement,0.47244897959183674,Mid Value,1,1
1442,34,Male,Clothing,Nebraska,Summer,25,3,3.4,1,No,0,Yes,1,Venmo,Free Shipping,Every 3 Months,3,0.19999999999999998,Low Engagement,0.05165816326530612,Low Value,1,0
1443,53,Male,Clothing,Idaho,Spring,92,42,2.8,1,No,0,Yes,1,Credit Card,2-Day Shipping,Annually,1,0.0,Low Engagement,0.8683673469387756,High Value,1,0
1444,58,Male,Footwear,Idaho,Fall,47,2,4.2,1,No,0,Yes,1,Cash,Next Day Air,Monthly,4,0.3,Low Engagement,0.17895408163265308,Low Value,1,1
1445,32,Male,Clothing,Vermont,Fall,36,26,3.8,1,No,0,Yes,1,Cash,Express,Quarterly,3,0.19999999999999998,Low Engagement,0.35510204081632657,Low Value,1,0
1446,64,Male,Accessories,Arkansas,Fall,51,24,3.1,1,No,0,Yes,1,Credit Card,2-Day Shipping,Annually,1,0.0,Low Engagement,0.4284438775510204,Mid Value,1,0
1447,63,Male,Clothing,Wyoming,Summer,35,6,3.2,1,No,0,Yes,1,Credit Card,Express,Quarterly,3,0.19999999999999998,Low Engagement,0.1447704081632653,Low Value,1,0
1448,23,Male,Clothing,New Mexico,Summer,57,25,3.0,1,No,0,Yes,1,PayPal,Next Day Air,Monthly,4,0.3,Low Engagement,0.4761479591836735,Mid Value,1,0
1449,64,Male,Footwear,West Virginia,Summer,95,11,3.6,1,No,0,Yes,1,Credit Card,Free Shipping,Every 3 Months,3,0.19999999999999998,Low Engagement,0.5707908163265306,Mid Value,1,0
1450,18,Male,Clothing,New York,Winter,41,20,2.5,1,No,0,Yes,1,Cash,Store Pickup,Every 3 Months,3,0.19999999999999998,Low Engagement,0.32512755102040813,Low Value,1,0
1451,25,Male,Clothing,Illinois,Winter,44,25,3.4,1,No,0,Yes,1,Cash,Free Shipping,Quarterly,3,0.19999999999999998,Low Engagement,0.39489795918367343,Low Value,1,0
1452,54,Male,Outerwear,Utah,Fall,34,35,2.5,1,No,0,Yes,1,PayPal,Next Day Air,Quarterly,3,0.19999999999999998,Low Engagement,0.43443877551020404,Mid Value,1,0
1453,60,Male,Outerwear,Colorado,Spring,25,11,4.7,1,No,0,Yes,1,Bank Transfer,2-Day Shipping,Quarterly,3,0.19999999999999998,Low Engagement,0.13329081632653061,Low Value,1,1
1454,36,Male,Footwear,Virginia,Winter,93,41,3.2,1,No,0,Yes,1,Bank Transfer,2-Day Shipping,Fortnightly,5,0.39999999999999997,Medium Engagement,0.8644132653061225,High Value,1,0
1455,66,Male,Footwear,Georgia,Winter,50,17,2.9,1,No,0,Yes,1,Credit Card,Free Shipping,Annually,1,0.0,Low Engagement,0.35076530612244894,Low Value,1,0
1456,60,Male,Clothing,Alabama,Fall,79,1,4.9,1,No,0,Yes,1,PayPal,Express,Every 3 Months,3,0.19999999999999998,Low Engagement,0.36875,Low Value,1,1
1457,59,Male,Outerwear,Montana,Spring,100,30,2.7,1,No,0,Yes,1,PayPal,Store Pickup,Every 3 Months,3,0.19999999999999998,Low Engagement,0.7959183673469388,High Value,1,0
1458,58,Male,Clothing,Pennsylvania,Spring,57,47,4.7,1,No,0,Yes,1,Venmo,Express,Fortnightly,5,0.39999999999999997,Medium Engagement,0.7006377551020408,High Value,1,1
1459,35,Male,Clothing,Missouri,Spring,28,34,2.9,1,No,0,Yes,1,Venmo,2-Day Shipping,Weekly,7,0.6,Medium Engagement,0.386734693877551,Low Value,1,0
1460,20,Male,Footwear,Maine,Winter,35,18,4.8,1,No,0,Yes,1,Venmo,Express,Fortnightly,5,0.39999999999999997,Medium Engagement,0.267219387755102,Low Value,1,1
1461,70,Male,Footwear,Pennsylvania,Fall,85,33,4.6,1,No,0,Yes,1,Venmo,Standard,Bi-Weekly,6,0.5,Medium Engagement,0.7327806122448979,High Value,1,1
1462,54,Male,Accessories,Oregon,Summer,95,42,5.0,1,No,0,Yes,1,Venmo,2-Day Shipping,Quarterly,3,0.19999999999999998,Low Engagement,0.8871173469387755,High Value,1,1
1463,38,Male,Footwear,Utah,Summer,90,2,4.8,1,No,0,Yes,1,Venmo,2-Day Shipping,Quarterly,3,0.19999999999999998,Low Engagement,0.4477040816326531,Mid Value,1,1
1464,54,Male,Accessories,Oklahoma,Summer,49,1,4.9,1,No,0,Yes,1,Bank Transfer,Store Pickup,Monthly,4,0.3,Low Engagement,0.18125,Low Value,1,1
1465,33,Male,Accessories,Montana,Winter,92,23,4.6,1,No,0,Yes,1,Bank Transfer,2-Day Shipping,Quarterly,3,0.19999999999999998,Low Engagement,0.6744897959183673,High Value,1,1
1466,46,Male,Accessories,Nebraska,Winter,72,42,3.9,1,No,0,Yes,1,Cash,Store Pickup,Bi-Weekly,6,0.5,Medium Engagement,0.7433673469387756,High Value,1,0
1467,58,Male,Clothing,Alabama,Summer,71,3,4.5,1,No,0,Yes,1,PayPal,Store Pickup,Annually,1,0.0,Low Engagement,0.3391581632653061,Low Value,1,1
1468,30,Male,Accessories,Ohio,Winter,27,16,4.7,1,No,0,Yes,1,Debit Card,Store Pickup,Fortnightly,5,0.39999999999999997,Medium Engagement,0.19681122448979593,Low Value,1,1
1469,42,Male,Accessories,Arkansas,Fall,39,46,3.9,1,No,0,Yes,1,Cash,Express,Fortnightly,5,0.39999999999999997,Medium Engagement,0.5779336734693877,Mid Value,1,0
1470,28,Male,Accessories,Mississippi,Winter,98,31,4.4,1,No,0,Yes,1,PayPal,Standard,Every 3 Months,3,0.19999999999999998,Low Engagement,0.7936224489795918,High Value,1,1
1471,43,Male,Footwear,California,Spring,27,15,3.9,1,No,0,Yes,1,Cash,Next Day Air,Every 3 Months,3,0.19999999999999998,Low Engagement,0.18660714285714286,Low Value,1,0
1472,31,Male,Accessories,Alaska,Spring,71,48,2.8,1,No,0,Yes,1,Venmo,2-Day Shipping,Every 3 Months,3,0.19999999999999998,Low Engagement,0.7983418367346938,High Value,1,0
1473,39,Male,Accessories,Indiana,Spring,24,11,3.5,1,No,0,Yes,1,Cash,Store Pickup,Weekly,7,0.6,Medium Engagement,0.1270408163265306,Low Value,1,0
1474,69,Male,Clothing,Wisconsin,Fall,63,20,4.3,1,No,0,Yes,1,Credit Card,Express,Every 3 Months,3,0.19999999999999998,Low Engagement,0.46262755102040815,Mid Value,1,1
1475,31,Male,Clothing,New Jersey,Fall,72,6,3.9,1,No,0,Yes,1,Credit Card,Next Day Air,Monthly,4,0.3,Low Engagement,0.3760204081632653,Low Value,1,0
1476,44,Male,Clothing,Rhode Island,Spring,61,24,4.0,1,No,0,Yes,1,Cash,Express,Monthly,4,0.3,Low Engagement,0.4909438775510204,Mid Value,1,1
1477,39,Male,Accessories,Wyoming,Fall,56,18,4.1,1,No,0,Yes,1,Credit Card,Next Day Air,Monthly,4,0.3,Low Engagement,0.39846938775510204,Low Value,1,1
1478,24,Male,Accessories,Oregon,Summer,32,1,4.3,1,No,0,Yes,1,PayPal,Standard,Every 3 Months,3,0.19999999999999998,Low Engagement,0.075,Low Value,1,1
1479,28,Male,Accessories,Washington,Summer,23,13,4.2,1,No,0,Yes,1,Venmo,Free Shipping,Bi-Weekly,6,0.5,Medium Engagement,0.14119897959183672,Low Value,1,1
1480,48,Male,Outerwear,Washington,Spring,100,2,4.0,1,No,0,Yes,1,Bank Transfer,Standard,Weekly,7,0.6,Medium Engagement,0.5102040816326531,Mid Value,1,1
1481,39,Male,Accessories,New Hampshire,Fall,74,26,3.6,1,No,0,Yes,1,Cash,Express,Quarterly,3,0.19999999999999998,Low Engagement,0.5926020408163266,High Value,1,0
1482,64,Male,Clothing,Maryland,Spring,33,31,3.3,1,No,0,Yes,1,PayPal,Standard,Quarterly,3,0.19999999999999998,Low Engagement,0.38737244897959183,Low Value,1,0
1483,28,Male,Accessories,Wisconsin,Spring,67,43,4.1,1,No,0,Yes,1,Bank Transfer,2-Day Shipping,Weekly,7,0.6,Medium Engagement,0.7223214285714286,High Value,1,1
1484,39,Male,Accessories,Massachusetts,Summer,61,12,4.7,1,No,0,Yes,1,Debit Card,Next Day Air,Bi-Weekly,6,0.5,Medium Engagement,0.36849489795918366,Low Value,1,1
1485,49,Male,Clothing,Nebraska,Summer,46,22,4.4,1,No,0,Yes,1,Venmo,Store Pickup,Every 3 Months,3,0.19999999999999998,Low Engagement,0.3767857142857143,Low Value,1,1
1486,22,Male,Accessories,Nebraska,Spring,56,3,3.4,1,No,0,Yes,1,Cash,Standard,Fortnightly,5,0.39999999999999997,Medium Engagement,0.24540816326530612,Low Value,1,0
1487,25,Male,Footwear,Idaho,Spring,73,23,5.0,1,No,0,Yes,1,Venmo,Free Shipping,Every 3 Months,3,0.19999999999999998,Low Engagement,0.5557397959183673,Mid Value,1,1
1488,40,Male,Clothing,Arizona,Summer,44,26,4.6,1,No,0,Yes,1,PayPal,Store Pickup,Annually,1,0.0,Low Engagement,0.4051020408163265,Mid Value,1,1
1489,23,Male,Accessories,Hawaii,Winter,44,37,4.0,1,No,0,Yes,1,Credit Card,Standard,Weekly,7,0.6,Medium Engagement,0.5173469387755102,Mid Value,1,1
1490,24,Male,Accessories,Missouri,Summer,26,42,4.1,1,No,0,Yes,1,Venmo,Next Day Air,Quarterly,3,0.19999999999999998,Low Engagement,0.4558673469387755,Mid Value,1,1
1491,66,Male,Footwear,Louisiana,Spring,52,15,4.9,1,No,0,Yes,1,Venmo,Express,Bi-Weekly,6,0.5,Medium Engagement,0.34285714285714286,Low Value,1,1
1492,27,Male,Clothing,Arkansas,Summer,54,10,2.7,1,No,0,Yes,1,Bank Transfer,Free Shipping,Quarterly,3,0.19999999999999998,Low Engagement,0.30433673469387756,Low Value,1,0
1493,62,Male,Outerwear,North Carolina,Summer,38,3,4.5,1,No,0,Yes,1,Venmo,Free Shipping,Quarterly,3,0.19999999999999998,Low Engagement,0.13290816326530613,Low Value,1,1
1494,70,Male,Accessories,North Dakota,Fall,44,44,2.7,1,No,0,Yes,1,Credit Card,Standard,Quarterly,3,0.19999999999999998,Low Engagement,0.5887755102040816,High Value,1,0
1495,43,Male,Clothing,Montana,Spring,76,23,3.0,1,No,0,Yes,1,Bank Transfer,Next Day Air,Fortnightly,5,0.39999999999999997,Medium Engagement,0.5744897959183674,Mid Value,1,0
1496,45,Male,Accessories,Rhode Island,Winter,23,6,4.5,1,No,0,Yes,1,PayPal,Next Day Air,Weekly,7,0.6,Medium Engagement,0.06977040816326531,Low Value,1,1
1497,63,Male,Clothing,Idaho,Winter,98,9,5.0,1,No,0,Yes,1,Venmo,Standard,Bi-Weekly,6,0.5,Medium Engagement,0.5691326530612245,Mid Value,1,1
1498,69,Male,Outerwear,Michigan,Spring,33,16,3.8,1,No,0,Yes,1,Debit Card,2-Day Shipping,Every 3 Months,3,0.19999999999999998,Low Engagement,0.2343112244897959,Low Value,1,0
1499,59,Male,Clothing,Illinois,Summer,32,46,3.1,1,No,0,Yes,1,Venmo,Standard,Fortnightly,5,0.39999999999999997,Medium Engagement,0.5341836734693878,Mid Value,1,0
1500,19,Male,Footwear,Georgia,Fall,85,24,3.4,1,No,0,Yes,1,Credit Card,Free Shipping,Every 3 Months,3,0.19999999999999998,Low Engagement,0.6409438775510204,High Value,1,0
1501,63,Male,Clothing,Alabama,Summer,69,22,4.8,1,No,0,Yes,1,Debit Card,Next Day Air,Monthly,4,0.3,Low Engagement,0.5205357142857143,Mid Value,1,1
1502,37,Male,Clothing,Alaska,Spring,55,13,2.7,1,No,0,Yes,1,Debit Card,Standard,Every 3 Months,3,0.19999999999999998,Low Engagement,0.34119897959183676,Low Value,1,0
1503,37,Male,Clothing,Massachusetts,Summer,66,20,3.2,1,No,0,Yes,1,Cash,Store Pickup,Fortnightly,5,0.39999999999999997,Medium Engagement,0.48137755102040813,Mid Value,1,0
1504,50,Male,Outerwear,Michigan,Fall,30,46,3.9,1,No,0,Yes,1,Cash,2-Day Shipping,Quarterly,3,0.19999999999999998,Low Engagement,0.5216836734693877,Mid Value,1,0
1505,60,Male,Outerwear,Alaska,Winter,80,10,4.2,1,No,0,Yes,1,Bank Transfer,Next Day Air,Monthly,4,0.3,Low Engagement,0.46683673469387754,Mid Value,1,1
1506,46,Male,Accessories,North Dakota,Summer,20,39,3.0,1,No,0,Yes,1,Cash,Express,Monthly,4,0.3,Low Engagement,0.3877551020408163,Low Value,1,0
1507,35,Male,Clothing,South Carolina,Fall,30,44,3.0,1,No,0,Yes,1,PayPal,2-Day Shipping,Quarterly,3,0.19999999999999998,Low Engagement,0.5012755102040816,Mid Value,1,0
1508,66,Male,Clothing,Pennsylvania,Winter,86,7,3.7,1,No,0,Yes,1,Venmo,2-Day Shipping,Annually,1,0.0,Low Engagement,0.47372448979591836,Mid Value,1,0
1509,35,Male,Clothing,Colorado,Spring,84,3,4.4,1,No,0,Yes,1,Cash,Store Pickup,Every 3 Months,3,0.19999999999999998,Low Engagement,0.42040816326530617,Mid Value,1,1
1510,20,Male,Clothing,New Hampshire,Summer,54,44,4.6,1,No,0,Yes,1,Debit Card,Free Shipping,Annually,1,0.0,Low Engagement,0.6512755102040816,High Value,1,1
1511,55,Male,Clothing,Maryland,Fall,30,31,3.0,1,No,0,Yes,1,Venmo,Free Shipping,Annually,1,0.0,Low Engagement,0.36862244897959184,Low Value,1,0
1512,34,Male,Clothing,Georgia,Winter,91,48,3.6,1,No,0,Yes,1,Credit Card,Express,Weekly,7,0.6,Medium Engagement,0.9233418367346938,High Value,1,0
1513,60,Male,Footwear,Wisconsin,Winter,23,18,3.9,1,No,0,Yes,1,PayPal,Standard,Bi-Weekly,6,0.5,Medium Engagement,0.19221938775510203,Low Value,1,0
1514,22,Male,Clothing,Texas,Spring,35,27,4.1,1,No,0,Yes,1,Cash,Free Shipping,Monthly,4,0.3,Low Engagement,0.3590561224489796,Low Value,1,1
1515,26,Male,Footwear,Utah,Winter,90,1,3.9,1,No,0,Yes,1,Venmo,2-Day Shipping,Weekly,7,0.6,Medium Engagement,0.4375,Mid Value,1,0
1516,39,Male,Clothing,Indiana,Fall,93,34,3.9,1,No,0,Yes,1,Cash,2-Day Shipping,Weekly,7,0.6,Medium Engagement,0.792984693877551,High Value,1,0
1517,20,Male,Clothing,Nevada,Winter,68,5,4.5,1,No,0,Yes,1,Bank Transfer,Express,Bi-Weekly,6,0.5,Medium Engagement,0.3408163265306122,Low Value,1,1
1518,57,Male,Accessories,New Hampshire,Spring,41,12,3.4,1,No,0,Yes,1,Cash,Standard,Quarterly,3,0.19999999999999998,Low Engagement,0.24349489795918366,Low Value,1,0
1519,68,Male,Accessories,New York,Winter,73,14,4.1,1,No,0,Yes,1,Venmo,Next Day Air,Fortnightly,5,0.39999999999999997,Medium Engagement,0.46390306122448977,Mid Value,1,1
1520,50,Male,Accessories,Texas,Fall,73,40,4.9,1,No,0,Yes,1,PayPal,Next Day Air,Weekly,7,0.6,Medium Engagement,0.7292091836734693,High Value,1,1
1521,21,Male,Accessories,Iowa,Summer,66,39,4.4,1,No,0,Yes,1,Cash,2-Day Shipping,Quarterly,3,0.19999999999999998,Low Engagement,0.6752551020408163,High Value,1,1
1522,29,Male,Accessories,Washington,Summer,59,50,2.7,1,No,0,Yes,1,Bank Transfer,2-Day Shipping,Weekly,7,0.6,Medium Engagement,0.74375,High Value,1,0
1523,38,Male,Clothing,Tennessee,Spring,72,5,4.8,1,No,0,Yes,1,Debit Card,Free Shipping,Monthly,4,0.3,Low Engagement,0.36581632653061225,Low Value,1,1
1524,54,Male,Clothing,Georgia,Summer,88,35,3.3,1,No,0,Yes,1,Debit Card,2-Day Shipping,Annually,1,0.0,Low Engagement,0.7719387755102041,High Value,1,0
1525,22,Male,Clothing,Massachusetts,Summer,76,6,4.4,1,No,0,Yes,1,Cash,Free Shipping,Bi-Weekly,6,0.5,Medium Engagement,0.4010204081632653,Low Value,1,1
1526,29,Male,Accessories,Oregon,Winter,31,22,4.6,1,No,0,Yes,1,Cash,2-Day Shipping,Fortnightly,5,0.39999999999999997,Medium Engagement,0.2830357142857143,Low Value,1,1
1527,41,Male,Outerwear,Oklahoma,Summer,22,27,3.1,1,No,0,Yes,1,PayPal,Next Day Air,Monthly,4,0.3,Low Engagement,0.2778061224489796,Low Value,1,0
1528,26,Male,Accessories,Wisconsin,Fall,75,33,4.5,1,No,0,Yes,1,Debit Card,2-Day Shipping,Fortnightly,5,0.39999999999999997,Medium Engagement,0.6702806122448979,High Value,1,1
1529,69,Male,Clothing,Oregon,Spring,75,47,4.0,1,No,0,Yes,1,Venmo,Store Pickup,Bi-Weekly,6,0.5,Medium Engagement,0.8131377551020409,High Value,1,1
1530,20,Male,Accessories,Georgia,Winter,63,48,3.1,1,No,0,Yes,1,Credit Card,Free Shipping,Bi-Weekly,6,0.5,Medium Engagement,0.7483418367346939,High Value,1,0
1531,59,Male,Outerwear,New Mexico,Spring,21,22,3.9,1,No,0,Yes,1,Bank Transfer,Next Day Air,Quarterly,3,0.19999999999999998,Low Engagement,0.22053571428571428,Low Value,1,0
1532,63,Male,Accessories,Mississippi,Spring,83,8,4.5,1,No,0,Yes,1,PayPal,Next Day Air,Bi-Weekly,6,0.5,Medium Engagement,0.46517857142857144,Mid Value,1,1
1533,68,Male,Outerwear,Wisconsin,Winter,46,5,4.4,1,No,0,Yes,1,PayPal,Next Day Air,Every 3 Months,3,0.19999999999999998,Low Engagement,0.20331632653061224,Low Value,1,1
1534,50,Male,Footwear,New Hampshire,Summer,59,16,3.6,1,No,0,Yes,1,Bank Transfer,2-Day Shipping,Quarterly,3,0.19999999999999998,Low Engagement,0.3968112244897959,Low Value,1,0
1535,55,Male,Clothing,Wyoming,Summer,66,26,3.4,1,No,0,Yes,1,Venmo,Free Shipping,Fortnightly,5,0.39999999999999997,Medium Engagement,0.5426020408163266,Mid Value,1,0
1536,36,Male,Footwear,West Virginia,Fall,74,8,4.0,1,No,0,Yes,1,Venmo,2-Day Shipping,Monthly,4,0.3,Low Engagement,0.4089285714285714,Mid Value,1,1
1537,18,Male,Accessories,Michigan,Summer,82,17,2.6,1,No,0,Yes,1,Cash,Store Pickup,Quarterly,3,0.19999999999999998,Low Engagement,0.550765306122449,Mid Value,1,0
1538,68,Male,Footwear,Alaska,Spring,89,50,3.2,1,No,0,Yes,1,Venmo,Next Day Air,Annually,1,0.0,Low Engagement,0.93125,High Value,1,0
1539,56,Male,Clothing,Illinois,Fall,65,22,3.2,1,No,0,Yes,1,Venmo,Standard,Bi-Weekly,6,0.5,Medium Engagement,0.4955357142857143,Mid Value,1,0
1540,32,Male,Accessories,Hawaii,Spring,55,19,5.0,1,No,0,Yes,1,Cash,2-Day Shipping,Every 3 Months,3,0.19999999999999998,Low Engagement,0.4024234693877551,Low Value,1,1
1541,28,Male,Clothing,Colorado,Winter,95,14,2.9,1,No,0,Yes,1,Bank Transfer,Next Day Air,Monthly,4,0.3,Low Engagement,0.6014030612244898,High Value,1,0
1542,24,Male,Accessories,Illinois,Winter,77,35,2.9,1,No,0,Yes,1,Cash,Store Pickup,Bi-Weekly,6,0.5,Medium Engagement,0.7031887755102041,High Value,1,0
1543,59,Male,Clothing,Hawaii,Winter,44,43,3.5,1,No,0,Yes,1,PayPal,Next Day Air,Weekly,7,0.6,Medium Engagement,0.5785714285714285,Mid Value,1,0
1544,56,Male,Clothing,Wisconsin,Fall,89,24,4.0,1,No,0,Yes,1,Venmo,Standard,Annually,1,0.0,Low Engagement,0.6659438775510205,High Value,1,1
1545,30,Male,Accessories,Arkansas,Spring,24,17,3.9,1,No,0,Yes,1,Debit Card,Standard,Bi-Weekly,6,0.5,Medium Engagement,0.18826530612244896,Low Value,1,0
1546,48,Male,Accessories,Delaware,Winter,43,49,4.9,1,No,0,Yes,1,Bank Transfer,Store Pickup,Annually,1,0.0,Low Engagement,0.6335459183673469,High Value,1,1
1547,60,Male,Footwear,Oregon,Summer,51,17,3.8,1,No,0,Yes,1,Bank Transfer,Express,Annually,1,0.0,Low Engagement,0.35701530612244897,Low Value,1,0
1548,46,Male,Accessories,South Carolina,Summer,46,40,3.5,1,No,0,Yes,1,Cash,Standard,Quarterly,3,0.19999999999999998,Low Engagement,0.5604591836734694,Mid Value,1,0
1549,69,Male,Clothing,Maryland,Summer,32,43,3.7,1,No,0,Yes,1,Bank Transfer,Store Pickup,Weekly,7,0.6,Medium Engagement,0.5035714285714286,Mid Value,1,0
1550,19,Male,Footwear,Kansas,Spring,55,19,2.9,1,No,0,Yes,1,Debit Card,2-Day Shipping,Every 3 Months,3,0.19999999999999998,Low Engagement,0.4024234693877551,Low Value,1,0
1551,66,Male,Accessories,Arkansas,Summer,26,40,2.8,1,No,0,Yes,1,Bank Transfer,Free Shipping,Quarterly,3,0.19999999999999998,Low Engagement,0.43545918367346936,Mid Value,1,0
1552,64,Male,Accessories,Minnesota,Summer,29,13,3.7,1,No,0,Yes,1,Credit Card,2-Day Shipping,Monthly,4,0.3,Low Engagement,0.17869897959183673,Low Value,1,0
1553,54,Male,Clothing,New Mexico,Spring,49,20,3.0,1,No,0,Yes,1,Credit Card,Express,Monthly,4,0.3,Low Engagement,0.3751275510204082,Low Value,1,0
1554,27,Male,Clothing,Delaware,Spring,45,21,4.8,1,No,0,Yes,1,Debit Card,Free Shipping,Quarterly,3,0.19999999999999998,Low Engagement,0.36033163265306123,Low Value,1,1
1555,64,Male,Clothing,Utah,Winter,48,18,2.7,1,No,0,Yes,1,Cash,Standard,Bi-Weekly,6,0.5,Medium Engagement,0.34846938775510206,Low Value,1,0
1556,43,Male,Clothing,Ohio,Winter,47,44,4.5,1,No,0,Yes,1,Cash,Free Shipping,Quarterly,3,0.19999999999999998,Low Engagement,0.6075255102040816,High Value,1,1
1557,43,Male,Clothing,Alabama,Fall,57,26,2.7,1,No,0,Yes,1,Credit Card,Standard,Quarterly,3,0.19999999999999998,Low Engagement,0.48635204081632655,Mid Value,1,0
1558,27,Male,Accessories,South Dakota,Fall,34,34,3.5,1,No,0,Yes,1,PayPal,Next Day Air,Quarterly,3,0.19999999999999998,Low Engagement,0.424234693877551,Mid Value,1,0
1559,35,Male,Accessories,New Mexico,Fall,75,24,3.5,1,No,0,Yes,1,Credit Card,Express,Every 3 Months,3,0.19999999999999998,Low Engagement,0.5784438775510204,Mid Value,1,0
1560,43,Male,Accessories,Oregon,Fall,94,23,4.5,1,No,0,Yes,1,PayPal,Store Pickup,Fortnightly,5,0.39999999999999997,Medium Engagement,0.6869897959183674,High Value,1,1
1561,57,Male,Accessories,Oregon,Winter,84,3,3.8,1,No,0,Yes,1,Debit Card,Free Shipping,Weekly,7,0.6,Medium Engagement,0.42040816326530617,Mid Value,1,0
1562,50,Male,Accessories,Mississippi,Summer,38,2,3.8,1,No,0,Yes,1,Bank Transfer,Standard,Quarterly,3,0.19999999999999998,Low Engagement,0.12270408163265306,Low Value,1,0
1563,37,Male,Accessories,Alabama,Winter,75,23,3.2,1,No,0,Yes,1,Venmo,Next Day Air,Bi-Weekly,6,0.5,Medium Engagement,0.5682397959183674,Mid Value,1,0
1564,68,Male,Clothing,Kansas,Fall,44,8,4.3,1,No,0,Yes,1,Cash,Next Day Air,Weekly,7,0.6,Medium Engagement,0.22142857142857142,Low Value,1,1
1565,22,Male,Accessories,California,Summer,33,30,4.5,1,No,0,Yes,1,Debit Card,Next Day Air,Every 3 Months,3,0.19999999999999998,Low Engagement,0.37716836734693876,Low Value,1,1
1566,58,Male,Accessories,Idaho,Fall,93,48,4.2,1,No,0,Yes,1,PayPal,Free Shipping,Annually,1,0.0,Low Engagement,0.9358418367346939,High Value,1,1
1567,48,Male,Footwear,Wyoming,Winter,99,21,3.0,1,No,0,Yes,1,Cash,Free Shipping,Bi-Weekly,6,0.5,Medium Engagement,0.6978316326530613,High Value,1,0
1568,30,Male,Accessories,Minnesota,Spring,33,9,4.1,1,No,0,Yes,1,Cash,Standard,Monthly,4,0.3,Low Engagement,0.16288265306122449,Low Value,1,1
1569,51,Male,Footwear,Washington,Spring,76,8,4.6,1,No,0,Yes,1,Debit Card,Store Pickup,Monthly,4,0.3,Low Engagement,0.4214285714285714,Mid Value,1,1
1570,20,Male,Clothing,Hawaii,Summer,63,29,2.9,1,No,0,Yes,1,Debit Card,Standard,Weekly,7,0.6,Medium Engagement,0.5544642857142856,Mid Value,1,0
1571,30,Male,Clothing,Missouri,Winter,41,3,4.8,1,No,0,Yes,1,Bank Transfer,Next Day Air,Every 3 Months,3,0.19999999999999998,Low Engagement,0.15165816326530612,Low Value,1,1
1572,28,Male,Accessories,Colorado,Winter,88,11,4.5,1,No,0,Yes,1,Bank Transfer,Next Day Air,Fortnightly,5,0.39999999999999997,Medium Engagement,0.5270408163265305,Mid Value,1,1
1573,37,Male,Clothing,Washington,Summer,92,16,3.4,1,No,0,Yes,1,Debit Card,2-Day Shipping,Monthly,4,0.3,Low Engagement,0.6030612244897959,High Value,1,0
1574,36,Male,Clothing,North Dakota,Summer,31,25,4.3,1,No,0,Yes,1,Debit Card,2-Day Shipping,Weekly,7,0.6,Medium Engagement,0.3136479591836735,Low Value,1,1
1575,18,Male,Clothing,Minnesota,Spring,25,32,4.2,1,No,0,Yes,1,PayPal,Free Shipping,Bi-Weekly,6,0.5,Medium Engagement,0.3475765306122449,Low Value,1,1
1576,52,Male,Clothing,California,Spring,28,28,3.6,1,No,0,Yes,1,Cash,Next Day Air,Fortnightly,5,0.39999999999999997,Medium Engagement,0.3255102040816326,Low Value,1,0
1577,56,Male,Clothing,Michigan,Spring,75,36,3.7,1,No,0,Yes,1,PayPal,2-Day Shipping,Monthly,4,0.3,Low Engagement,0.7008928571428572,High Value,1,0
1578,68,Male,Footwear,Delaware,Spring,34,7,4.0,1,No,0,Yes,1,Venmo,Standard,Fortnightly,5,0.39999999999999997,Medium Engagement,0.14872448979591835,Low Value,1,1
1579,62,Male,Clothing,California,Winter,97,2,4.9,1,No,0,Yes,1,PayPal,2-Day Shipping,Quarterly,3,0.19999999999999998,Low Engagement,0.4914540816326531,Mid Value,1,1
1580,35,Male,Outerwear,Oklahoma,Summer,80,6,3.1,1,No,0,Yes,1,Bank Transfer,Free Shipping,Monthly,4,0.3,Low Engagement,0.4260204081632653,Mid Value,1,0
1581,65,Male,Footwear,North Dakota,Summer,71,30,3.7,1,No,0,Yes,1,Cash,Standard,Annually,1,0.0,Low Engagement,0.6146683673469387,High Value,1,0
1582,69,Male,Accessories,Ohio,Fall,77,46,4.2,1,No,0,Yes,1,Cash,Free Shipping,Quarterly,3,0.19999999999999998,Low Engagement,0.8154336734693878,High Value,1,1
1583,28,Male,Accessories,Hawaii,Spring,41,39,2.5,1,No,0,Yes,1,Cash,Next Day Air,Monthly,4,0.3,Low Engagement,0.5190051020408163,Mid Value,1,0
1584,37,Male,Accessories,Maryland,Summer,92,8,4.3,1,No,0,Yes,1,Venmo,Next Day Air,Annually,1,0.0,Low Engagement,0.5214285714285715,Mid Value,1,1
1585,41,Male,Clothing,Hawaii,Spring,95,46,3.1,1,No,0,Yes,1,Credit Card,Store Pickup,Quarterly,3,0.19999999999999998,Low Engagement,0.9279336734693877,High Value,1,0
1586,37,Male,Clothing,Alabama,Fall,25,40,3.0,1,No,0,Yes,1,Debit Card,Next Day Air,Fortnightly,5,0.39999999999999997,Medium Engagement,0.4292091836734694,Mid Value,1,0
1587,25,Male,Footwear,Oklahoma,Fall,77,21,4.0,1,No,0,Yes,1,Bank Transfer,Express,Weekly,7,0.6,Medium Engagement,0.5603316326530612,Mid Value,1,1
1588,41,Male,Clothing,Alabama,Summer,99,33,3.5,1,No,0,Yes,1,Credit Card,Free Shipping,Fortnightly,5,0.39999999999999997,Medium Engagement,0.820280612244898,High Value,1,0
1589,48,Male,Accessories,Vermont,Winter,24,3,3.2,1,No,0,Yes,1,Venmo,Next Day Air,Monthly,4,0.3,Low Engagement,0.045408163265306126,Low Value,1,0
1590,42,Male,Footwear,Ohio,Summer,72,48,2.7,1,No,0,Yes,1,Cash,Store Pickup,Weekly,7,0.6,Medium Engagement,0.8045918367346938,High Value,1,0
1591,54,Male,Clothing,Wisconsin,Winter,80,8,3.0,1,No,0,Yes,1,PayPal,Free Shipping,Annually,1,0.0,Low Engagement,0.4464285714285714,Mid Value,1,0
1592,18,Male,Clothing,South Dakota,Winter,100,24,2.9,1,No,0,Yes,1,PayPal,Next Day Air,Annually,1,0.0,Low Engagement,0.7346938775510204,High Value,1,0
1593,56,Male,Footwear,Iowa,Summer,83,10,3.3,1,No,0,Yes,1,Bank Transfer,Free Shipping,Every 3 Months,3,0.19999999999999998,Low Engagement,0.48558673469387753,Mid Value,1,0
1594,61,Male,Clothing,Maryland,Spring,95,25,4.9,1,No,0,Yes,1,Bank Transfer,2-Day Shipping,Monthly,4,0.3,Low Engagement,0.7136479591836735,High Value,1,1
1595,40,Male,Accessories,Colorado,Summer,41,3,3.7,1,No,0,Yes,1,Cash,Store Pickup,Fortnightly,5,0.39999999999999997,Medium Engagement,0.15165816326530612,Low Value,1,0
1596,34,Male,Accessories,Wisconsin,Spring,35,45,3.5,1,No,0,Yes,1,Debit Card,Standard,Fortnightly,5,0.39999999999999997,Medium Engagement,0.5427295918367347,Mid Value,1,0
1597,42,Male,Accessories,Mississippi,Fall,30,15,4.7,1,No,0,Yes,1,Debit Card,Store Pickup,Monthly,4,0.3,Low Engagement,0.20535714285714285,Low Value,1,1
1598,43,Male,Accessories,Mississippi,Winter,21,34,2.6,1,No,0,Yes,1,Bank Transfer,Store Pickup,Quarterly,3,0.19999999999999998,Low Engagement,0.342984693877551,Low Value,1,0
1599,47,Male,Accessories,California,Fall,85,21,4.1,1,No,0,Yes,1,Venmo,Express,Bi-Weekly,6,0.5,Medium Engagement,0.6103316326530612,High Value,1,1
1600,48,Male,Clothing,Delaware,Winter,54,22,2.8,1,No,0,Yes,1,Debit Card,2-Day Shipping,Bi-Weekly,6,0.5,Medium Engagement,0.42678571428571427,Mid Value,1,0
1601,20,Male,Footwear,Montana,Spring,26,24,4.7,1,No,0,Yes,1,PayPal,Next Day Air,Weekly,7,0.6,Medium Engagement,0.2721938775510204,Low Value,1,1
1602,65,Male,Clothing,Indiana,Spring,59,33,2.9,1,No,0,Yes,1,Credit Card,Store Pickup,Monthly,4,0.3,Low Engagement,0.5702806122448979,Mid Value,1,0
1603,54,Male,Accessories,West Virginia,Winter,48,13,2.8,1,No,0,Yes,1,Venmo,Free Shipping,Fortnightly,5,0.39999999999999997,Medium Engagement,0.2974489795918367,Low Value,1,0
1604,23,Male,Clothing,Iowa,Summer,98,17,4.3,1,No,0,Yes,1,Debit Card,Next Day Air,Bi-Weekly,6,0.5,Medium Engagement,0.650765306122449,High Value,1,1
1605,18,Male,Clothing,Maine,Summer,92,25,4.8,1,No,0,Yes,1,Credit Card,2-Day Shipping,Every 3 Months,3,0.19999999999999998,Low Engagement,0.6948979591836735,High Value,1,1
1606,70,Male,Accessories,Connecticut,Winter,46,15,3.4,1,No,0,Yes,1,Credit Card,Next Day Air,Bi-Weekly,6,0.5,Medium Engagement,0.3053571428571429,Low Value,1,0
1607,55,Male,Clothing,Kansas,Spring,21,4,4.3,1,No,0,Yes,1,PayPal,Standard,Fortnightly,5,0.39999999999999997,Medium Engagement,0.03686224489795918,Low Value,1,1
1608,49,Male,Clothing,Vermont,Fall,72,43,2.7,1,No,0,Yes,1,Debit Card,Free Shipping,Quarterly,3,0.19999999999999998,Low Engagement,0.7535714285714286,High Value,1,0
1609,26,Male,Footwear,Nebraska,Fall,58,12,4.6,1,No,0,Yes,1,Bank Transfer,Next Day Air,Bi-Weekly,6,0.5,Medium Engagement,0.3497448979591837,Low Value,1,1
1610,33,Male,Clothing,Nevada,Fall,93,3,4.1,1,No,0,Yes,1,Venmo,Standard,Monthly,4,0.3,Low Engagement,0.47665816326530613,Mid Value,1,1
1611,20,Male,Clothing,Tennessee,Spring,31,1,3.4,1,No,0,Yes,1,PayPal,2-Day Shipping,Annually,1,0.0,Low Engagement,0.06875,Low Value,1,0
1612,41,Male,Clothing,Arkansas,Winter,26,6,4.5,1,No,0,Yes,1,Debit Card,Next Day Air,Monthly,4,0.3,Low Engagement,0.08852040816326531,Low Value,1,1
1613,18,Male,Clothing,Wisconsin,Summer,68,26,4.4,1,No,0,Yes,1,Venmo,Standard,Monthly,4,0.3,Low Engagement,0.5551020408163265,Mid Value,1,1
1614,26,Male,Accessories,Illinois,Summer,31,6,4.0,1,No,0,Yes,1,Credit Card,Next Day Air,Fortnightly,5,0.39999999999999997,Medium Engagement,0.11977040816326531,Low Value,1,1
1615,30,Male,Clothing,Kansas,Summer,41,22,3.4,1,No,0,Yes,1,Cash,Free Shipping,Bi-Weekly,6,0.5,Medium Engagement,0.3455357142857143,Low Value,1,0
1616,64,Male,Accessories,New York,Fall,62,45,3.2,1,No,0,Yes,1,Cash,Standard,Bi-Weekly,6,0.5,Medium Engagement,0.7114795918367347,High Value,1,0
1617,26,Male,Accessories,Colorado,Spring,41,50,3.4,1,No,0,Yes,1,Cash,Standard,Quarterly,3,0.19999999999999998,Low Engagement,0.63125,High Value,1,0
1618,43,Male,Clothing,Wisconsin,Winter,64,50,4.3,1,No,0,Yes,1,Credit Card,Standard,Fortnightly,5,0.39999999999999997,Medium Engagement,0.775,High Value,1,1
1619,63,Male,Footwear,Michigan,Summer,72,39,5.0,1,No,0,Yes,1,Debit Card,Standard,Quarterly,3,0.19999999999999998,Low Engagement,0.7127551020408163,High Value,1,1
1620,57,Male,Accessories,Hawaii,Winter,78,50,3.5,1,No,0,Yes,1,Venmo,Store Pickup,Bi-Weekly,6,0.5,Medium Engagement,0.8625,High Value,1,0
1621,25,Male,Accessories,Virginia,Winter,47,27,3.1,1,No,0,Yes,1,PayPal,2-Day Shipping,Every 3 Months,3,0.19999999999999998,Low Engagement,0.4340561224489796,Mid Value,1,0
1622,68,Male,Accessories,Ohio,Summer,46,38,3.9,1,No,0,Yes,1,Debit Card,2-Day Shipping,Fortnightly,5,0.39999999999999997,Medium Engagement,0.5400510204081632,Mid Value,1,0
1623,31,Male,Clothing,Missouri,Winter,43,37,4.0,1,No,0,Yes,1,Bank Transfer,Store Pickup,Every 3 Months,3,0.19999999999999998,Low Engagement,0.5110969387755102,Mid Value,1,1
1624,64,Male,Accessories,Indiana,Summer,58,50,3.5,1,No,0,Yes,1,Debit Card,Next Day Air,Annually,1,0.0,Low Engagement,0.7375,High Value,1,0
1625,38,Male,Clothing,Florida,Winter,32,40,3.6,1,No,0,Yes,1,PayPal,Free Shipping,Every 3 Months,3,0.19999999999999998,Low Engagement,0.4729591836734694,Mid Value,1,0
1626,34,Male,Clothing,Minnesota,Winter,45,3,3.0,1,No,0,Yes,1,PayPal,Next Day Air,Bi-Weekly,6,0.5,Medium Engagement,0.17665816326530612,Low Value,1,0
1627,32,Male,Footwear,Nevada,Summer,35,45,2.6,1,No,0,Yes,1,Credit Card,Next Day Air,Bi-Weekly,6,0.5,Medium Engagement,0.5427295918367347,Mid Value,1,0
1628,69,Male,Accessories,Maine,Winter,21,8,2.9,1,No,0,Yes,1,Credit Card,Next Day Air,Annually,1,0.0,Low Engagement,0.07767857142857143,Low Value,1,0
1629,45,Male,Clothing,Massachusetts,Winter,64,7,3.1,1,No,0,Yes,1,Cash,Next Day Air,Monthly,4,0.3,Low Engagement,0.3362244897959184,Low Value,1,0
1630,35,Male,Clothing,North Dakota,Spring,88,13,3.3,1,No,0,Yes,1,Venmo,Next Day Air,Quarterly,3,0.19999999999999998,Low Engagement,0.5474489795918367,Mid Value,1,0
1631,63,Male,Footwear,New Jersey,Summer,48,29,2.9,1,No,0,Yes,1,Venmo,Store Pickup,Every 3 Months,3,0.19999999999999998,Low Engagement,0.4607142857142857,Mid Value,1,0
1632,65,Male,Clothing,Indiana,Summer,36,7,3.9,1,No,0,Yes,1,Bank Transfer,2-Day Shipping,Fortnightly,5,0.39999999999999997,Medium Engagement,0.16122448979591836,Low Value,1,0
1633,35,Male,Accessories,Oregon,Summer,28,50,4.7,1,No,0,Yes,1,Debit Card,2-Day Shipping,Every 3 Months,3,0.19999999999999998,Low Engagement,0.55,Mid Value,1,1
1634,54,Male,Clothing,North Dakota,Spring,80,33,4.4,1,No,0,Yes,1,Debit Card,2-Day Shipping,Bi-Weekly,6,0.5,Medium Engagement,0.7015306122448979,High Value,1,1
1635,28,Male,Outerwear,South Carolina,Summer,23,30,3.6,1,No,0,Yes,1,Cash,Store Pickup,Every 3 Months,3,0.19999999999999998,Low Engagement,0.31466836734693876,Low Value,1,0
1636,68,Male,Accessories,North Carolina,Summer,24,40,3.2,1,No,0,Yes,1,Cash,Standard,Annually,1,0.0,Low Engagement,0.4229591836734694,Mid Value,1,0
1637,58,Male,Footwear,North Dakota,Fall,22,49,4.0,1,No,0,Yes,1,Cash,Free Shipping,Fortnightly,5,0.39999999999999997,Medium Engagement,0.5022959183673469,Mid Value,1,1
1638,35,Male,Clothing,Massachusetts,Spring,21,32,3.5,1,No,0,Yes,1,Venmo,Next Day Air,Fortnightly,5,0.39999999999999997,Medium Engagement,0.3225765306122449,Low Value,1,0
1639,68,Male,Outerwear,Tennessee,Spring,51,18,4.6,1,No,0,Yes,1,Venmo,Free Shipping,Weekly,7,0.6,Medium Engagement,0.36721938775510204,Low Value,1,1
1640,41,Male,Accessories,Missouri,Summer,65,50,3.3,1,No,0,Yes,1,PayPal,Free Shipping,Annually,1,0.0,Low Engagement,0.78125,High Value,1,0
1641,65,Male,Accessories,Tennessee,Spring,51,13,4.0,1,No,0,Yes,1,PayPal,2-Day Shipping,Weekly,7,0.6,Medium Engagement,0.31619897959183674,Low Value,1,1
1642,50,Male,Clothing,Colorado,Summer,32,1,3.4,1,No,0,Yes,1,Bank Transfer,Free Shipping,Every 3 Months,3,0.19999999999999998,Low Engagement,0.075,Low Value,1,0
1643,18,Male,Outerwear,Mississippi,Spring,70,16,4.2,1,No,0,Yes,1,PayPal,Store Pickup,Fortnightly,5,0.39999999999999997,Medium Engagement,0.4655612244897959,Mid Value,1,1
1644,38,Male,Accessories,Ohio,Summer,77,6,3.9,1,No,0,Yes,1,PayPal,2-Day Shipping,Monthly,4,0.3,Low Engagement,0.4072704081632653,Mid Value,1,0
1645,68,Male,Outerwear,North Carolina,Summer,90,21,3.9,1,No,0,Yes,1,Debit Card,Next Day Air,Monthly,4,0.3,Low Engagement,0.6415816326530612,High Value,1,0
1646,53,Male,Accessories,Ohio,Summer,36,36,2.8,1,No,0,Yes,1,Venmo,Standard,Every 3 Months,3,0.19999999999999998,Low Engagement,0.4571428571428572,Mid Value,1,0
1647,58,Male,Accessories,Nebraska,Summer,77,20,3.7,1,No,0,Yes,1,Bank Transfer,Standard,Every 3 Months,3,0.19999999999999998,Low Engagement,0.5501275510204082,Mid Value,1,0
1648,34,Male,Footwear,Hawaii,Summer,78,8,4.9,1,No,0,Yes,1,Debit Card,Store Pickup,Quarterly,3,0.19999999999999998,Low Engagement,0.43392857142857144,Mid Value,1,1
1649,36,Male,Clothing,Oklahoma,Summer,69,22,2.6,1,No,0,Yes,1,Credit Card,Express,Monthly,4,0.3,Low Engagement,0.5205357142857143,Mid Value,1,0
1650,58,Male,Clothing,Wisconsin,Summer,63,3,4.9,1,No,0,Yes,1,Credit Card,Free Shipping,Quarterly,3,0.19999999999999998,Low Engagement,0.28915816326530613,Low Value,1,1
1651,60,Male,Accessories,Arkansas,Winter,36,46,3.4,1,No,0,Yes,1,Credit Card,Next Day Air,Fortnightly,5,0.39999999999999997,Medium Engagement,0.5591836734693878,Mid Value,1,0
1652,59,Male,Outerwear,Texas,Winter,80,42,3.9,1,No,0,Yes,1,Debit Card,Standard,Monthly,4,0.3,Low Engagement,0.7933673469387755,High Value,1,0
1653,65,Male,Clothing,New Mexico,Summer,35,1,4.0,1,No,0,Yes,1,Bank Transfer,Next Day Air,Fortnightly,5,0.39999999999999997,Medium Engagement,0.09375,Low Value,1,1
1654,31,Male,Accessories,Colorado,Winter,93,29,3.0,1,No,0,Yes,1,Debit Card,2-Day Shipping,Bi-Weekly,6,0.5,Medium Engagement,0.7419642857142856,High Value,1,0
1655,43,Male,Accessories,Indiana,Spring,25,14,2.6,1,No,0,Yes,1,Credit Card,Store Pickup,Quarterly,3,0.19999999999999998,Low Engagement,0.1639030612244898,Low Value,1,0
1656,37,Male,Clothing,Arizona,Spring,81,4,3.2,1,No,0,Yes,1,PayPal,Next Day Air,Monthly,4,0.3,Low Engagement,0.41186224489795914,Mid Value,1,0
1657,21,Male,Clothing,Indiana,Spring,42,41,2.6,1,No,0,Yes,1,PayPal,2-Day Shipping,Every 3 Months,3,0.19999999999999998,Low Engagement,0.5456632653061224,Mid Value,1,0
1658,69,Male,Clothing,Indiana,Spring,36,4,3.2,1,No,0,Yes,1,Debit Card,Store Pickup,Bi-Weekly,6,0.5,Medium Engagement,0.1306122448979592,Low Value,1,0
1659,32,Male,Accessories,Alaska,Spring,66,47,4.1,1,No,0,Yes,1,Cash,Store Pickup,Weekly,7,0.6,Medium Engagement,0.7568877551020408,High Value,1,1
1660,53,Male,Accessories,Utah,Fall,37,44,3.9,1,No,0,Yes,1,Venmo,Next Day Air,Annually,1,0.0,Low Engagement,0.5450255102040816,Mid Value,1,0
1661,59,Male,Clothing,Louisiana,Winter,45,37,4.1,1,No,0,Yes,1,Venmo,Standard,Monthly,4,0.3,Low Engagement,0.5235969387755102,Mid Value,1,1
1662,64,Male,Accessories,Iowa,Summer,86,21,2.7,1,No,0,Yes,1,Debit Card,2-Day Shipping,Quarterly,3,0.19999999999999998,Low Engagement,0.6165816326530612,High Value,1,0
1663,63,Male,Accessories,New Mexico,Winter,24,46,4.6,1,No,0,Yes,1,Debit Card,Free Shipping,Fortnightly,5,0.39999999999999997,Medium Engagement,0.4841836734693878,Mid Value,1,1
1664,43,Male,Clothing,Maine,Summer,22,1,3.5,1,No,0,Yes,1,Cash,Standard,Bi-Weekly,6,0.5,Medium Engagement,0.0125,Low Value,1,0
1665,19,Male,Accessories,Minnesota,Spring,53,35,5.0,1,No,0,Yes,1,PayPal,Next Day Air,Weekly,7,0.6,Medium Engagement,0.5531887755102041,Mid Value,1,1
1666,40,Male,Outerwear,New Mexico,Fall,41,49,3.4,1,No,0,Yes,1,Venmo,Next Day Air,Monthly,4,0.3,Low Engagement,0.6210459183673469,High Value,1,0
1667,51,Male,Clothing,Arkansas,Summer,64,47,3.1,1,No,0,Yes,1,PayPal,Store Pickup,Annually,1,0.0,Low Engagement,0.7443877551020408,High Value,1,0
1668,51,Male,Accessories,Oklahoma,Winter,40,24,3.4,1,No,0,Yes,1,Bank Transfer,2-Day Shipping,Every 3 Months,3,0.19999999999999998,Low Engagement,0.35969387755102045,Low Value,1,0
1669,66,Male,Clothing,Utah,Summer,33,28,4.0,1,No,0,Yes,1,Debit Card,Standard,Fortnightly,5,0.39999999999999997,Medium Engagement,0.3567602040816326,Low Value,1,1
1670,42,Male,Clothing,Wisconsin,Winter,59,22,2.7,1,No,0,Yes,1,Bank Transfer,Store Pickup,Quarterly,3,0.19999999999999998,Low Engagement,0.45803571428571427,Mid Value,1,0
1671,22,Male,Clothing,Utah,Fall,73,20,3.6,1,No,0,Yes,1,Cash,Free Shipping,Weekly,7,0.6,Medium Engagement,0.5251275510204081,Mid Value,1,0
1672,31,Male,Clothing,Utah,Winter,22,25,4.0,1,No,0,Yes,1,Bank Transfer,Free Shipping,Weekly,7,0.6,Medium Engagement,0.2573979591836735,Low Value,1,1
1673,18,Male,Footwear,South Carolina,Fall,73,15,3.8,1,No,0,Yes,1,Venmo,Free Shipping,Quarterly,3,0.19999999999999998,Low Engagement,0.47410714285714284,Mid Value,1,0
1674,21,Male,Clothing,Hawaii,Fall,62,49,3.4,1,No,0,Yes,1,Venmo,Next Day Air,Bi-Weekly,6,0.5,Medium Engagement,0.752295918367347,High Value,1,0
1675,35,Male,Outerwear,Alaska,Winter,56,10,3.2,1,No,0,Yes,1,Debit Card,Free Shipping,Fortnightly,5,0.39999999999999997,Medium Engagement,0.3168367346938776,Low Value,1,0
1676,35,Male,Clothing,Colorado,Spring,90,21,4.7,1,No,0,Yes,1,Credit Card,Next Day Air,Annually,1,0.0,Low Engagement,0.6415816326530612,High Value,1,1
1677,27,Male,Accessories,West Virginia,Winter,44,34,3.1,1,No,0,Yes,1,Bank Transfer,Next Day Air,Weekly,7,0.6,Medium Engagement,0.486734693877551,Mid Value,1,0
1678,65,Male,Clothing,Oregon,Summer,35,41,3.3,1,No,0,No,0,Debit Card,Next Day Air,Weekly,7,0.6,Medium Engagement,0.5019132653061225,Mid Value,0,0
1679,41,Male,Clothing,Ohio,Summer,71,30,4.8,1,No,0,No,0,Venmo,2-Day Shipping,Fortnightly,5,0.39999999999999997,Medium Engagement,0.6146683673469387,High Value,0,1
1680,60,Male,Clothing,Massachusetts,Fall,52,24,4.5,1,No,0,No,0,Debit Card,Next Day Air,Bi-Weekly,6,0.5,Medium Engagement,0.4346938775510204,Mid Value,0,1
1681,61,Male,Footwear,Louisiana,Summer,37,6,3.4,1,No,0,No,0,Credit Card,Store Pickup,Annually,1,0.0,Low Engagement,0.15727040816326532,Low Value,0,0
1682,24,Male,Footwear,Virginia,Winter,95,14,3.7,1,No,0,No,0,Credit Card,2-Day Shipping,Bi-Weekly,6,0.5,Medium Engagement,0.6014030612244898,High Value,0,0
1683,65,Male,Clothing,New York,Fall,97,37,4.9,1,No,0,No,0,Credit Card,2-Day Shipping,Bi-Weekly,6,0.5,Medium Engagement,0.8485969387755102,High Value,0,1
1684,23,Male,Outerwear,Arkansas,Spring,57,37,3.5,1,No,0,No,0,Venmo,Next Day Air,Quarterly,3,0.19999999999999998,Low Engagement,0.5985969387755102,High Value,0,0
1685,30,Male,Clothing,New Mexico,Spring,93,28,4.6,1,No,0,No,0,PayPal,Standard,Weekly,7,0.6,Medium Engagement,0.7317602040816327,High Value,0,1
1686,33,Male,Clothing,Minnesota,Winter,48,43,4.6,1,No,0,No,0,PayPal,Standard,Bi-Weekly,6,0.5,Medium Engagement,0.6035714285714285,High Value,0,1
1687,22,Male,Accessories,Illinois,Fall,75,25,4.2,1,No,0,No,0,Cash,Store Pickup,Annually,1,0.0,Low Engagement,0.5886479591836735,High Value,0,1
1688,67,Male,Clothing,Georgia,Winter,70,4,3.7,1,No,0,No,0,PayPal,Free Shipping,Annually,1,0.0,Low Engagement,0.34311224489795916,Low Value,0,0
1689,28,Male,Accessories,Mississippi,Winter,26,13,3.0,1,No,0,No,0,Venmo,Next Day Air,Fortnightly,5,0.39999999999999997,Medium Engagement,0.15994897959183674,Low Value,0,0
1690,32,Male,Clothing,North Carolina,Winter,73,32,4.6,1,No,0,No,0,Bank Transfer,Store Pickup,Monthly,4,0.3,Low Engagement,0.647576530612245,High Value,0,1
1691,40,Male,Outerwear,Nevada,Summer,30,1,3.2,1,No,0,No,0,Cash,Free Shipping,Annually,1,0.0,Low Engagement,0.0625,Low Value,0,0
1692,64,Male,Footwear,Connecticut,Summer,61,4,3.5,1,No,0,No,0,Cash,Next Day Air,Annually,1,0.0,Low Engagement,0.28686224489795914,Low Value,0,0
1693,56,Male,Accessories,Utah,Winter,75,33,2.6,1,No,0,No,0,Cash,Standard,Bi-Weekly,6,0.5,Medium Engagement,0.6702806122448979,High Value,0,0
1694,63,Male,Outerwear,Tennessee,Fall,88,45,4.9,1,No,0,No,0,Bank Transfer,Standard,Fortnightly,5,0.39999999999999997,Medium Engagement,0.8739795918367347,High Value,0,1
1695,20,Male,Clothing,Mississippi,Summer,67,20,2.7,1,No,0,No,0,Debit Card,Express,Fortnightly,5,0.39999999999999997,Medium Engagement,0.48762755102040817,Mid Value,0,0
1696,54,Male,Accessories,Nebraska,Fall,95,1,4.7,1,No,0,No,0,PayPal,2-Day Shipping,Fortnightly,5,0.39999999999999997,Medium Engagement,0.46875,Mid Value,0,1
1697,31,Male,Accessories,West Virginia,Spring,69,7,4.0,1,No,0,No,0,Credit Card,Free Shipping,Bi-Weekly,6,0.5,Medium Engagement,0.3674744897959184,Low Value,0,1
1698,36,Male,Clothing,South Carolina,Fall,87,48,3.5,1,No,0,No,0,Credit Card,Next Day Air,Every 3 Months,3,0.19999999999999998,Low Engagement,0.8983418367346938,High Value,0,0
1699,25,Male,Accessories,Iowa,Winter,41,46,4.8,1,No,0,No,0,Bank Transfer,Standard,Quarterly,3,0.19999999999999998,Low Engagement,0.5904336734693878,High Value,0,1
1700,20,Male,Clothing,North Dakota,Spring,67,34,4.0,1,No,0,No,0,Debit Card,Free Shipping,Annually,1,0.0,Low Engagement,0.630484693877551,High Value,0,1
1701,62,Male,Clothing,West Virginia,Fall,70,36,4.1,1,No,0,No,0,Bank Transfer,Express,Monthly,4,0.3,Low Engagement,0.6696428571428572,High Value,0,1
1702,69,Male,Accessories,Mississippi,Winter,41,44,3.8,1,No,0,No,0,Debit Card,Next Day Air,Every 3 Months,3,0.19999999999999998,Low Engagement,0.5700255102040817,Mid Value,0,0
1703,54,Male,Clothing,Alabama,Summer,83,48,5.0,1,No,0,No,0,Bank Transfer,Express,Weekly,7,0.6,Medium Engagement,0.8733418367346939,High Value,0,1
1704,39,Male,Accessories,California,Spring,22,12,4.0,1,No,0,No,0,Bank Transfer,Next Day Air,Annually,1,0.0,Low Engagement,0.12474489795918367,Low Value,0,1
1705,56,Male,Footwear,Idaho,Summer,20,19,3.9,1,No,0,No,0,Cash,Store Pickup,Every 3 Months,3,0.19999999999999998,Low Engagement,0.1836734693877551,Low Value,0,0
1706,39,Male,Accessories,South Dakota,Summer,29,49,3.4,1,No,0,No,0,Venmo,2-Day Shipping,Bi-Weekly,6,0.5,Medium Engagement,0.546045918367347,Mid Value,0,0
1707,37,Male,Accessories,North Dakota,Spring,87,25,3.0,1,No,0,No,0,Venmo,Standard,Fortnightly,5,0.39999999999999997,Medium Engagement,0.6636479591836735,High Value,0,0
1708,25,Male,Clothing,Nevada,Fall,81,25,4.9,1,No,0,No,0,Cash,2-Day Shipping,Bi-Weekly,6,0.5,Medium Engagement,0.6261479591836734,High Value,0,1
1709,35,Male,Footwear,Florida,Spring,58,1,3.2,1,No,0,No,0,Credit Card,Express,Quarterly,3,0.19999999999999998,Low Engagement,0.2375,Low Value,0,0
1710,45,Male,Clothing,Indiana,Winter,83,19,3.8,1,No,0,No,0,Bank Transfer,Standard,Annually,1,0.0,Low Engagement,0.5774234693877551,Mid Value,0,0
1711,19,Male,Clothing,Arkansas,Fall,59,7,3.8,1,No,0,No,0,Credit Card,Store Pickup,Quarterly,3,0.19999999999999998,Low Engagement,0.30497448979591835,Low Value,0,0
1712,21,Male,Clothing,North Carolina,Spring,93,19,4.7,1,No,0,No,0,Credit Card,Express,Monthly,4,0.3,Low Engagement,0.6399234693877551,High Value,0,1
1713,65,Male,Clothing,Illinois,Fall,87,9,3.8,1,No,0,No,0,Cash,2-Day Shipping,Fortnightly,5,0.39999999999999997,Medium Engagement,0.5003826530612245,Mid Value,0,0
1714,49,Male,Outerwear,Missouri,Winter,22,37,4.6,1,No,0,No,0,PayPal,Free Shipping,Quarterly,3,0.19999999999999998,Low Engagement,0.37984693877551023,Low Value,0,1
1715,30,Male,Clothing,South Dakota,Summer,71,15,4.4,1,No,0,No,0,Cash,Standard,Monthly,4,0.3,Low Engagement,0.4616071428571428,Mid Value,0,1
1716,23,Male,Clothing,Idaho,Spring,69,30,3.4,1,No,0,No,0,PayPal,2-Day Shipping,Bi-Weekly,6,0.5,Medium Engagement,0.6021683673469388,High Value,0,0
1717,69,Male,Clothing,Connecticut,Winter,47,30,4.7,1,No,0,No,0,Cash,Standard,Every 3 Months,3,0.19999999999999998,Low Engagement,0.4646683673469388,Mid Value,0,1
1718,29,Male,Clothing,Hawaii,Summer,50,16,2.9,1,No,0,No,0,Debit Card,Express,Bi-Weekly,6,0.5,Medium Engagement,0.3405612244897959,Low Value,0,0
1719,54,Male,Clothing,Maryland,Winter,96,14,3.4,1,No,0,No,0,PayPal,2-Day Shipping,Every 3 Months,3,0.19999999999999998,Low Engagement,0.6076530612244898,High Value,0,0
1720,45,Male,Clothing,Maryland,Winter,39,8,3.2,1,No,0,No,0,Venmo,Free Shipping,Quarterly,3,0.19999999999999998,Low Engagement,0.19017857142857142,Low Value,0,0
1721,25,Male,Clothing,Massachusetts,Winter,84,40,2.8,1,No,0,No,0,Debit Card,Express,Bi-Weekly,6,0.5,Medium Engagement,0.7979591836734694,High Value,0,0
1722,34,Male,Accessories,Delaware,Spring,28,24,4.3,1,No,0,No,0,Credit Card,Free Shipping,Monthly,4,0.3,Low Engagement,0.28469387755102044,Low Value,0,1
1723,46,Male,Clothing,Massachusetts,Summer,51,14,3.3,1,No,0,No,0,Cash,Standard,Fortnightly,5,0.39999999999999997,Medium Engagement,0.3264030612244898,Low Value,0,0
1724,70,Male,Accessories,New York,Spring,20,39,3.3,1,No,0,No,0,PayPal,Standard,Annually,1,0.0,Low Engagement,0.3877551020408163,Low Value,0,0
1725,42,Male,Footwear,Delaware,Winter,72,21,3.3,1,No,0,No,0,PayPal,Free Shipping,Weekly,7,0.6,Medium Engagement,0.5290816326530612,Mid Value,0,0
1726,45,Male,Accessories,Massachusetts,Spring,33,32,3.0,1,No,0,No,0,Venmo,Next Day Air,Quarterly,3,0.19999999999999998,Low Engagement,0.3975765306122449,Low Value,0,0
1727,57,Male,Outerwear,Indiana,Summer,28,45,2.8,1,No,0,No,0,Debit Card,Express,Weekly,7,0.6,Medium Engagement,0.4989795918367347,Mid Value,0,0
1728,49,Male,Clothing,Virginia,Spring,53,19,4.0,1,No,0,No,0,PayPal,Express,Monthly,4,0.3,Low Engagement,0.38992346938775513,Low Value,0,1
1729,23,Male,Clothing,Wyoming,Fall,48,1,4.3,1,No,0,No,0,Debit Card,Express,Every 3 Months,3,0.19999999999999998,Low Engagement,0.175,Low Value,0,1
1730,47,Male,Clothing,Illinois,Winter,21,12,3.8,1,No,0,No,0,Venmo,Store Pickup,Fortnightly,5,0.39999999999999997,Medium Engagement,0.11849489795918368,Low Value,0,0
1731,23,Male,Clothing,Alabama,Fall,22,26,4.2,1,No,0,No,0,Credit Card,Free Shipping,Weekly,7,0.6,Medium Engagement,0.26760204081632655,Low Value,0,1
1732,21,Male,Accessories,Idaho,Fall,87,12,3.1,1,No,0,No,0,Cash,Next Day Air,Monthly,4,0.3,Low Engagement,0.5309948979591836,Mid Value,0,0
1733,45,Male,Accessories,Rhode Island,Winter,50,36,2.6,1,No,0,No,0,Cash,Free Shipping,Every 3 Months,3,0.19999999999999998,Low Engagement,0.5446428571428572,Mid Value,0,0
1734,67,Male,Clothing,New York,Summer,85,22,3.4,1,No,0,No,0,Credit Card,Express,Annually,1,0.0,Low Engagement,0.6205357142857143,High Value,0,0
1735,31,Male,Clothing,Missouri,Spring,98,16,3.1,1,No,0,No,0,PayPal,Next Day Air,Quarterly,3,0.19999999999999998,Low Engagement,0.6405612244897959,High Value,0,0
1736,58,Male,Clothing,Texas,Winter,34,31,3.6,1,No,0,No,0,Venmo,Express,Annually,1,0.0,Low Engagement,0.39362244897959187,Low Value,0,0
1737,57,Male,Clothing,Tennessee,Summer,61,43,2.6,1,No,0,No,0,Cash,2-Day Shipping,Quarterly,3,0.19999999999999998,Low Engagement,0.6848214285714285,High Value,0,0
1738,42,Male,Accessories,Ohio,Summer,98,50,4.2,1,No,0,No,0,Venmo,Store Pickup,Bi-Weekly,6,0.5,Medium Engagement,0.9875,High Value,0,1
1739,60,Male,Accessories,Tennessee,Spring,61,37,2.9,1,No,0,No,0,Credit Card,2-Day Shipping,Weekly,7,0.6,Medium Engagement,0.6235969387755103,High Value,0,0
1740,21,Male,Accessories,Minnesota,Winter,98,23,4.2,1,No,0,No,0,Cash,Express,Weekly,7,0.6,Medium Engagement,0.7119897959183673,High Value,0,1
1741,69,Male,Clothing,Wisconsin,Fall,21,10,3.3,1,No,0,No,0,Bank Transfer,Next Day Air,Every 3 Months,3,0.19999999999999998,Low Engagement,0.09808673469387756,Low Value,0,0
1742,41,Male,Clothing,Delaware,Winter,51,20,3.6,1,No,0,No,0,Bank Transfer,Next Day Air,Monthly,4,0.3,Low Engagement,0.38762755102040813,Low Value,0,0
1743,51,Male,Footwear,Kansas,Spring,80,18,4.3,1,No,0,No,0,Venmo,Express,Every 3 Months,3,0.19999999999999998,Low Engagement,0.548469387755102,Mid Value,0,1
1744,23,Male,Clothing,Missouri,Winter,72,3,3.3,1,No,0,No,0,Bank Transfer,Standard,Weekly,7,0.6,Medium Engagement,0.34540816326530616,Low Value,0,0
1745,57,Male,Accessories,Michigan,Winter,63,23,3.0,1,No,0,No,0,PayPal,Standard,Weekly,7,0.6,Medium Engagement,0.4932397959183673,Mid Value,0,0
1746,40,Male,Clothing,West Virginia,Winter,27,27,3.6,1,No,0,No,0,Cash,Store Pickup,Weekly,7,0.6,Medium Engagement,0.3090561224489796,Low Value,0,0
1747,65,Male,Accessories,Alabama,Summer,44,44,3.1,1,No,0,No,0,Bank Transfer,Store Pickup,Fortnightly,5,0.39999999999999997,Medium Engagement,0.5887755102040816,High Value,0,0
1748,61,Male,Outerwear,New Hampshire,Winter,23,41,2.9,1,No,0,No,0,Venmo,Express,Quarterly,3,0.19999999999999998,Low Engagement,0.42691326530612245,Mid Value,0,0
1749,34,Male,Clothing,Montana,Winter,93,41,3.9,1,No,0,No,0,Bank Transfer,2-Day Shipping,Annually,1,0.0,Low Engagement,0.8644132653061225,High Value,0,0
1750,43,Male,Clothing,Wyoming,Fall,70,36,3.2,1,No,0,No,0,Debit Card,2-Day Shipping,Every 3 Months,3,0.19999999999999998,Low Engagement,0.6696428571428572,High Value,0,0
1751,31,Male,Accessories,Missouri,Fall,85,38,3.1,1,No,0,No,0,Venmo,Express,Every 3 Months,3,0.19999999999999998,Low Engagement,0.7838010204081632,High Value,0,0
1752,57,Male,Clothing,Ohio,Winter,40,34,3.2,1,No,0,No,0,Cash,2-Day Shipping,Annually,1,0.0,Low Engagement,0.461734693877551,Mid Value,0,0
1753,34,Male,Footwear,South Dakota,Winter,29,14,3.3,1,No,0,No,0,Venmo,Store Pickup,Quarterly,3,0.19999999999999998,Low Engagement,0.1889030612244898,Low Value,0,0
1754,25,Male,Clothing,Colorado,Fall,27,23,4.8,1,No,0,No,0,Credit Card,Next Day Air,Fortnightly,5,0.39999999999999997,Medium Engagement,0.26823979591836733,Low Value,0,1
1755,66,Male,Clothing,Massachusetts,Fall,93,18,3.8,1,No,0,No,0,Credit Card,2-Day Shipping,Fortnightly,5,0.39999999999999997,Medium Engagement,0.6297193877551021,High Value,0,0
1756,56,Male,Accessories,Delaware,Spring,20,45,4.6,1,No,0,No,0,Cash,Next Day Air,Monthly,4,0.3,Low Engagement,0.4489795918367347,Mid Value,0,1
1757,49,Male,Accessories,New Hampshire,Fall,55,14,2.8,1,No,0,No,0,Bank Transfer,Free Shipping,Weekly,7,0.6,Medium Engagement,0.35140306122448983,Low Value,0,0
1758,19,Male,Clothing,Michigan,Fall,94,48,3.6,1,No,0,No,0,Debit Card,Standard,Annually,1,0.0,Low Engagement,0.9420918367346939,High Value,0,0
1759,27,Male,Accessories,Pennsylvania,Winter,56,17,4.3,1,No,0,No,0,Venmo,Free Shipping,Bi-Weekly,6,0.5,Medium Engagement,0.38826530612244897,Low Value,0,1
1760,68,Male,Clothing,Louisiana,Spring,58,1,4.0,1,No,0,No,0,PayPal,Next Day Air,Weekly,7,0.6,Medium Engagement,0.2375,Low Value,0,1
1761,20,Male,Clothing,Minnesota,Spring,44,39,3.5,1,No,0,No,0,PayPal,Standard,Weekly,7,0.6,Medium Engagement,0.5377551020408163,Mid Value,0,0
1762,21,Male,Clothing,Hawaii,Fall,95,24,4.9,1,No,0,No,0,Cash,2-Day Shipping,Weekly,7,0.6,Medium Engagement,0.7034438775510204,High Value,0,1
1763,36,Male,Footwear,Idaho,Summer,42,41,3.1,1,No,0,No,0,Bank Transfer,Express,Fortnightly,5,0.39999999999999997,Medium Engagement,0.5456632653061224,Mid Value,0,0
1764,37,Male,Accessories,Vermont,Winter,93,28,3.9,1,No,0,No,0,PayPal,Store Pickup,Annually,1,0.0,Low Engagement,0.7317602040816327,High Value,0,0
1765,61,Male,Clothing,Delaware,Summer,56,34,3.0,1,No,0,No,0,Venmo,Store Pickup,Quarterly,3,0.19999999999999998,Low Engagement,0.561734693877551,Mid Value,0,0
1766,68,Male,Clothing,New Mexico,Spring,88,41,4.1,1,No,0,No,0,Venmo,2-Day Shipping,Quarterly,3,0.19999999999999998,Low Engagement,0.8331632653061225,High Value,0,1
1767,60,Male,Clothing,Alaska,Winter,54,27,4.3,1,No,0,No,0,Cash,2-Day Shipping,Bi-Weekly,6,0.5,Medium Engagement,0.4778061224489796,Mid Value,0,1
1768,69,Male,Accessories,Minnesota,Fall,89,46,3.8,1,No,0,No,0,Debit Card,2-Day Shipping,Fortnightly,5,0.39999999999999997,Medium Engagement,0.8904336734693878,High Value,0,0
1769,25,Male,Footwear,Nebraska,Summer,45,2,3.9,1,No,0,No,0,PayPal,2-Day Shipping,Every 3 Months,3,0.19999999999999998,Low Engagement,0.16645408163265307,Low Value,0,0
1770,32,Male,Clothing,Alaska,Winter,75,45,4.3,1,No,0,No,0,Cash,Free Shipping,Monthly,4,0.3,Low Engagement,0.7927295918367347,High Value,0,1
1771,53,Male,Accessories,Michigan,Fall,22,34,4.3,1,No,0,No,0,Bank Transfer,Express,Weekly,7,0.6,Medium Engagement,0.349234693877551,Low Value,0,1
1772,46,Male,Clothing,Indiana,Fall,82,9,4.7,1,No,0,No,0,Credit Card,Store Pickup,Annually,1,0.0,Low Engagement,0.4691326530612245,Mid Value,0,1
1773,58,Male,Footwear,Hawaii,Summer,34,1,3.1,1,No,0,No,0,Bank Transfer,2-Day Shipping,Annually,1,0.0,Low Engagement,0.0875,Low Value,0,0
1774,21,Male,Outerwear,West Virginia,Summer,92,17,2.7,1,No,0,No,0,PayPal,Free Shipping,Annually,1,0.0,Low Engagement,0.613265306122449,High Value,0,0
1775,46,Male,Clothing,New York,Spring,78,6,3.7,1,No,0,No,0,PayPal,Express,Weekly,7,0.6,Medium Engagement,0.4135204081632653,Mid Value,0,0
1776,18,Male,Outerwear,Iowa,Spring,47,12,3.3,1,No,0,No,0,Cash,2-Day Shipping,Bi-Weekly,6,0.5,Medium Engagement,0.2809948979591837,Low Value,0,0
1777,56,Male,Outerwear,Arizona,Summer,64,10,3.4,1,No,0,No,0,Venmo,Free Shipping,Every 3 Months,3,0.19999999999999998,Low Engagement,0.36683673469387756,Low Value,0,0
1778,18,Male,Footwear,Minnesota,Winter,44,4,4.7,1,No,0,No,0,Cash,Free Shipping,Fortnightly,5,0.39999999999999997,Medium Engagement,0.18061224489795918,Low Value,0,1
1779,49,Male,Accessories,Texas,Winter,94,8,4.9,1,No,0,No,0,Debit Card,Store Pickup,Bi-Weekly,6,0.5,Medium Engagement,0.5339285714285714,Mid Value,0,1
1780,29,Male,Accessories,Virginia,Winter,62,41,4.3,1,No,0,No,0,Venmo,Free Shipping,Weekly,7,0.6,Medium Engagement,0.6706632653061224,High Value,0,1
1781,67,Male,Accessories,North Dakota,Summer,81,49,4.2,1,No,0,No,0,Credit Card,Next Day Air,Weekly,7,0.6,Medium Engagement,0.8710459183673469,High Value,0,1
1782,31,Male,Clothing,Iowa,Fall,33,49,3.7,1,No,0,No,0,Bank Transfer,Express,Quarterly,3,0.19999999999999998,Low Engagement,0.571045918367347,Mid Value,0,0
1783,52,Male,Clothing,Utah,Fall,88,40,2.7,1,No,0,No,0,Bank Transfer,Next Day Air,Fortnightly,5,0.39999999999999997,Medium Engagement,0.8229591836734693,High Value,0,0
1784,42,Male,Accessories,Ohio,Winter,49,30,3.3,1,No,0,No,0,Credit Card,Free Shipping,Monthly,4,0.3,Low Engagement,0.4771683673469388,Mid Value,0,0
1785,32,Male,Accessories,Louisiana,Summer,31,4,4.8,1,No,0,No,0,Debit Card,Standard,Quarterly,3,0.19999999999999998,Low Engagement,0.0993622448979592,Low Value,0,1
1786,47,Male,Accessories,Iowa,Fall,29,22,4.1,1,No,0,No,0,Venmo,Next Day Air,Monthly,4,0.3,Low Engagement,0.27053571428571427,Low Value,0,1
1787,45,Male,Outerwear,Maryland,Spring,34,22,4.6,1,No,0,No,0,Venmo,2-Day Shipping,Monthly,4,0.3,Low Engagement,0.30178571428571427,Low Value,0,1
1788,20,Male,Clothing,Montana,Fall,38,10,4.9,1,No,0,No,0,Bank Transfer,2-Day Shipping,Quarterly,3,0.19999999999999998,Low Engagement,0.20433673469387756,Low Value,0,1
1789,66,Male,Clothing,Illinois,Summer,41,23,3.1,1,No,0,No,0,Cash,Store Pickup,Bi-Weekly,6,0.5,Medium Engagement,0.35573979591836735,Low Value,0,0
1790,52,Male,Clothing,Arizona,Spring,34,43,3.0,1,No,0,No,0,Debit Card,2-Day Shipping,Quarterly,3,0.19999999999999998,Low Engagement,0.5160714285714285,Mid Value,0,0
1791,50,Male,Accessories,North Carolina,Summer,26,31,3.7,1,No,0,No,0,PayPal,Store Pickup,Bi-Weekly,6,0.5,Medium Engagement,0.3436224489795918,Low Value,0,0
1792,62,Male,Clothing,Montana,Winter,98,38,4.0,1,No,0,No,0,Cash,Store Pickup,Annually,1,0.0,Low Engagement,0.8650510204081632,High Value,0,1
1793,38,Male,Footwear,Iowa,Fall,59,22,3.0,1,No,0,No,0,Debit Card,Express,Every 3 Months,3,0.19999999999999998,Low Engagement,0.45803571428571427,Mid Value,0,0
1794,65,Male,Accessories,Iowa,Fall,92,45,3.8,1,No,0,No,0,Cash,Store Pickup,Every 3 Months,3,0.19999999999999998,Low Engagement,0.8989795918367347,High Value,0,0
1795,60,Male,Accessories,Ohio,Spring,40,21,3.7,1,No,0,No,0,Debit Card,Express,Fortnightly,5,0.39999999999999997,Medium Engagement,0.32908163265306123,Low Value,0,0
1796,68,Male,Clothing,Wisconsin,Fall,20,9,4.0,1,No,0,No,0,Debit Card,2-Day Shipping,Fortnightly,5,0.39999999999999997,Medium Engagement,0.08163265306122448,Low Value,0,1
1797,62,Male,Clothing,South Carolina,Spring,35,34,3.1,1,No,0,No,0,Venmo,Store Pickup,Weekly,7,0.6,Medium Engagement,0.430484693877551,Mid Value,0,0
1798,62,Male,Accessories,Oregon,Spring,35,26,3.9,1,No,0,No,0,Venmo,2-Day Shipping,Weekly,7,0.6,Medium Engagement,0.34885204081632654,Low Value,0,0
1799,40,Male,Clothing,North Dakota,Winter,82,1,3.7,1,No,0,No,0,Cash,Express,Weekly,7,0.6,Medium Engagement,0.3875,Low Value,0,0
1800,32,Male,Clothing,California,Fall,48,47,3.9,1,No,0,No,0,Venmo,Express,Weekly,7,0.6,Medium Engagement,0.6443877551020408,High Value,0,0
1801,22,Male,Outerwear,Mississippi,Winter,58,30,2.7,1,No,0,No,0,Credit Card,Express,Weekly,7,0.6,Medium Engagement,0.5334183673469388,Mid Value,0,0
1802,33,Male,Clothing,New Jersey,Spring,57,48,3.9,1,No,0,No,0,Debit Card,Express,Fortnightly,5,0.39999999999999997,Medium Engagement,0.7108418367346938,High Value,0,0
1803,57,Male,Clothing,Rhode Island,Winter,96,31,2.6,1,No,0,No,0,Venmo,Store Pickup,Bi-Weekly,6,0.5,Medium Engagement,0.7811224489795918,High Value,0,0
1804,60,Male,Footwear,New Hampshire,Summer,97,33,3.5,1,No,0,No,0,Venmo,Free Shipping,Fortnightly,5,0.39999999999999997,Medium Engagement,0.8077806122448979,High Value,0,0
1805,30,Male,Clothing,Louisiana,Winter,42,39,4.4,1,No,0,No,0,Credit Card,Next Day Air,Weekly,7,0.6,Medium Engagement,0.5252551020408163,Mid Value,0,1
1806,41,Male,Clothing,Arizona,Spring,62,46,4.9,1,No,0,No,0,Debit Card,Store Pickup,Weekly,7,0.6,Medium Engagement,0.7216836734693878,High Value,0,1
1807,58,Male,Accessories,Rhode Island,Fall,67,24,3.9,1,No,0,No,0,Venmo,Standard,Annually,1,0.0,Low Engagement,0.5284438775510204,Mid Value,0,0
1808,34,Male,Footwear,Vermont,Summer,46,37,3.5,1,No,0,No,0,Venmo,Standard,Fortnightly,5,0.39999999999999997,Medium Engagement,0.5298469387755103,Mid Value,0,0
1809,67,Male,Outerwear,Tennessee,Spring,71,7,4.3,1,No,0,No,0,Debit Card,Next Day Air,Monthly,4,0.3,Low Engagement,0.37997448979591836,Low Value,0,1
1810,58,Male,Accessories,Alaska,Fall,99,6,3.4,1,No,0,No,0,Debit Card,Free Shipping,Fortnightly,5,0.39999999999999997,Medium Engagement,0.5447704081632654,Mid Value,0,0
1811,41,Male,Clothing,Maryland,Fall,28,16,2.7,1,No,0,No,0,Cash,Standard,Bi-Weekly,6,0.5,Medium Engagement,0.2030612244897959,Low Value,0,0
1812,42,Male,Accessories,Wisconsin,Summer,77,33,3.6,1,No,0,No,0,Bank Transfer,Standard,Annually,1,0.0,Low Engagement,0.6827806122448979,High Value,0,0
1813,50,Male,Footwear,Nevada,Summer,63,18,4.9,1,No,0,No,0,PayPal,Express,Bi-Weekly,6,0.5,Medium Engagement,0.44221938775510206,Mid Value,0,1
1814,40,Male,Clothing,Illinois,Spring,62,24,3.5,1,No,0,No,0,PayPal,Free Shipping,Weekly,7,0.6,Medium Engagement,0.4971938775510204,Mid Value,0,0
1815,32,Male,Clothing,Montana,Summer,92,24,3.8,1,No,0,No,0,Cash,Free Shipping,Quarterly,3,0.19999999999999998,Low Engagement,0.6846938775510204,High Value,0,0
1816,51,Male,Footwear,New Mexico,Winter,72,48,4.5,1,No,0,No,0,Credit Card,2-Day Shipping,Every 3 Months,3,0.19999999999999998,Low Engagement,0.8045918367346938,High Value,0,1
1817,26,Male,Accessories,Virginia,Summer,79,4,4.0,1,No,0,No,0,Cash,Express,Weekly,7,0.6,Medium Engagement,0.3993622448979592,Low Value,0,1
1818,32,Male,Clothing,Delaware,Summer,27,20,4.7,1,No,0,No,0,Cash,Free Shipping,Weekly,7,0.6,Medium Engagement,0.23762755102040817,Low Value,0,1
1819,58,Male,Accessories,North Carolina,Fall,39,47,3.8,1,No,0,No,0,Debit Card,Express,Every 3 Months,3,0.19999999999999998,Low Engagement,0.5881377551020408,High Value,0,0
1820,51,Male,Clothing,Nevada,Spring,86,50,4.5,1,No,0,No,0,Cash,Next Day Air,Quarterly,3,0.19999999999999998,Low Engagement,0.9125,High Value,0,1
1821,19,Male,Clothing,Washington,Fall,94,31,5.0,1,No,0,No,0,PayPal,Express,Monthly,4,0.3,Low Engagement,0.7686224489795919,High Value,0,1
1822,57,Male,Clothing,Maine,Spring,53,29,2.8,1,No,0,No,0,PayPal,Express,Quarterly,3,0.19999999999999998,Low Engagement,0.4919642857142857,Mid Value,0,0
1823,66,Male,Clothing,Connecticut,Summer,85,4,4.4,1,No,0,No,0,Cash,Standard,Annually,1,0.0,Low Engagement,0.43686224489795916,Mid Value,0,1
1824,62,Male,Clothing,Louisiana,Fall,50,40,4.7,1,No,0,No,0,Bank Transfer,Free Shipping,Bi-Weekly,6,0.5,Medium Engagement,0.5854591836734694,Mid Value,0,1
1825,58,Male,Clothing,Illinois,Winter,47,31,3.8,1,No,0,No,0,Cash,Express,Monthly,4,0.3,Low Engagement,0.47487244897959185,Mid Value,0,0
1826,23,Male,Footwear,South Dakota,Winter,75,41,4.9,1,No,0,No,0,Credit Card,Next Day Air,Weekly,7,0.6,Medium Engagement,0.7519132653061225,High Value,0,1
1827,45,Male,Clothing,Indiana,Winter,60,44,4.2,1,No,0,No,0,Debit Card,Express,Annually,1,0.0,Low Engagement,0.6887755102040816,High Value,0,1
1828,20,Male,Clothing,Vermont,Spring,36,31,4.9,1,No,0,No,0,Bank Transfer,2-Day Shipping,Weekly,7,0.6,Medium Engagement,0.4061224489795918,Mid Value,0,1
1829,33,Male,Outerwear,New Hampshire,Spring,80,45,3.9,1,No,0,No,0,Cash,Express,Every 3 Months,3,0.19999999999999998,Low Engagement,0.8239795918367347,High Value,0,0
1830,30,Male,Accessories,Oregon,Spring,96,50,4.9,1,No,0,No,0,Credit Card,2-Day Shipping,Quarterly,3,0.19999999999999998,Low Engagement,0.975,High Value,0,1
1831,50,Male,Accessories,Kansas,Winter,80,7,4.8,1,No,0,No,0,Venmo,Express,Annually,1,0.0,Low Engagement,0.4362244897959184,Mid Value,0,1
1832,62,Male,Clothing,Maine,Summer,71,5,3.3,1,No,0,No,0,Bank Transfer,Free Shipping,Every 3 Months,3,0.19999999999999998,Low Engagement,0.3595663265306122,Low Value,0,0
1833,69,Male,Accessories,Louisiana,Fall,29,48,4.6,1,No,0,No,0,Cash,Free Shipping,Monthly,4,0.3,Low Engagement,0.5358418367346939,Mid Value,0,1
1834,34,Male,Accessories,Louisiana,Spring,53,19,4.5,1,No,0,No,0,PayPal,2-Day Shipping,Fortnightly,5,0.39999999999999997,Medium Engagement,0.38992346938775513,Low Value,0,1
1835,49,Male,Clothing,Indiana,Summer,35,39,4.1,1,No,0,No,0,Venmo,2-Day Shipping,Fortnightly,5,0.39999999999999997,Medium Engagement,0.4815051020408163,Mid Value,0,1
1836,65,Male,Accessories,Kentucky,Fall,75,45,3.2,1,No,0,No,0,Credit Card,2-Day Shipping,Quarterly,3,0.19999999999999998,Low Engagement,0.7927295918367347,High Value,0,0
1837,66,Male,Clothing,South Carolina,Fall,52,35,4.2,1,No,0,No,0,Credit Card,2-Day Shipping,Monthly,4,0.3,Low Engagement,0.5469387755102041,Mid Value,0,1
1838,41,Male,Accessories,Montana,Winter,77,8,4.8,1,No,0,No,0,Venmo,Free Shipping,Monthly,4,0.3,Low Engagement,0.42767857142857146,Mid Value,0,1
1839,37,Male,Accessories,Vermont,Fall,24,11,4.1,1,No,0,No,0,Credit Card,Next Day Air,Quarterly,3,0.19999999999999998,Low Engagement,0.1270408163265306,Low Value,0,1
1840,32,Male,Clothing,Mississippi,Winter,78,32,3.7,1,No,0,No,0,Cash,Store Pickup,Annually,1,0.0,Low Engagement,0.678826530612245,High Value,0,0
1841,42,Male,Footwear,Wyoming,Winter,98,46,2.6,1,No,0,No,0,Bank Transfer,Store Pickup,Every 3 Months,3,0.19999999999999998,Low Engagement,0.9466836734693878,High Value,0,0
1842,31,Male,Clothing,Vermont,Winter,57,7,3.0,1,No,0,No,0,PayPal,Standard,Every 3 Months,3,0.19999999999999998,Low Engagement,0.2924744897959184,Low Value,0,0
1843,61,Male,Accessories,Alabama,Summer,78,1,4.4,1,No,0,No,0,Debit Card,Express,Annually,1,0.0,Low Engagement,0.3625,Low Value,0,1
1844,36,Male,Outerwear,Kentucky,Fall,76,32,4.7,1,No,0,No,0,Credit Card,Next Day Air,Monthly,4,0.3,Low Engagement,0.6663265306122449,High Value,0,1
1845,60,Male,Clothing,South Dakota,Spring,26,31,2.7,1,No,0,No,0,Credit Card,2-Day Shipping,Annually,1,0.0,Low Engagement,0.3436224489795918,Low Value,0,0
1846,51,Male,Footwear,Delaware,Winter,78,39,2.8,1,No,0,No,0,Bank Transfer,2-Day Shipping,Quarterly,3,0.19999999999999998,Low Engagement,0.7502551020408164,High Value,0,0
1847,68,Male,Accessories,Wisconsin,Summer,53,9,2.9,1,No,0,No,0,Venmo,Standard,Quarterly,3,0.19999999999999998,Low Engagement,0.28788265306122446,Low Value,0,0
1848,46,Male,Footwear,Arizona,Summer,100,49,4.4,1,No,0,No,0,Credit Card,Free Shipping,Weekly,7,0.6,Medium Engagement,0.9897959183673469,High Value,0,1
1849,19,Male,Clothing,Maine,Winter,73,34,2.7,1,No,0,No,0,Cash,Express,Every 3 Months,3,0.19999999999999998,Low Engagement,0.667984693877551,High Value,0,0
1850,30,Male,Clothing,New Mexico,Winter,40,35,4.5,1,No,0,No,0,Bank Transfer,Store Pickup,Monthly,4,0.3,Low Engagement,0.4719387755102041,Mid Value,0,1
1851,51,Male,Accessories,Wyoming,Winter,76,50,2.8,1,No,0,No,0,Debit Card,Store Pickup,Weekly,7,0.6,Medium Engagement,0.85,High Value,0,0
1852,28,Male,Clothing,Delaware,Fall,80,4,3.1,1,No,0,No,0,Bank Transfer,Free Shipping,Fortnightly,5,0.39999999999999997,Medium Engagement,0.40561224489795916,Mid Value,0,0
1853,41,Male,Clothing,Pennsylvania,Winter,80,32,3.8,1,No,0,No,0,Cash,Store Pickup,Weekly,7,0.6,Medium Engagement,0.6913265306122449,High Value,0,0
1854,29,Male,Clothing,North Dakota,Spring,67,11,2.9,1,No,0,No,0,PayPal,Express,Fortnightly,5,0.39999999999999997,Medium Engagement,0.3957908163265306,Low Value,0,0
1855,25,Male,Clothing,Kentucky,Spring,61,49,3.8,1,No,0,No,0,Credit Card,Express,Annually,1,0.0,Low Engagement,0.7460459183673469,High Value,0,0
1856,60,Male,Clothing,Rhode Island,Spring,76,9,4.7,1,No,0,No,0,Cash,Standard,Annually,1,0.0,Low Engagement,0.43163265306122445,Mid Value,0,1
1857,63,Male,Accessories,Arizona,Summer,55,30,3.2,1,No,0,No,0,PayPal,Free Shipping,Bi-Weekly,6,0.5,Medium Engagement,0.5146683673469388,Mid Value,0,0
1858,51,Male,Clothing,Colorado,Summer,85,33,4.0,1,No,0,No,0,Cash,Next Day Air,Monthly,4,0.3,Low Engagement,0.7327806122448979,High Value,0,1
1859,22,Male,Accessories,Maine,Spring,69,8,4.9,1,No,0,No,0,Debit Card,2-Day Shipping,Annually,1,0.0,Low Engagement,0.3776785714285714,Low Value,0,1
1860,54,Male,Accessories,New Jersey,Summer,26,29,3.7,1,No,0,No,0,Debit Card,Store Pickup,Fortnightly,5,0.39999999999999997,Medium Engagement,0.3232142857142857,Low Value,0,0
1861,18,Male,Clothing,Kansas,Summer,64,4,4.8,1,No,0,No,0,Credit Card,Next Day Air,Monthly,4,0.3,Low Engagement,0.3056122448979592,Low Value,0,1
1862,29,Male,Footwear,South Dakota,Fall,60,19,3.6,1,No,0,No,0,Debit Card,Standard,Monthly,4,0.3,Low Engagement,0.4336734693877551,Mid Value,0,0
1863,59,Male,Accessories,New Hampshire,Winter,36,10,4.6,1,No,0,No,0,PayPal,Express,Fortnightly,5,0.39999999999999997,Medium Engagement,0.19183673469387758,Low Value,0,1
1864,25,Male,Footwear,Connecticut,Spring,21,39,4.3,1,No,0,No,0,Debit Card,2-Day Shipping,Monthly,4,0.3,Low Engagement,0.3940051020408163,Low Value,0,1
1865,19,Male,Accessories,Wyoming,Fall,72,21,3.2,1,No,0,No,0,Venmo,2-Day Shipping,Quarterly,3,0.19999999999999998,Low Engagement,0.5290816326530612,Mid Value,0,0
1866,56,Male,Clothing,Missouri,Summer,62,12,3.8,1,No,0,No,0,Bank Transfer,Store Pickup,Monthly,4,0.3,Low Engagement,0.3747448979591837,Low Value,0,0
1867,31,Male,Clothing,Alaska,Winter,44,9,4.2,1,No,0,No,0,Credit Card,Standard,Fortnightly,5,0.39999999999999997,Medium Engagement,0.2316326530612245,Low Value,0,1
1868,45,Male,Clothing,Delaware,Fall,52,20,3.4,1,No,0,No,0,Venmo,2-Day Shipping,Quarterly,3,0.19999999999999998,Low Engagement,0.39387755102040817,Low Value,0,0
1869,23,Male,Accessories,Indiana,Spring,58,44,4.7,1,No,0,No,0,Cash,Next Day Air,Fortnightly,5,0.39999999999999997,Medium Engagement,0.6762755102040816,High Value,0,1
1870,18,Male,Clothing,West Virginia,Spring,77,16,3.9,1,No,0,No,0,Debit Card,2-Day Shipping,Every 3 Months,3,0.19999999999999998,Low Engagement,0.5093112244897959,Mid Value,0,0
1871,43,Male,Clothing,Wyoming,Spring,99,27,4.3,1,No,0,No,0,Debit Card,Store Pickup,Fortnightly,5,0.39999999999999997,Medium Engagement,0.7590561224489796,High Value,0,1
1872,56,Male,Clothing,Illinois,Fall,96,14,2.7,1,No,0,No,0,Cash,Standard,Every 3 Months,3,0.19999999999999998,Low Engagement,0.6076530612244898,High Value,0,0
1873,43,Male,Clothing,Alaska,Summer,64,24,4.6,1,No,0,No,0,Credit Card,Standard,Monthly,4,0.3,Low Engagement,0.5096938775510205,Mid Value,0,1
1874,64,Male,Clothing,Wisconsin,Fall,44,49,2.9,1,No,0,No,0,Bank Transfer,Express,Weekly,7,0.6,Medium Engagement,0.639795918367347,High Value,0,0
1875,67,Male,Clothing,Indiana,Fall,33,14,3.6,1,No,0,No,0,Cash,Free Shipping,Weekly,7,0.6,Medium Engagement,0.21390306122448982,Low Value,0,0
1876,63,Male,Footwear,Tennessee,Winter,71,6,3.9,1,No,0,No,0,Credit Card,Next Day Air,Quarterly,3,0.19999999999999998,Low Engagement,0.3697704081632653,Low Value,0,0
1877,54,Male,Clothing,Illinois,Fall,36,20,2.6,1,No,0,No,0,Venmo,Standard,Quarterly,3,0.19999999999999998,Low Engagement,0.29387755102040813,Low Value,0,0
1878,69,Male,Accessories,Pennsylvania,Fall,62,3,3.6,1,No,0,No,0,Credit Card,Express,Annually,1,0.0,Low Engagement,0.28290816326530616,Low Value,0,0
1879,34,Male,Clothing,Oklahoma,Summer,29,5,3.4,1,No,0,No,0,Credit Card,Store Pickup,Monthly,4,0.3,Low Engagement,0.09706632653061224,Low Value,0,0
1880,56,Male,Clothing,Tennessee,Spring,33,46,3.5,1,No,0,No,0,Cash,Express,Bi-Weekly,6,0.5,Medium Engagement,0.5404336734693878,Mid Value,0,0
1881,34,Male,Clothing,New Jersey,Fall,33,8,3.1,1,No,0,No,0,Debit Card,2-Day Shipping,Monthly,4,0.3,Low Engagement,0.15267857142857144,Low Value,0,0
1882,58,Male,Clothing,New Jersey,Winter,41,13,4.3,1,No,0,No,0,Cash,Standard,Bi-Weekly,6,0.5,Medium Engagement,0.25369897959183674,Low Value,0,1
1883,44,Male,Accessories,Tennessee,Winter,54,25,5.0,1,No,0,No,0,Bank Transfer,Store Pickup,Quarterly,3,0.19999999999999998,Low Engagement,0.45739795918367343,Mid Value,0,1
1884,25,Male,Accessories,Georgia,Spring,58,39,4.9,1,No,0,No,0,Debit Card,Store Pickup,Fortnightly,5,0.39999999999999997,Medium Engagement,0.6252551020408164,High Value,0,1
1885,27,Male,Clothing,Arizona,Summer,30,15,4.3,1,No,0,No,0,Bank Transfer,Next Day Air,Bi-Weekly,6,0.5,Medium Engagement,0.20535714285714285,Low Value,0,1
1886,26,Male,Accessories,Nevada,Winter,53,35,4.4,1,No,0,No,0,Cash,Standard,Monthly,4,0.3,Low Engagement,0.5531887755102041,Mid Value,0,1
1887,18,Male,Accessories,Arkansas,Spring,91,46,4.4,1,No,0,No,0,Cash,Next Day Air,Bi-Weekly,6,0.5,Medium Engagement,0.9029336734693878,High Value,0,1
1888,64,Male,Clothing,North Dakota,Fall,44,3,3.5,1,No,0,No,0,PayPal,Express,Monthly,4,0.3,Low Engagement,0.1704081632653061,Low Value,0,0
1889,62,Male,Clothing,South Dakota,Winter,89,48,3.4,1,No,0,No,0,Credit Card,Free Shipping,Weekly,7,0.6,Medium Engagement,0.9108418367346939,High Value,0,0
1890,59,Male,Clothing,North Carolina,Spring,57,27,2.5,1,No,0,No,0,Bank Transfer,Next Day Air,Weekly,7,0.6,Medium Engagement,0.4965561224489796,Mid Value,0,0
1891,36,Male,Accessories,Hawaii,Spring,57,5,3.4,1,No,0,No,0,Credit Card,Store Pickup,Weekly,7,0.6,Medium Engagement,0.27206632653061225,Low Value,0,0
1892,69,Male,Accessories,New Hampshire,Summer,74,48,2.6,1,No,0,No,0,Debit Card,Next Day Air,Quarterly,3,0.19999999999999998,Low Engagement,0.8170918367346939,High Value,0,0
1893,39,Male,Outerwear,California,Fall,30,12,4.6,1,No,0,No,0,Venmo,2-Day Shipping,Weekly,7,0.6,Medium Engagement,0.1747448979591837,Low Value,0,1
1894,28,Male,Clothing,Delaware,Summer,20,10,3.7,1,No,0,No,0,PayPal,Express,Fortnightly,5,0.39999999999999997,Medium Engagement,0.09183673469387756,Low Value,0,0
1895,42,Male,Clothing,Arizona,Fall,90,48,2.5,1,No,0,No,0,Debit Card,Free Shipping,Bi-Weekly,6,0.5,Medium Engagement,0.9170918367346939,High Value,0,0
1896,31,Male,Clothing,Washington,Fall,61,3,4.5,1,No,0,No,0,Debit Card,Express,Monthly,4,0.3,Low Engagement,0.2766581632653061,Low Value,0,1
1897,57,Male,Footwear,Nevada,Fall,51,19,2.9,1,No,0,No,0,Venmo,Standard,Monthly,4,0.3,Low Engagement,0.3774234693877551,Low Value,0,0
1898,53,Male,Accessories,Alaska,Winter,97,11,2.9,1,No,0,No,0,Debit Card,Free Shipping,Fortnightly,5,0.39999999999999997,Medium Engagement,0.5832908163265307,Mid Value,0,0
1899,59,Male,Clothing,Texas,Fall,97,25,3.5,1,No,0,No,0,Venmo,Next Day Air,Monthly,4,0.3,Low Engagement,0.7261479591836735,High Value,0,0
1900,32,Male,Clothing,New York,Winter,40,42,4.2,1,No,0,No,0,PayPal,Store Pickup,Weekly,7,0.6,Medium Engagement,0.5433673469387755,Mid Value,0,1
1901,65,Male,Accessories,Iowa,Summer,85,34,3.3,1,No,0,No,0,Cash,Free Shipping,Quarterly,3,0.19999999999999998,Low Engagement,0.7429846938775511,High Value,0,0
1902,56,Male,Clothing,Arizona,Winter,76,50,3.9,1,No,0,No,0,Cash,Store Pickup,Quarterly,3,0.19999999999999998,Low Engagement,0.85,High Value,0,0
1903,31,Male,Footwear,New Mexico,Spring,22,21,5.0,1,No,0,No,0,Venmo,Store Pickup,Monthly,4,0.3,Low Engagement,0.21658163265306124,Low Value,0,1
1904,59,Male,Clothing,North Carolina,Summer,63,37,3.3,1,No,0,No,0,Bank Transfer,Standard,Weekly,7,0.6,Medium Engagement,0.6360969387755102,High Value,0,0
1905,22,Male,Clothing,Nevada,Spring,71,46,4.2,1,No,0,No,0,Cash,Free Shipping,Monthly,4,0.3,Low Engagement,0.7779336734693878,High Value,0,1
1906,47,Male,Footwear,Idaho,Summer,35,14,4.9,1,No,0,No,0,Bank Transfer,2-Day Shipping,Fortnightly,5,0.39999999999999997,Medium Engagement,0.2264030612244898,Low Value,0,1
1907,23,Male,Accessories,Vermont,Spring,30,24,4.6,1,No,0,No,0,PayPal,2-Day Shipping,Fortnightly,5,0.39999999999999997,Medium Engagement,0.29719387755102045,Low Value,0,1
1908,69,Male,Clothing,New Mexico,Fall,74,36,4.8,1,No,0,No,0,Credit Card,Store Pickup,Every 3 Months,3,0.19999999999999998,Low Engagement,0.6946428571428571,High Value,0,1
1909,18,Male,Accessories,Georgia,Winter,71,19,2.7,1,No,0,No,0,Debit Card,Next Day Air,Bi-Weekly,6,0.5,Medium Engagement,0.5024234693877551,Mid Value,0,0
1910,50,Male,Clothing,Kentucky,Spring,84,12,4.3,1,No,0,No,0,Credit Card,Store Pickup,Monthly,4,0.3,Low Engagement,0.5122448979591837,Mid Value,0,1
1911,29,Male,Footwear,New York,Fall,38,13,3.8,1,No,0,No,0,Debit Card,Express,Quarterly,3,0.19999999999999998,Low Engagement,0.23494897959183675,Low Value,0,0
1912,65,Male,Accessories,Arizona,Spring,81,32,4.9,1,No,0,No,0,Debit Card,Express,Bi-Weekly,6,0.5,Medium Engagement,0.6975765306122449,High Value,0,1
1913,29,Male,Clothing,Colorado,Winter,56,5,3.4,1,No,0,No,0,Credit Card,2-Day Shipping,Bi-Weekly,6,0.5,Medium Engagement,0.26581632653061227,Low Value,0,0
1914,49,Male,Clothing,Kentucky,Winter,48,29,3.6,1,No,0,No,0,Cash,Express,Annually,1,0.0,Low Engagement,0.4607142857142857,Mid Value,0,0
1915,28,Male,Clothing,Alaska,Fall,97,40,3.4,1,No,0,No,0,Credit Card,Standard,Fortnightly,5,0.39999999999999997,Medium Engagement,0.8792091836734695,High Value,0,0
1916,51,Male,Accessories,Alabama,Fall,74,44,4.7,1,No,0,No,0,Cash,2-Day Shipping,Weekly,7,0.6,Medium Engagement,0.7762755102040817,High Value,0,1
1917,26,Male,Clothing,Connecticut,Winter,50,3,3.0,1,No,0,No,0,Debit Card,Next Day Air,Bi-Weekly,6,0.5,Medium Engagement,0.20790816326530612,Low Value,0,0
1918,38,Male,Clothing,Hawaii,Winter,71,35,3.4,1,No,0,No,0,PayPal,Free Shipping,Bi-Weekly,6,0.5,Medium Engagement,0.6656887755102041,High Value,0,0
1919,35,Male,Clothing,Idaho,Summer,33,33,4.6,1,No,0,No,0,Debit Card,Standard,Monthly,4,0.3,Low Engagement,0.4077806122448979,Mid Value,0,1
1920,34,Male,Accessories,Virginia,Summer,56,20,3.1,1,No,0,No,0,PayPal,Express,Bi-Weekly,6,0.5,Medium Engagement,0.41887755102040813,Mid Value,0,0
1921,51,Male,Clothing,Connecticut,Spring,84,40,2.8,1,No,0,No,0,Cash,Standard,Every 3 Months,3,0.19999999999999998,Low Engagement,0.7979591836734694,High Value,0,0
1922,47,Male,Clothing,Michigan,Fall,36,13,3.5,1,No,0,No,0,Venmo,Store Pickup,Annually,1,0.0,Low Engagement,0.22244897959183674,Low Value,0,0
1923,18,Male,Accessories,Kentucky,Summer,63,9,4.6,1,No,0,No,0,PayPal,Standard,Monthly,4,0.3,Low Engagement,0.35038265306122446,Low Value,0,1
1924,64,Male,Footwear,Nebraska,Summer,36,7,4.3,1,No,0,No,0,Cash,Standard,Annually,1,0.0,Low Engagement,0.16122448979591836,Low Value,0,1
1925,30,Male,Outerwear,Michigan,Fall,63,42,4.8,1,No,0,No,0,PayPal,Free Shipping,Quarterly,3,0.19999999999999998,Low Engagement,0.6871173469387755,High Value,0,1
1926,59,Male,Footwear,Utah,Winter,32,44,2.9,1,No,0,No,0,Credit Card,Express,Fortnightly,5,0.39999999999999997,Medium Engagement,0.5137755102040816,Mid Value,0,0
1927,66,Male,Accessories,New Mexico,Spring,93,6,3.0,1,No,0,No,0,PayPal,Express,Annually,1,0.0,Low Engagement,0.5072704081632653,Mid Value,0,0
1928,40,Male,Clothing,Florida,Summer,29,8,2.9,1,No,0,No,0,Cash,Standard,Every 3 Months,3,0.19999999999999998,Low Engagement,0.12767857142857142,Low Value,0,0
1929,25,Male,Accessories,Mississippi,Summer,92,10,3.7,1,No,0,No,0,PayPal,Standard,Weekly,7,0.6,Medium Engagement,0.5418367346938776,Mid Value,0,0
1930,59,Male,Clothing,Hawaii,Fall,33,46,4.7,1,No,0,No,0,Venmo,Standard,Quarterly,3,0.19999999999999998,Low Engagement,0.5404336734693878,Mid Value,0,1
1931,66,Male,Clothing,North Carolina,Spring,52,26,3.5,1,No,0,No,0,Cash,Store Pickup,Weekly,7,0.6,Medium Engagement,0.45510204081632655,Mid Value,0,0
1932,54,Male,Accessories,Illinois,Spring,42,6,2.7,1,No,0,No,0,Debit Card,Store Pickup,Every 3 Months,3,0.19999999999999998,Low Engagement,0.18852040816326532,Low Value,0,0
1933,42,Male,Clothing,Maryland,Spring,36,47,5.0,1,No,0,No,0,Credit Card,Free Shipping,Every 3 Months,3,0.19999999999999998,Low Engagement,0.5693877551020409,Mid Value,0,1
1934,48,Male,Footwear,Montana,Summer,67,28,4.1,1,No,0,No,0,Venmo,Next Day Air,Annually,1,0.0,Low Engagement,0.5692602040816326,Mid Value,0,1
1935,34,Male,Outerwear,Michigan,Winter,43,23,2.7,1,No,0,No,0,Bank Transfer,Free Shipping,Annually,1,0.0,Low Engagement,0.3682397959183673,Low Value,0,0
1936,19,Male,Clothing,North Carolina,Spring,68,45,4.8,1,No,0,No,0,Cash,Free Shipping,Fortnightly,5,0.39999999999999997,Medium Engagement,0.7489795918367347,High Value,0,1
1937,70,Male,Accessories,Minnesota,Summer,60,44,4.3,1,No,0,No,0,PayPal,2-Day Shipping,Every 3 Months,3,0.19999999999999998,Low Engagement,0.6887755102040816,High Value,0,1
1938,43,Male,Clothing,Delaware,Summer,53,11,4.5,1,No,0,No,0,Bank Transfer,2-Day Shipping,Monthly,4,0.3,Low Engagement,0.3082908163265306,Low Value,0,1
1939,46,Male,Clothing,Kentucky,Spring,23,39,3.8,1,No,0,No,0,Debit Card,Standard,Bi-Weekly,6,0.5,Medium Engagement,0.4065051020408163,Mid Value,0,0
1940,66,Male,Accessories,Ohio,Winter,57,20,3.7,1,No,0,No,0,PayPal,Store Pickup,Every 3 Months,3,0.19999999999999998,Low Engagement,0.42512755102040817,Mid Value,0,0
1941,50,Male,Accessories,Alaska,Fall,89,48,3.9,1,No,0,No,0,PayPal,2-Day Shipping,Fortnightly,5,0.39999999999999997,Medium Engagement,0.9108418367346939,High Value,0,0
1942,55,Male,Footwear,Vermont,Winter,99,46,3.3,1,No,0,No,0,Credit Card,Standard,Quarterly,3,0.19999999999999998,Low Engagement,0.9529336734693878,High Value,0,0
1943,63,Male,Clothing,Alabama,Fall,28,22,3.4,1,No,0,No,0,PayPal,Express,Monthly,4,0.3,Low Engagement,0.2642857142857143,Low Value,0,0
1944,32,Male,Clothing,Wisconsin,Summer,53,45,3.8,1,No,0,No,0,Cash,Next Day Air,Annually,1,0.0,Low Engagement,0.6552295918367347,High Value,0,0
1945,30,Male,Clothing,Arkansas,Winter,45,49,2.7,1,No,0,No,0,Cash,Free Shipping,Every 3 Months,3,0.19999999999999998,Low Engagement,0.6460459183673469,High Value,0,0
1946,35,Male,Clothing,Georgia,Winter,38,9,2.9,1,No,0,No,0,Credit Card,2-Day Shipping,Every 3 Months,3,0.19999999999999998,Low Engagement,0.19413265306122449,Low Value,0,0
1947,59,Male,Clothing,Louisiana,Summer,49,41,4.5,1,No,0,No,0,Credit Card,Standard,Quarterly,3,0.19999999999999998,Low Engagement,0.5894132653061225,High Value,0,1
1948,59,Male,Clothing,New York,Summer,32,2,2.6,1,No,0,No,0,PayPal,Store Pickup,Monthly,4,0.3,Low Engagement,0.08520408163265306,Low Value,0,0
1949,54,Male,Clothing,Connecticut,Winter,37,39,3.1,1,No,0,No,0,PayPal,Next Day Air,Bi-Weekly,6,0.5,Medium Engagement,0.4940051020408163,Mid Value,0,0
1950,63,Male,Clothing,Nebraska,Winter,80,12,4.7,1,No,0,No,0,PayPal,Store Pickup,Quarterly,3,0.19999999999999998,Low Engagement,0.4872448979591837,Mid Value,0,1
1951,43,Male,Accessories,Arkansas,Summer,78,26,4.6,1,No,0,No,0,PayPal,Free Shipping,Every 3 Months,3,0.19999999999999998,Low Engagement,0.6176020408163265,High Value,0,1
1952,33,Male,Accessories,Connecticut,Summer,53,32,2.7,1,No,0,No,0,Bank Transfer,Next Day Air,Bi-Weekly,6,0.5,Medium Engagement,0.522576530612245,Mid Value,0,0
1953,57,Male,Footwear,Maryland,Summer,82,50,4.6,1,No,0,No,0,Cash,2-Day Shipping,Bi-Weekly,6,0.5,Medium Engagement,0.8875,High Value,0,1
1954,25,Male,Clothing,Colorado,Spring,33,3,4.8,1,No,0,No,0,PayPal,Standard,Fortnightly,5,0.39999999999999997,Medium Engagement,0.10165816326530612,Low Value,0,1
1955,26,Male,Accessories,Colorado,Winter,77,3,4.2,1,No,0,No,0,Venmo,Free Shipping,Quarterly,3,0.19999999999999998,Low Engagement,0.37665816326530616,Low Value,0,1
1956,50,Male,Clothing,Maine,Winter,56,37,4.9,1,No,0,No,0,Cash,Express,Monthly,4,0.3,Low Engagement,0.5923469387755103,High Value,0,1
1957,70,Male,Clothing,Oklahoma,Winter,37,20,4.9,1,No,0,No,0,Credit Card,Express,Fortnightly,5,0.39999999999999997,Medium Engagement,0.30012755102040817,Low Value,0,1
1958,68,Male,Accessories,South Carolina,Spring,54,26,4.5,1,No,0,No,0,Cash,Store Pickup,Bi-Weekly,6,0.5,Medium Engagement,0.4676020408163265,Mid Value,0,1
1959,39,Male,Clothing,Nevada,Winter,67,47,2.7,1,No,0,No,0,Cash,Store Pickup,Quarterly,3,0.19999999999999998,Low Engagement,0.7631377551020408,High Value,0,0
1960,46,Male,Footwear,Colorado,Fall,90,7,3.1,1,No,0,No,0,Credit Card,Store Pickup,Every 3 Months,3,0.19999999999999998,Low Engagement,0.4987244897959184,Mid Value,0,0
1961,57,Male,Clothing,Massachusetts,Summer,72,40,3.3,1,No,0,No,0,Credit Card,2-Day Shipping,Annually,1,0.0,Low Engagement,0.7229591836734695,High Value,0,0
1962,47,Male,Footwear,Nevada,Summer,59,45,2.6,1,No,0,No,0,Debit Card,Free Shipping,Quarterly,3,0.19999999999999998,Low Engagement,0.6927295918367347,High Value,0,0
1963,40,Male,Accessories,Iowa,Fall,45,20,4.4,1,No,0,No,0,PayPal,Standard,Fortnightly,5,0.39999999999999997,Medium Engagement,0.35012755102040816,Low Value,0,1
1964,52,Male,Clothing,Michigan,Spring,30,11,3.9,1,No,0,No,0,Credit Card,Standard,Weekly,7,0.6,Medium Engagement,0.16454081632653061,Low Value,0,0
1965,40,Male,Clothing,West Virginia,Summer,51,50,4.6,1,No,0,No,0,Debit Card,Express,Monthly,4,0.3,Low Engagement,0.69375,High Value,0,1
1966,67,Male,Clothing,Indiana,Fall,90,25,4.9,1,No,0,No,0,Debit Card,Express,Quarterly,3,0.19999999999999998,Low Engagement,0.6823979591836735,High Value,0,1
1967,67,Male,Outerwear,Indiana,Winter,95,5,3.7,1,No,0,No,0,Credit Card,Express,Fortnightly,5,0.39999999999999997,Medium Engagement,0.5095663265306123,Mid Value,0,0
1968,37,Male,Clothing,Georgia,Fall,81,4,3.7,1,No,0,No,0,Venmo,Standard,Annually,1,0.0,Low Engagement,0.41186224489795914,Mid Value,0,0
1969,67,Male,Clothing,Minnesota,Spring,70,25,4.2,1,No,0,No,0,Credit Card,Standard,Weekly,7,0.6,Medium Engagement,0.5573979591836735,Mid Value,0,1
1970,64,Male,Clothing,Louisiana,Winter,32,11,3.5,1,No,0,No,0,Bank Transfer,Next Day Air,Fortnightly,5,0.39999999999999997,Medium Engagement,0.17704081632653063,Low Value,0,0
1971,28,Male,Accessories,Maryland,Spring,94,4,2.9,1,No,0,No,0,Credit Card,Next Day Air,Bi-Weekly,6,0.5,Medium Engagement,0.4931122448979592,Mid Value,0,0
1972,54,Male,Accessories,Pennsylvania,Spring,29,1,3.4,1,No,0,No,0,Venmo,Next Day Air,Monthly,4,0.3,Low Engagement,0.05625,Low Value,0,0
1973,54,Male,Accessories,Louisiana,Summer,31,48,3.3,1,No,0,No,0,PayPal,Express,Every 3 Months,3,0.19999999999999998,Low Engagement,0.5483418367346938,Mid Value,0,0
1974,24,Male,Clothing,Maryland,Fall,20,9,4.5,1,No,0,No,0,Venmo,Standard,Every 3 Months,3,0.19999999999999998,Low Engagement,0.08163265306122448,Low Value,0,1
1975,27,Male,Accessories,Tennessee,Winter,44,2,4.6,1,No,0,No,0,PayPal,2-Day Shipping,Fortnightly,5,0.39999999999999997,Medium Engagement,0.16020408163265307,Low Value,0,1
1976,53,Male,Outerwear,Illinois,Fall,77,4,2.9,1,No,0,No,0,Cash,Express,Quarterly,3,0.19999999999999998,Low Engagement,0.3868622448979592,Low Value,0,0
1977,32,Male,Accessories,Wyoming,Spring,51,43,3.2,1,No,0,No,0,PayPal,Next Day Air,Fortnightly,5,0.39999999999999997,Medium Engagement,0.6223214285714286,High Value,0,0
1978,24,Male,Footwear,Florida,Summer,49,32,2.6,1,No,0,No,0,Bank Transfer,Free Shipping,Annually,1,0.0,Low Engagement,0.49757653061224494,Mid Value,0,0
1979,45,Male,Accessories,Massachusetts,Spring,78,1,3.8,1,No,0,No,0,Cash,Store Pickup,Quarterly,3,0.19999999999999998,Low Engagement,0.3625,Low Value,0,0
1980,49,Male,Clothing,Tennessee,Spring,98,38,2.8,1,No,0,No,0,Debit Card,Store Pickup,Fortnightly,5,0.39999999999999997,Medium Engagement,0.8650510204081632,High Value,0,0
1981,51,Male,Footwear,Iowa,Winter,94,25,4.4,1,No,0,No,0,PayPal,Store Pickup,Fortnightly,5,0.39999999999999997,Medium Engagement,0.7073979591836734,High Value,0,1
1982,69,Male,Footwear,Michigan,Summer,91,42,4.7,1,No,0,No,0,PayPal,Express,Quarterly,3,0.19999999999999998,Low Engagement,0.8621173469387755,High Value,0,1
1983,41,Male,Accessories,Kansas,Summer,77,32,2.7,1,No,0,No,0,PayPal,2-Day Shipping,Monthly,4,0.3,Low Engagement,0.6725765306122449,High Value,0,0
1984,59,Male,Accessories,Georgia,Summer,97,21,2.6,1,No,0,No,0,Debit Card,Next Day Air,Quarterly,3,0.19999999999999998,Low Engagement,0.6853316326530612,High Value,0,0
1985,26,Male,Clothing,West Virginia,Summer,58,26,3.4,1,No,0,No,0,PayPal,2-Day Shipping,Fortnightly,5,0.39999999999999997,Medium Engagement,0.4926020408163265,Mid Value,0,0
1986,23,Male,Accessories,Tennessee,Spring,97,6,3.9,1,No,0,No,0,Credit Card,2-Day Shipping,Fortnightly,5,0.39999999999999997,Medium Engagement,0.5322704081632653,Mid Value,0,0
1987,62,Male,Outerwear,Arkansas,Summer,48,14,3.4,1,No,0,No,0,Venmo,2-Day Shipping,Quarterly,3,0.19999999999999998,Low Engagement,0.30765306122448977,Low Value,0,0
1988,69,Male,Accessories,Vermont,Summer,23,4,3.4,1,No,0,No,0,Cash,Express,Quarterly,3,0.19999999999999998,Low Engagement,0.04936224489795918,Low Value,0,0
1989,46,Male,Clothing,Virginia,Winter,79,26,3.9,1,No,0,No,0,Bank Transfer,Free Shipping,Weekly,7,0.6,Medium Engagement,0.6238520408163266,High Value,0,0
1990,35,Male,Accessories,Maryland,Spring,42,39,4.0,1,No,0,No,0,PayPal,Express,Bi-Weekly,6,0.5,Medium Engagement,0.5252551020408163,Mid Value,0,1
1991,32,Male,Accessories,Connecticut,Spring,95,15,3.4,1,No,0,No,0,PayPal,2-Day Shipping,Annually,1,0.0,Low Engagement,0.6116071428571428,High Value,0,0
1992,46,Male,Footwear,Missouri,Summer,29,1,3.7,1,No,0,No,0,Venmo,Next Day Air,Every 3 Months,3,0.19999999999999998,Low Engagement,0.05625,Low Value,0,0
1993,33,Male,Clothing,New Jersey,Winter,98,28,4.9,1,No,0,No,0,Venmo,2-Day Shipping,Monthly,4,0.3,Low Engagement,0.7630102040816327,High Value,0,1
1994,32,Male,Clothing,Arkansas,Spring,96,17,5.0,1,No,0,No,0,Cash,Express,Weekly,7,0.6,Medium Engagement,0.6382653061224489,High Value,0,1
1995,33,Male,Accessories,Nevada,Fall,66,24,2.9,1,No,0,No,0,Credit Card,Next Day Air,Weekly,7,0.6,Medium Engagement,0.5221938775510204,Mid Value,0,0
1996,67,Male,Footwear,Missouri,Spring,80,29,3.0,1,No,0,No,0,Debit Card,Standard,Quarterly,3,0.19999999999999998,Low Engagement,0.6607142857142857,High Value,0,0
1997,67,Male,Footwear,South Dakota,Summer,27,18,3.3,1,No,0,No,0,Cash,Next Day Air,Every 3 Months,3,0.19999999999999998,Low Engagement,0.21721938775510202,Low Value,0,0
1998,42,Male,Accessories,Connecticut,Fall,25,10,4.7,1,No,0,No,0,Debit Card,Express,Bi-Weekly,6,0.5,Medium Engagement,0.12308673469387756,Low Value,0,1
1999,20,Male,Clothing,Vermont,Fall,45,19,3.4,1,No,0,No,0,Cash,2-Day Shipping,Quarterly,3,0.19999999999999998,Low Engagement,0.3399234693877551,Low Value,0,0
2000,39,Male,Clothing,Tennessee,Winter,89,26,4.6,1,No,0,No,0,Debit Card,2-Day Shipping,Monthly,4,0.3,Low Engagement,0.6863520408163266,High Value,0,1
2001,26,Male,Accessories,California,Winter,27,25,3.6,1,No,0,No,0,Cash,2-Day Shipping,Bi-Weekly,6,0.5,Medium Engagement,0.2886479591836735,Low Value,0,0
2002,51,Male,Accessories,Wyoming,Winter,90,2,2.6,1,No,0,No,0,Debit Card,Free Shipping,Fortnightly,5,0.39999999999999997,Medium Engagement,0.4477040816326531,Mid Value,0,0
2003,31,Male,Clothing,New York,Summer,65,19,2.7,1,No,0,No,0,PayPal,Express,Every 3 Months,3,0.19999999999999998,Low Engagement,0.4649234693877551,Mid Value,0,0
2004,68,Male,Footwear,Maine,Spring,72,32,3.1,1,No,0,No,0,Cash,Express,Quarterly,3,0.19999999999999998,Low Engagement,0.6413265306122449,High Value,0,0
2005,44,Male,Footwear,Georgia,Fall,70,13,3.2,1,No,0,No,0,Cash,2-Day Shipping,Bi-Weekly,6,0.5,Medium Engagement,0.43494897959183676,Mid Value,0,0
2006,18,Male,Footwear,Tennessee,Winter,82,30,3.4,1,No,0,No,0,PayPal,Store Pickup,Fortnightly,5,0.39999999999999997,Medium Engagement,0.6834183673469387,High Value,0,0
2007,58,Male,Accessories,New Mexico,Fall,97,2,4.4,1,No,0,No,0,Credit Card,Express,Annually,1,0.0,Low Engagement,0.4914540816326531,Mid Value,0,1
2008,26,Male,Clothing,Virginia,Summer,25,8,3.2,1,No,0,No,0,PayPal,2-Day Shipping,Quarterly,3,0.19999999999999998,Low Engagement,0.10267857142857142,Low Value,0,0
2009,57,Male,Clothing,Florida,Spring,48,27,2.5,1,No,0,No,0,PayPal,Free Shipping,Every 3 Months,3,0.19999999999999998,Low Engagement,0.4403061224489796,Mid Value,0,0
2010,37,Male,Footwear,Alabama,Summer,99,26,3.8,1,No,0,No,0,Venmo,Next Day Air,Bi-Weekly,6,0.5,Medium Engagement,0.7488520408163266,High Value,0,0
2011,24,Male,Clothing,Texas,Summer,21,3,4.4,1,No,0,No,0,Debit Card,2-Day Shipping,Bi-Weekly,6,0.5,Medium Engagement,0.026658163265306123,Low Value,0,1
2012,57,Male,Footwear,West Virginia,Spring,94,4,3.7,1,No,0,No,0,Bank Transfer,Express,Monthly,4,0.3,Low Engagement,0.4931122448979592,Mid Value,0,0
2013,48,Male,Clothing,Nevada,Fall,53,5,3.2,1,No,0,No,0,Cash,Store Pickup,Fortnightly,5,0.39999999999999997,Medium Engagement,0.24706632653061222,Low Value,0,0
2014,39,Male,Accessories,Virginia,Winter,70,25,4.9,1,No,0,No,0,Debit Card,Standard,Quarterly,3,0.19999999999999998,Low Engagement,0.5573979591836735,Mid Value,0,1
2015,51,Male,Clothing,Wisconsin,Summer,26,47,3.9,1,No,0,No,0,PayPal,Standard,Bi-Weekly,6,0.5,Medium Engagement,0.5068877551020409,Mid Value,0,0
2016,57,Male,Accessories,Virginia,Summer,82,8,4.5,1,No,0,No,0,Credit Card,Next Day Air,Fortnightly,5,0.39999999999999997,Medium Engagement,0.45892857142857146,Mid Value,0,1
2017,53,Male,Footwear,Maine,Winter,47,20,3.4,1,No,0,No,0,Debit Card,Standard,Fortnightly,5,0.39999999999999997,Medium Engagement,0.36262755102040817,Low Value,0,0
2018,70,Male,Clothing,Massachusetts,Winter,32,42,4.1,1,No,0,No,0,Bank Transfer,Next Day Air,Every 3 Months,3,0.19999999999999998,Low Engagement,0.49336734693877554,Mid Value,0,1
2019,60,Male,Accessories,Arkansas,Fall,97,20,4.5,1,No,0,No,0,Bank Transfer,Store Pickup,Weekly,7,0.6,Medium Engagement,0.6751275510204082,High Value,0,1
2020,31,Male,Clothing,Idaho,Winter,68,23,4.7,1,No,0,No,0,Cash,Store Pickup,Fortnightly,5,0.39999999999999997,Medium Engagement,0.5244897959183673,Mid Value,0,1
2021,41,Male,Clothing,Pennsylvania,Winter,23,26,4.8,1,No,0,No,0,Cash,Next Day Air,Quarterly,3,0.19999999999999998,Low Engagement,0.2738520408163265,Low Value,0,1
2022,62,Male,Accessories,Maine,Winter,33,48,4.4,1,No,0,No,0,Venmo,Standard,Quarterly,3,0.19999999999999998,Low Engagement,0.5608418367346939,Mid Value,0,1
2023,59,Male,Accessories,Alabama,Winter,38,16,4.0,1,No,0,No,0,Cash,Store Pickup,Bi-Weekly,6,0.5,Medium Engagement,0.2655612244897959,Low Value,0,1
2024,46,Male,Clothing,Idaho,Winter,68,28,4.1,1,No,0,No,0,Cash,Store Pickup,Bi-Weekly,6,0.5,Medium Engagement,0.5755102040816327,Mid Value,0,1
2025,62,Male,Clothing,Arkansas,Fall,23,39,3.7,1,No,0,No,0,PayPal,Express,Weekly,7,0.6,Medium Engagement,0.4065051020408163,Mid Value,0,0
2026,42,Male,Clothing,Delaware,Summer,29,43,3.0,1,No,0,No,0,Debit Card,Express,Fortnightly,5,0.39999999999999997,Medium Engagement,0.48482142857142857,Mid Value,0,0
2027,37,Male,Accessories,Maine,Winter,35,45,3.6,1,No,0,No,0,Bank Transfer,Express,Every 3 Months,3,0.19999999999999998,Low Engagement,0.5427295918367347,Mid Value,0,0
2028,50,Male,Footwear,Nebraska,Fall,73,50,4.8,1,No,0,No,0,Credit Card,Standard,Every 3 Months,3,0.19999999999999998,Low Engagement,0.83125,High Value,0,1
2029,29,Male,Footwear,Ohio,Fall,84,10,3.7,1,No,0,No,0,Venmo,2-Day Shipping,Bi-Weekly,6,0.5,Medium Engagement,0.49183673469387756,Mid Value,0,0
2030,25,Male,Accessories,Montana,Spring,23,40,4.6,1,No,0,No,0,PayPal,Next Day Air,Quarterly,3,0.19999999999999998,Low Engagement,0.4167091836734694,Mid Value,0,1
2031,66,Male,Accessories,New Mexico,Summer,67,38,2.8,1,No,0,No,0,Credit Card,Standard,Monthly,4,0.3,Low Engagement,0.6713010204081633,High Value,0,0
2032,21,Male,Clothing,North Carolina,Spring,51,2,4.0,1,No,0,No,0,Credit Card,Standard,Monthly,4,0.3,Low Engagement,0.20395408163265308,Low Value,0,1
2033,46,Male,Clothing,South Carolina,Winter,36,13,4.2,1,No,0,No,0,Cash,Next Day Air,Annually,1,0.0,Low Engagement,0.22244897959183674,Low Value,0,1
2034,57,Male,Clothing,Illinois,Summer,55,33,3.6,1,No,0,No,0,Venmo,Express,Annually,1,0.0,Low Engagement,0.5452806122448979,Mid Value,0,0
2035,61,Male,Clothing,Alabama,Spring,30,27,2.9,1,No,0,No,0,PayPal,Store Pickup,Monthly,4,0.3,Low Engagement,0.3278061224489796,Low Value,0,0
2036,53,Male,Clothing,Oklahoma,Summer,70,43,4.1,1,No,0,No,0,Bank Transfer,Express,Weekly,7,0.6,Medium Engagement,0.7410714285714286,High Value,0,1
2037,37,Male,Clothing,Minnesota,Winter,63,46,3.1,1,No,0,No,0,Cash,Next Day Air,Weekly,7,0.6,Medium Engagement,0.7279336734693878,High Value,0,0
2038,39,Male,Accessories,Illinois,Summer,87,7,4.3,1,No,0,No,0,Venmo,Express,Bi-Weekly,6,0.5,Medium Engagement,0.4799744897959184,Mid Value,0,1
2039,53,Male,Clothing,Arkansas,Spring,70,35,4.4,1,No,0,No,0,Credit Card,Next Day Air,Fortnightly,5,0.39999999999999997,Medium Engagement,0.659438775510204,High Value,0,1
2040,35,Male,Clothing,Minnesota,Spring,51,31,3.1,1,No,0,No,0,Debit Card,Next Day Air,Bi-Weekly,6,0.5,Medium Engagement,0.4998724489795918,Mid Value,0,0
2041,69,Male,Accessories,South Carolina,Spring,25,42,2.9,1,No,0,No,0,Venmo,Free Shipping,Quarterly,3,0.19999999999999998,Low Engagement,0.44961734693877553,Mid Value,0,0
2042,66,Male,Outerwear,New York,Winter,32,14,3.2,1,No,0,No,0,PayPal,Next Day Air,Bi-Weekly,6,0.5,Medium Engagement,0.2076530612244898,Low Value,0,0
2043,19,Male,Footwear,Alabama,Spring,52,35,4.0,1,No,0,No,0,Venmo,2-Day Shipping,Monthly,4,0.3,Low Engagement,0.5469387755102041,Mid Value,0,1
2044,47,Male,Accessories,New York,Summer,33,49,2.7,1,No,0,No,0,PayPal,Standard,Weekly,7,0.6,Medium Engagement,0.571045918367347,Mid Value,0,0
2045,49,Male,Clothing,Missouri,Spring,68,17,3.0,1,No,0,No,0,PayPal,Free Shipping,Fortnightly,5,0.39999999999999997,Medium Engagement,0.463265306122449,Mid Value,0,0
2046,31,Male,Accessories,Georgia,Fall,20,26,4.4,1,No,0,No,0,PayPal,Express,Quarterly,3,0.19999999999999998,Low Engagement,0.25510204081632654,Low Value,0,1
2047,39,Male,Clothing,Oklahoma,Winter,32,30,2.8,1,No,0,No,0,Cash,Free Shipping,Every 3 Months,3,0.19999999999999998,Low Engagement,0.3709183673469388,Low Value,0,0
2048,58,Male,Accessories,Connecticut,Summer,82,32,3.1,1,No,0,No,0,Cash,Store Pickup,Annually,1,0.0,Low Engagement,0.7038265306122449,High Value,0,0
2049,45,Male,Footwear,Michigan,Winter,64,35,3.9,1,No,0,No,0,Bank Transfer,Express,Quarterly,3,0.19999999999999998,Low Engagement,0.6219387755102042,High Value,0,0
2050,68,Male,Footwear,Rhode Island,Fall,24,15,2.7,1,No,0,No,0,Venmo,Standard,Annually,1,0.0,Low Engagement,0.16785714285714284,Low Value,0,0
2051,35,Male,Accessories,Mississippi,Summer,96,10,3.4,1,No,0,No,0,Debit Card,Store Pickup,Annually,1,0.0,Low Engagement,0.5668367346938775,Mid Value,0,0
2052,65,Male,Clothing,Massachusetts,Spring,94,14,3.8,1,No,0,No,0,Credit Card,Free Shipping,Monthly,4,0.3,Low Engagement,0.5951530612244899,High Value,0,0
2053,45,Male,Accessories,New Hampshire,Winter,48,30,3.7,1,No,0,No,0,Bank Transfer,2-Day Shipping,Annually,1,0.0,Low Engagement,0.47091836734693876,Mid Value,0,0
2054,19,Male,Accessories,Wyoming,Spring,60,16,4.5,1,No,0,No,0,Credit Card,2-Day Shipping,Fortnightly,5,0.39999999999999997,Medium Engagement,0.4030612244897959,Low Value,0,1
2055,65,Male,Clothing,New Jersey,Spring,56,14,2.9,1,No,0,No,0,PayPal,Express,Annually,1,0.0,Low Engagement,0.3576530612244898,Low Value,0,0
2056,28,Male,Accessories,Texas,Fall,33,28,3.4,1,No,0,No,0,Bank Transfer,2-Day Shipping,Weekly,7,0.6,Medium Engagement,0.3567602040816326,Low Value,0,0
2057,55,Male,Accessories,Minnesota,Spring,46,29,4.4,1,No,0,No,0,PayPal,2-Day Shipping,Monthly,4,0.3,Low Engagement,0.4482142857142857,Mid Value,0,1
2058,66,Male,Clothing,South Dakota,Spring,37,5,4.2,1,No,0,No,0,PayPal,Standard,Every 3 Months,3,0.19999999999999998,Low Engagement,0.14706632653061225,Low Value,0,1
2059,29,Male,Clothing,Washington,Winter,98,17,3.3,1,No,0,No,0,Bank Transfer,Store Pickup,Quarterly,3,0.19999999999999998,Low Engagement,0.650765306122449,High Value,0,0
2060,56,Male,Clothing,California,Spring,50,50,3.7,1,No,0,No,0,PayPal,Express,Weekly,7,0.6,Medium Engagement,0.6875,High Value,0,0
2061,21,Male,Accessories,Wisconsin,Fall,63,23,3.2,1,No,0,No,0,Bank Transfer,Next Day Air,Quarterly,3,0.19999999999999998,Low Engagement,0.4932397959183673,Mid Value,0,0
2062,32,Male,Clothing,Michigan,Summer,70,22,2.6,1,No,0,No,0,Debit Card,Store Pickup,Annually,1,0.0,Low Engagement,0.5267857142857143,Mid Value,0,0
2063,54,Male,Outerwear,South Carolina,Fall,63,15,2.8,1,No,0,No,0,Cash,Standard,Quarterly,3,0.19999999999999998,Low Engagement,0.41160714285714284,Mid Value,0,0
2064,61,Male,Clothing,Indiana,Fall,86,32,2.9,1,No,0,No,0,Cash,Standard,Monthly,4,0.3,Low Engagement,0.7288265306122449,High Value,0,0
2065,31,Male,Footwear,Arkansas,Summer,99,5,4.0,1,No,0,No,0,Bank Transfer,2-Day Shipping,Monthly,4,0.3,Low Engagement,0.5345663265306123,Mid Value,0,1
2066,27,Male,Footwear,Oregon,Spring,40,6,2.9,1,No,0,No,0,Bank Transfer,Free Shipping,Bi-Weekly,6,0.5,Medium Engagement,0.1760204081632653,Low Value,0,0
2067,64,Male,Footwear,Illinois,Fall,92,44,4.7,1,No,0,No,0,Debit Card,Store Pickup,Fortnightly,5,0.39999999999999997,Medium Engagement,0.8887755102040816,High Value,0,1
2068,60,Male,Clothing,Maryland,Fall,21,23,3.1,1,No,0,No,0,Cash,2-Day Shipping,Fortnightly,5,0.39999999999999997,Medium Engagement,0.23073979591836735,Low Value,0,0
2069,70,Male,Accessories,Vermont,Summer,81,44,3.9,1,No,0,No,0,Venmo,Store Pickup,Monthly,4,0.3,Low Engagement,0.8200255102040817,High Value,0,0
2070,36,Male,Clothing,Texas,Fall,82,3,3.4,1,No,0,No,0,Debit Card,Free Shipping,Quarterly,3,0.19999999999999998,Low Engagement,0.40790816326530616,Mid Value,0,0
2071,56,Male,Accessories,Nebraska,Spring,88,14,3.1,1,No,0,No,0,Cash,Express,Monthly,4,0.3,Low Engagement,0.5576530612244898,Mid Value,0,0
2072,69,Male,Outerwear,South Carolina,Fall,100,37,4.8,1,No,0,No,0,PayPal,Store Pickup,Quarterly,3,0.19999999999999998,Low Engagement,0.8673469387755102,High Value,0,1
2073,39,Male,Accessories,Massachusetts,Winter,66,22,3.9,1,No,0,No,0,Bank Transfer,Next Day Air,Weekly,7,0.6,Medium Engagement,0.5017857142857143,Mid Value,0,0
2074,38,Male,Accessories,Texas,Winter,25,2,3.5,1,No,0,No,0,PayPal,Next Day Air,Every 3 Months,3,0.19999999999999998,Low Engagement,0.04145408163265306,Low Value,0,0
2075,36,Male,Accessories,Florida,Summer,53,44,3.1,1,No,0,No,0,Debit Card,Free Shipping,Fortnightly,5,0.39999999999999997,Medium Engagement,0.6450255102040816,High Value,0,0
2076,46,Male,Clothing,South Carolina,Fall,28,49,4.7,1,No,0,No,0,Debit Card,Express,Monthly,4,0.3,Low Engagement,0.539795918367347,Mid Value,0,1
2077,59,Male,Accessories,Florida,Fall,23,22,4.6,1,No,0,No,0,Debit Card,Free Shipping,Bi-Weekly,6,0.5,Medium Engagement,0.23303571428571426,Low Value,0,1
2078,64,Male,Accessories,Nebraska,Fall,34,26,3.3,1,No,0,No,0,Bank Transfer,Free Shipping,Annually,1,0.0,Low Engagement,0.3426020408163265,Low Value,0,0
2079,49,Male,Clothing,Hawaii,Spring,42,40,3.2,1,No,0,No,0,Debit Card,Next Day Air,Weekly,7,0.6,Medium Engagement,0.5354591836734695,Mid Value,0,0
2080,32,Male,Clothing,Montana,Summer,24,16,3.1,1,No,0,No,0,PayPal,Next Day Air,Quarterly,3,0.19999999999999998,Low Engagement,0.17806122448979592,Low Value,0,0
2081,29,Male,Accessories,South Dakota,Fall,47,17,3.5,1,No,0,No,0,Debit Card,Free Shipping,Bi-Weekly,6,0.5,Medium Engagement,0.332015306122449,Low Value,0,0
2082,24,Male,Outerwear,Alabama,Spring,78,48,4.3,1,No,0,No,0,Bank Transfer,Standard,Bi-Weekly,6,0.5,Medium Engagement,0.8420918367346939,High Value,0,1
2083,41,Male,Clothing,Arkansas,Summer,89,28,2.9,1,No,0,No,0,Venmo,Free Shipping,Every 3 Months,3,0.19999999999999998,Low Engagement,0.7067602040816326,High Value,0,0
2084,41,Male,Accessories,Mississippi,Fall,59,26,2.7,1,No,0,No,0,Credit Card,Store Pickup,Fortnightly,5,0.39999999999999997,Medium Engagement,0.4988520408163265,Mid Value,0,0
2085,32,Male,Clothing,Vermont,Summer,94,43,4.0,1,No,0,No,0,Bank Transfer,Standard,Quarterly,3,0.19999999999999998,Low Engagement,0.8910714285714285,High Value,0,1
2086,69,Male,Clothing,New York,Fall,49,38,4.6,1,No,0,No,0,Debit Card,Free Shipping,Weekly,7,0.6,Medium Engagement,0.5588010204081633,Mid Value,0,1
2087,65,Male,Clothing,North Dakota,Summer,89,36,4.7,1,No,0,No,0,Cash,2-Day Shipping,Every 3 Months,3,0.19999999999999998,Low Engagement,0.7883928571428571,High Value,0,1
2088,54,Male,Accessories,Wisconsin,Summer,91,1,4.7,1,No,0,No,0,Credit Card,Standard,Weekly,7,0.6,Medium Engagement,0.44375,Mid Value,0,1
2089,39,Male,Footwear,California,Spring,89,49,4.0,1,No,0,No,0,Debit Card,Standard,Annually,1,0.0,Low Engagement,0.921045918367347,High Value,0,1
2090,37,Male,Outerwear,Maryland,Spring,57,41,3.6,1,No,0,No,0,Credit Card,Free Shipping,Every 3 Months,3,0.19999999999999998,Low Engagement,0.6394132653061224,High Value,0,0
2091,51,Male,Clothing,Massachusetts,Winter,71,21,3.4,1,No,0,No,0,Debit Card,Free Shipping,Monthly,4,0.3,Low Engagement,0.5228316326530612,Mid Value,0,0
2092,26,Male,Clothing,Washington,Fall,97,24,3.0,1,No,0,No,0,Bank Transfer,Next Day Air,Quarterly,3,0.19999999999999998,Low Engagement,0.7159438775510204,High Value,0,0
2093,42,Male,Footwear,Minnesota,Fall,45,27,2.6,1,No,0,No,0,Bank Transfer,Next Day Air,Weekly,7,0.6,Medium Engagement,0.4215561224489796,Mid Value,0,0
2094,21,Male,Clothing,Washington,Spring,91,4,4.2,1,No,0,No,0,Debit Card,Store Pickup,Annually,1,0.0,Low Engagement,0.47436224489795914,Mid Value,0,1
2095,53,Male,Clothing,South Carolina,Spring,25,19,3.4,1,No,0,No,0,Venmo,Standard,Annually,1,0.0,Low Engagement,0.2149234693877551,Low Value,0,0
2096,36,Male,Clothing,New Mexico,Fall,63,1,4.0,1,No,0,No,0,Bank Transfer,Store Pickup,Fortnightly,5,0.39999999999999997,Medium Engagement,0.26875,Low Value,0,1
2097,21,Male,Clothing,North Carolina,Summer,52,27,4.7,1,No,0,No,0,Debit Card,Free Shipping,Annually,1,0.0,Low Engagement,0.4653061224489796,Mid Value,0,1
2098,33,Male,Footwear,Iowa,Winter,43,5,3.9,1,No,0,No,0,Credit Card,Next Day Air,Weekly,7,0.6,Medium Engagement,0.18456632653061222,Low Value,0,0
2099,49,Male,Clothing,Louisiana,Summer,28,20,3.3,1,No,0,No,0,Venmo,2-Day Shipping,Quarterly,3,0.19999999999999998,Low Engagement,0.24387755102040815,Low Value,0,0
2100,31,Male,Clothing,Oklahoma,Summer,78,50,2.9,1,No,0,No,0,PayPal,Express,Annually,1,0.0,Low Engagement,0.8625,High Value,0,0
2101,68,Male,Clothing,Michigan,Spring,31,36,4.4,1,No,0,No,0,Cash,Free Shipping,Fortnightly,5,0.39999999999999997,Medium Engagement,0.4258928571428572,Mid Value,0,1
2102,49,Male,Clothing,Oregon,Winter,23,12,3.6,1,No,0,No,0,Bank Transfer,Next Day Air,Bi-Weekly,6,0.5,Medium Engagement,0.13099489795918368,Low Value,0,0
2103,23,Male,Accessories,Idaho,Spring,25,23,4.5,1,No,0,No,0,Cash,Store Pickup,Monthly,4,0.3,Low Engagement,0.2557397959183674,Low Value,0,1
2104,30,Male,Clothing,Indiana,Summer,86,21,3.7,1,No,0,No,0,Venmo,Store Pickup,Weekly,7,0.6,Medium Engagement,0.6165816326530612,High Value,0,0
2105,53,Male,Footwear,New Mexico,Spring,88,47,2.8,1,No,0,No,0,Venmo,Free Shipping,Weekly,7,0.6,Medium Engagement,0.8943877551020408,High Value,0,0
2106,65,Male,Accessories,South Carolina,Spring,35,38,4.5,1,No,0,No,0,Venmo,Free Shipping,Bi-Weekly,6,0.5,Medium Engagement,0.47130102040816324,Mid Value,0,1
2107,60,Male,Accessories,Vermont,Fall,34,40,4.4,1,No,0,No,0,Credit Card,Standard,Every 3 Months,3,0.19999999999999998,Low Engagement,0.4854591836734694,Mid Value,0,1
2108,46,Male,Clothing,Delaware,Winter,75,35,3.3,1,No,0,No,0,PayPal,Standard,Quarterly,3,0.19999999999999998,Low Engagement,0.690688775510204,High Value,0,0
2109,54,Male,Clothing,North Dakota,Winter,46,4,4.2,1,No,0,No,0,Credit Card,Express,Quarterly,3,0.19999999999999998,Low Engagement,0.1931122448979592,Low Value,0,1
2110,59,Male,Accessories,California,Fall,31,28,2.7,1,No,0,No,0,Venmo,Free Shipping,Every 3 Months,3,0.19999999999999998,Low Engagement,0.3442602040816326,Low Value,0,0
2111,52,Male,Clothing,Montana,Spring,93,36,3.9,1,No,0,No,0,Debit Card,Store Pickup,Every 3 Months,3,0.19999999999999998,Low Engagement,0.8133928571428571,High Value,0,0
2112,41,Male,Accessories,Missouri,Spring,85,15,2.6,1,No,0,No,0,Bank Transfer,Free Shipping,Annually,1,0.0,Low Engagement,0.5491071428571428,Mid Value,0,0
2113,43,Male,Accessories,Tennessee,Fall,68,7,4.5,1,No,0,No,0,Cash,2-Day Shipping,Fortnightly,5,0.39999999999999997,Medium Engagement,0.36122448979591837,Low Value,0,1
2114,63,Male,Clothing,Virginia,Spring,40,29,2.7,1,No,0,No,0,PayPal,Store Pickup,Every 3 Months,3,0.19999999999999998,Low Engagement,0.4107142857142857,Mid Value,0,0
2115,37,Male,Clothing,Vermont,Winter,51,12,2.9,1,No,0,No,0,Debit Card,Standard,Annually,1,0.0,Low Engagement,0.30599489795918366,Low Value,0,0
2116,44,Male,Accessories,Rhode Island,Winter,85,16,3.4,1,No,0,No,0,Bank Transfer,Store Pickup,Bi-Weekly,6,0.5,Medium Engagement,0.559311224489796,Mid Value,0,0
2117,67,Male,Outerwear,Kansas,Summer,23,50,2.9,1,No,0,No,0,Debit Card,Express,Bi-Weekly,6,0.5,Medium Engagement,0.51875,Mid Value,0,0
2118,27,Male,Clothing,Colorado,Summer,28,11,3.8,1,No,0,No,0,Debit Card,Free Shipping,Annually,1,0.0,Low Engagement,0.1520408163265306,Low Value,0,0
2119,60,Male,Clothing,Georgia,Fall,44,28,4.2,1,No,0,No,0,Debit Card,2-Day Shipping,Quarterly,3,0.19999999999999998,Low Engagement,0.42551020408163265,Mid Value,0,1
2120,58,Male,Accessories,Nebraska,Spring,57,36,3.5,1,No,0,No,0,Venmo,Store Pickup,Bi-Weekly,6,0.5,Medium Engagement,0.5883928571428572,High Value,0,0
2121,53,Male,Accessories,Missouri,Fall,98,38,3.1,1,No,0,No,0,PayPal,Next Day Air,Quarterly,3,0.19999999999999998,Low Engagement,0.8650510204081632,High Value,0,0
2122,43,Male,Accessories,Alaska,Winter,68,32,3.5,1,No,0,No,0,Bank Transfer,2-Day Shipping,Monthly,4,0.3,Low Engagement,0.616326530612245,High Value,0,0
2123,32,Male,Outerwear,Virginia,Fall,36,42,4.0,1,No,0,No,0,Debit Card,Express,Weekly,7,0.6,Medium Engagement,0.5183673469387755,Mid Value,0,1
2124,54,Male,Outerwear,Nebraska,Spring,71,22,3.7,1,No,0,No,0,Debit Card,Express,Bi-Weekly,6,0.5,Medium Engagement,0.5330357142857143,Mid Value,0,0
2125,47,Male,Clothing,Rhode Island,Fall,60,22,4.2,1,No,0,No,0,Venmo,Next Day Air,Quarterly,3,0.19999999999999998,Low Engagement,0.4642857142857143,Mid Value,0,1
2126,57,Male,Outerwear,New Hampshire,Fall,87,31,4.8,1,No,0,No,0,PayPal,Store Pickup,Quarterly,3,0.19999999999999998,Low Engagement,0.7248724489795919,High Value,0,1
2127,63,Male,Footwear,Alabama,Winter,38,28,4.1,1,No,0,No,0,Credit Card,Express,Monthly,4,0.3,Low Engagement,0.3880102040816326,Low Value,0,1
2128,70,Male,Footwear,North Carolina,Spring,45,40,4.5,1,No,0,No,0,Debit Card,2-Day Shipping,Weekly,7,0.6,Medium Engagement,0.5542091836734694,Mid Value,0,1
2129,62,Male,Outerwear,New Mexico,Fall,47,21,2.7,1,No,0,No,0,PayPal,2-Day Shipping,Weekly,7,0.6,Medium Engagement,0.37283163265306124,Low Value,0,0
2130,40,Male,Clothing,Minnesota,Fall,57,12,2.8,1,No,0,No,0,PayPal,Store Pickup,Every 3 Months,3,0.19999999999999998,Low Engagement,0.3434948979591837,Low Value,0,0
2131,25,Male,Accessories,Arizona,Summer,68,33,3.7,1,No,0,No,0,Credit Card,Free Shipping,Annually,1,0.0,Low Engagement,0.6265306122448979,High Value,0,0
2132,19,Male,Clothing,Montana,Fall,52,9,3.6,1,No,0,No,0,Bank Transfer,Express,Fortnightly,5,0.39999999999999997,Medium Engagement,0.2816326530612245,Low Value,0,0
2133,25,Male,Clothing,Vermont,Fall,87,15,4.7,1,No,0,No,0,Debit Card,2-Day Shipping,Weekly,7,0.6,Medium Engagement,0.5616071428571429,Mid Value,0,1
2134,21,Male,Accessories,Maine,Summer,34,13,3.8,1,No,0,No,0,Bank Transfer,Standard,Annually,1,0.0,Low Engagement,0.20994897959183673,Low Value,0,0
2135,55,Male,Footwear,Virginia,Winter,41,35,2.9,1,No,0,No,0,Credit Card,Standard,Fortnightly,5,0.39999999999999997,Medium Engagement,0.4781887755102041,Mid Value,0,0
2136,34,Male,Accessories,California,Winter,94,1,4.6,1,No,0,No,0,Debit Card,Next Day Air,Every 3 Months,3,0.19999999999999998,Low Engagement,0.4625,Mid Value,0,1
2137,47,Male,Accessories,New York,Summer,93,25,2.8,1,No,0,No,0,Bank Transfer,Standard,Fortnightly,5,0.39999999999999997,Medium Engagement,0.7011479591836735,High Value,0,0
2138,27,Male,Clothing,Indiana,Winter,51,20,4.6,1,No,0,No,0,Credit Card,2-Day Shipping,Every 3 Months,3,0.19999999999999998,Low Engagement,0.38762755102040813,Low Value,0,1
2139,67,Male,Clothing,Mississippi,Fall,42,36,2.8,1,No,0,No,0,Venmo,Next Day Air,Quarterly,3,0.19999999999999998,Low Engagement,0.49464285714285716,Mid Value,0,0
2140,40,Male,Footwear,New York,Winter,95,33,3.0,1,No,0,No,0,Cash,Free Shipping,Weekly,7,0.6,Medium Engagement,0.7952806122448979,High Value,0,0
2141,53,Male,Accessories,New Mexico,Fall,90,36,3.7,1,No,0,No,0,Cash,Standard,Fortnightly,5,0.39999999999999997,Medium Engagement,0.7946428571428572,High Value,0,0
2142,24,Male,Clothing,Kentucky,Winter,98,32,4.1,1,No,0,No,0,PayPal,2-Day Shipping,Annually,1,0.0,Low Engagement,0.803826530612245,High Value,0,1
2143,47,Male,Accessories,North Dakota,Winter,39,21,4.3,1,No,0,No,0,Venmo,Next Day Air,Quarterly,3,0.19999999999999998,Low Engagement,0.32283163265306125,Low Value,0,1
2144,53,Male,Footwear,Arkansas,Fall,66,48,3.8,1,No,0,No,0,Venmo,Next Day Air,Bi-Weekly,6,0.5,Medium Engagement,0.7670918367346938,High Value,0,0
2145,47,Male,Footwear,Maryland,Winter,23,25,3.7,1,No,0,No,0,PayPal,Free Shipping,Quarterly,3,0.19999999999999998,Low Engagement,0.26364795918367345,Low Value,0,0
2146,38,Male,Clothing,Connecticut,Winter,73,32,4.8,1,No,0,No,0,PayPal,Standard,Annually,1,0.0,Low Engagement,0.647576530612245,High Value,0,1
2147,48,Male,Accessories,Utah,Summer,23,45,4.6,1,No,0,No,0,PayPal,Standard,Every 3 Months,3,0.19999999999999998,Low Engagement,0.4677295918367347,Mid Value,0,1
2148,47,Male,Clothing,Missouri,Fall,43,4,4.8,1,No,0,No,0,Cash,Standard,Fortnightly,5,0.39999999999999997,Medium Engagement,0.17436224489795918,Low Value,0,1
2149,19,Male,Clothing,Nebraska,Winter,45,19,4.6,1,No,0,No,0,PayPal,2-Day Shipping,Bi-Weekly,6,0.5,Medium Engagement,0.3399234693877551,Low Value,0,1
2150,38,Male,Footwear,Hawaii,Winter,21,1,4.0,1,No,0,No,0,Bank Transfer,Standard,Weekly,7,0.6,Medium Engagement,0.00625,Low Value,0,1
2151,57,Male,Clothing,Illinois,Spring,40,12,2.6,1,No,0,No,0,Cash,2-Day Shipping,Weekly,7,0.6,Medium Engagement,0.2372448979591837,Low Value,0,0
2152,70,Male,Clothing,Vermont,Fall,58,18,2.6,1,No,0,No,0,Venmo,2-Day Shipping,Monthly,4,0.3,Low Engagement,0.41096938775510206,Mid Value,0,0
2153,38,Male,Clothing,New Jersey,Summer,48,43,4.5,1,No,0,No,0,Bank Transfer,Next Day Air,Bi-Weekly,6,0.5,Medium Engagement,0.6035714285714285,High Value,0,1
2154,35,Male,Clothing,Kentucky,Fall,94,31,4.2,1,No,0,No,0,PayPal,Free Shipping,Annually,1,0.0,Low Engagement,0.7686224489795919,High Value,0,1
2155,46,Male,Accessories,Wyoming,Spring,74,33,3.4,1,No,0,No,0,Cash,Store Pickup,Every 3 Months,3,0.19999999999999998,Low Engagement,0.664030612244898,High Value,0,0
2156,32,Male,Accessories,Hawaii,Fall,51,46,3.7,1,No,0,No,0,PayPal,Store Pickup,Monthly,4,0.3,Low Engagement,0.6529336734693878,High Value,0,0
2157,38,Male,Clothing,Missouri,Winter,83,41,3.6,1,No,0,No,0,Debit Card,Next Day Air,Bi-Weekly,6,0.5,Medium Engagement,0.8019132653061225,High Value,0,0
2158,41,Male,Accessories,Mississippi,Winter,68,41,4.0,1,No,0,No,0,Venmo,Next Day Air,Fortnightly,5,0.39999999999999997,Medium Engagement,0.7081632653061225,High Value,0,1
2159,19,Male,Accessories,Massachusetts,Spring,84,9,4.6,1,No,0,No,0,Bank Transfer,Standard,Fortnightly,5,0.39999999999999997,Medium Engagement,0.4816326530612245,Mid Value,0,1
2160,18,Male,Clothing,Louisiana,Fall,58,34,3.0,1,No,0,No,0,Cash,Free Shipping,Annually,1,0.0,Low Engagement,0.574234693877551,Mid Value,0,0
2161,45,Male,Clothing,West Virginia,Winter,92,21,3.3,1,No,0,No,0,PayPal,Express,Annually,1,0.0,Low Engagement,0.6540816326530612,High Value,0,0
2162,23,Male,Clothing,Washington,Summer,69,5,3.8,1,No,0,No,0,Debit Card,Express,Fortnightly,5,0.39999999999999997,Medium Engagement,0.34706632653061226,Low Value,0,0
2163,60,Male,Clothing,Oregon,Summer,48,32,2.7,1,No,0,No,0,PayPal,Free Shipping,Weekly,7,0.6,Medium Engagement,0.4913265306122449,Mid Value,0,0
2164,52,Male,Footwear,New York,Spring,60,44,4.5,1,No,0,No,0,Bank Transfer,Express,Monthly,4,0.3,Low Engagement,0.6887755102040816,High Value,0,1
2165,42,Male,Footwear,Iowa,Winter,20,46,4.8,1,No,0,No,0,PayPal,Next Day Air,Bi-Weekly,6,0.5,Medium Engagement,0.45918367346938777,Mid Value,0,1
2166,29,Male,Clothing,Idaho,Summer,55,42,4.2,1,No,0,No,0,Credit Card,Express,Every 3 Months,3,0.19999999999999998,Low Engagement,0.6371173469387755,High Value,0,1
2167,31,Male,Outerwear,New Jersey,Spring,88,50,3.5,1,No,0,No,0,Credit Card,Express,Bi-Weekly,6,0.5,Medium Engagement,0.925,High Value,0,0
2168,30,Male,Clothing,Ohio,Winter,48,33,4.9,1,No,0,No,0,Venmo,Standard,Fortnightly,5,0.39999999999999997,Medium Engagement,0.5015306122448979,Mid Value,0,1
2169,23,Male,Accessories,Connecticut,Spring,74,32,4.1,1,No,0,No,0,Cash,Next Day Air,Quarterly,3,0.19999999999999998,Low Engagement,0.6538265306122449,High Value,0,1
2170,31,Male,Outerwear,Florida,Fall,42,32,2.9,1,No,0,No,0,Bank Transfer,Next Day Air,Bi-Weekly,6,0.5,Medium Engagement,0.4538265306122449,Mid Value,0,0
2171,40,Male,Clothing,South Carolina,Fall,32,37,4.0,1,No,0,No,0,Venmo,Next Day Air,Every 3 Months,3,0.19999999999999998,Low Engagement,0.44234693877551023,Mid Value,0,1
2172,39,Male,Clothing,Missouri,Summer,98,9,4.6,1,No,0,No,0,Cash,Store Pickup,Fortnightly,5,0.39999999999999997,Medium Engagement,0.5691326530612245,Mid Value,0,1
2173,28,Male,Clothing,Rhode Island,Fall,89,6,2.8,1,No,0,No,0,PayPal,Store Pickup,Fortnightly,5,0.39999999999999997,Medium Engagement,0.48227040816326533,Mid Value,0,0
2174,23,Male,Accessories,Delaware,Summer,97,36,5.0,1,No,0,No,0,Venmo,2-Day Shipping,Quarterly,3,0.19999999999999998,Low Engagement,0.8383928571428572,High Value,0,1
2175,42,Male,Accessories,Colorado,Spring,49,1,2.9,1,No,0,No,0,Cash,Store Pickup,Annually,1,0.0,Low Engagement,0.18125,Low Value,0,0
2176,68,Male,Clothing,Nebraska,Spring,50,48,3.3,1,No,0,No,0,Credit Card,Free Shipping,Fortnightly,5,0.39999999999999997,Medium Engagement,0.6670918367346939,High Value,0,0
2177,24,Male,Accessories,Vermont,Winter,91,44,3.4,1,No,0,No,0,Debit Card,2-Day Shipping,Quarterly,3,0.19999999999999998,Low Engagement,0.8825255102040817,High Value,0,0
2178,24,Male,Accessories,Montana,Winter,93,9,3.0,1,No,0,No,0,PayPal,Express,Bi-Weekly,6,0.5,Medium Engagement,0.5378826530612245,Mid Value,0,0
2179,21,Male,Accessories,Florida,Summer,98,32,4.7,1,No,0,No,0,Venmo,Standard,Annually,1,0.0,Low Engagement,0.803826530612245,High Value,0,1
2180,49,Male,Clothing,Delaware,Fall,82,14,2.9,1,No,0,No,0,PayPal,Next Day Air,Monthly,4,0.3,Low Engagement,0.5201530612244898,Mid Value,0,0
2181,41,Male,Outerwear,Connecticut,Summer,37,43,4.1,1,No,0,No,0,Cash,Store Pickup,Quarterly,3,0.19999999999999998,Low Engagement,0.5348214285714286,Mid Value,0,1
2182,22,Male,Accessories,Hawaii,Fall,63,32,3.2,1,No,0,No,0,Bank Transfer,Free Shipping,Bi-Weekly,6,0.5,Medium Engagement,0.585076530612245,Mid Value,0,0
2183,42,Male,Clothing,New Mexico,Winter,99,26,2.7,1,No,0,No,0,Venmo,Store Pickup,Bi-Weekly,6,0.5,Medium Engagement,0.7488520408163266,High Value,0,0
2184,30,Male,Clothing,Kansas,Spring,37,2,4.7,1,No,0,No,0,Cash,Store Pickup,Monthly,4,0.3,Low Engagement,0.11645408163265306,Low Value,0,1
2185,38,Male,Footwear,Nevada,Spring,34,16,3.2,1,No,0,No,0,PayPal,Free Shipping,Every 3 Months,3,0.19999999999999998,Low Engagement,0.24056122448979592,Low Value,0,0
2186,40,Male,Clothing,North Carolina,Winter,32,50,2.5,1,No,0,No,0,Debit Card,Express,Every 3 Months,3,0.19999999999999998,Low Engagement,0.575,Mid Value,0,0
2187,55,Male,Footwear,New Mexico,Winter,23,6,4.3,1,No,0,No,0,PayPal,Next Day Air,Every 3 Months,3,0.19999999999999998,Low Engagement,0.06977040816326531,Low Value,0,1
2188,37,Male,Clothing,Idaho,Spring,78,20,4.4,1,No,0,No,0,PayPal,Free Shipping,Annually,1,0.0,Low Engagement,0.5563775510204081,Mid Value,0,1
2189,41,Male,Outerwear,California,Winter,54,9,4.7,1,No,0,No,0,Credit Card,Next Day Air,Weekly,7,0.6,Medium Engagement,0.2941326530612245,Low Value,0,1
2190,38,Male,Clothing,Wisconsin,Fall,94,47,4.0,1,No,0,No,0,Credit Card,Express,Bi-Weekly,6,0.5,Medium Engagement,0.9318877551020408,High Value,0,1
2191,42,Male,Accessories,Alaska,Spring,75,33,4.6,1,No,0,No,0,Credit Card,Express,Annually,1,0.0,Low Engagement,0.6702806122448979,High Value,0,1
2192,26,Male,Clothing,Pennsylvania,Summer,69,46,3.8,1,No,0,No,0,Cash,Next Day Air,Bi-Weekly,6,0.5,Medium Engagement,0.7654336734693878,High Value,0,0
2193,41,Male,Accessories,Virginia,Winter,35,9,3.2,1,No,0,No,0,Credit Card,Next Day Air,Monthly,4,0.3,Low Engagement,0.17538265306122447,Low Value,0,0
2194,27,Male,Clothing,California,Spring,78,8,5.0,1,No,0,No,0,PayPal,Express,Monthly,4,0.3,Low Engagement,0.43392857142857144,Mid Value,0,1
2195,61,Male,Clothing,Kentucky,Summer,29,48,3.5,1,No,0,No,0,Bank Transfer,Standard,Quarterly,3,0.19999999999999998,Low Engagement,0.5358418367346939,Mid Value,0,0
2196,58,Male,Clothing,New York,Fall,62,2,3.7,1,No,0,No,0,Cash,Next Day Air,Monthly,4,0.3,Low Engagement,0.2727040816326531,Low Value,0,0
2197,25,Male,Clothing,Vermont,Spring,58,31,4.8,1,No,0,No,0,PayPal,Next Day Air,Weekly,7,0.6,Medium Engagement,0.5436224489795918,Mid Value,0,1
2198,33,Male,Footwear,Pennsylvania,Summer,88,40,3.7,1,No,0,No,0,Venmo,2-Day Shipping,Monthly,4,0.3,Low Engagement,0.8229591836734693,High Value,0,0
2199,57,Male,Accessories,New York,Summer,80,35,3.5,1,No,0,No,0,Venmo,Free Shipping,Monthly,4,0.3,Low Engagement,0.721938775510204,High Value,0,0
2200,39,Male,Accessories,North Carolina,Summer,47,40,4.9,1,No,0,No,0,Debit Card,Store Pickup,Monthly,4,0.3,Low Engagement,0.5667091836734695,Mid Value,0,1
2201,60,Male,Accessories,Wyoming,Summer,51,27,4.7,1,No,0,No,0,Debit Card,Next Day Air,Every 3 Months,3,0.19999999999999998,Low Engagement,0.45905612244897964,Mid Value,0,1
2202,39,Male,Clothing,Ohio,Spring,25,10,4.9,1,No,0,No,0,Venmo,2-Day Shipping,Annually,1,0.0,Low Engagement,0.12308673469387756,Low Value,0,1
2203,42,Male,Clothing,Alabama,Summer,36,23,4.3,1,No,0,No,0,Credit Card,Next Day Air,Weekly,7,0.6,Medium Engagement,0.32448979591836735,Low Value,0,1
2204,53,Male,Clothing,Rhode Island,Winter,79,32,3.1,1,No,0,No,0,Cash,Free Shipping,Quarterly,3,0.19999999999999998,Low Engagement,0.6850765306122449,High Value,0,0
2205,20,Male,Clothing,Oregon,Winter,41,6,3.4,1,No,0,No,0,Debit Card,2-Day Shipping,Monthly,4,0.3,Low Engagement,0.1822704081632653,Low Value,0,0
2206,46,Male,Clothing,North Dakota,Fall,68,27,2.7,1,No,0,No,0,PayPal,Express,Weekly,7,0.6,Medium Engagement,0.5653061224489796,Mid Value,0,0
2207,46,Male,Footwear,Illinois,Spring,51,25,2.6,1,No,0,No,0,Bank Transfer,Store Pickup,Fortnightly,5,0.39999999999999997,Medium Engagement,0.4386479591836735,Mid Value,0,0
2208,69,Male,Accessories,New Mexico,Fall,38,11,2.9,1,No,0,No,0,Credit Card,Next Day Air,Annually,1,0.0,Low Engagement,0.2145408163265306,Low Value,0,0
2209,28,Male,Accessories,Colorado,Summer,46,23,2.7,1,No,0,No,0,PayPal,2-Day Shipping,Monthly,4,0.3,Low Engagement,0.38698979591836735,Low Value,0,0
2210,42,Male,Footwear,Utah,Summer,20,44,4.5,1,No,0,No,0,Bank Transfer,2-Day Shipping,Quarterly,3,0.19999999999999998,Low Engagement,0.4387755102040816,Mid Value,0,1
2211,30,Male,Accessories,Virginia,Summer,25,35,3.1,1,No,0,No,0,PayPal,Store Pickup,Fortnightly,5,0.39999999999999997,Medium Engagement,0.3781887755102041,Low Value,0,0
2212,50,Male,Clothing,Maine,Winter,89,45,3.2,1,No,0,No,0,Debit Card,Free Shipping,Every 3 Months,3,0.19999999999999998,Low Engagement,0.8802295918367347,High Value,0,0
2213,59,Male,Clothing,Nebraska,Winter,77,22,3.3,1,No,0,No,0,Bank Transfer,Next Day Air,Quarterly,3,0.19999999999999998,Low Engagement,0.5705357142857143,Mid Value,0,0
2214,54,Male,Accessories,Hawaii,Fall,94,18,2.9,1,No,0,No,0,Debit Card,Express,Quarterly,3,0.19999999999999998,Low Engagement,0.635969387755102,High Value,0,0
2215,50,Male,Accessories,Idaho,Fall,100,20,4.1,1,No,0,No,0,Debit Card,Standard,Weekly,7,0.6,Medium Engagement,0.6938775510204082,High Value,0,1
2216,25,Male,Footwear,West Virginia,Winter,96,28,2.7,1,No,0,No,0,Credit Card,Express,Fortnightly,5,0.39999999999999997,Medium Engagement,0.7505102040816326,High Value,0,0
2217,41,Male,Clothing,Vermont,Winter,36,15,4.0,1,No,0,No,0,Venmo,Store Pickup,Bi-Weekly,6,0.5,Medium Engagement,0.24285714285714285,Low Value,0,1
2218,35,Male,Accessories,Indiana,Fall,27,42,2.6,1,No,0,No,0,Bank Transfer,Store Pickup,Fortnightly,5,0.39999999999999997,Medium Engagement,0.46211734693877554,Mid Value,0,0
2219,67,Male,Accessories,Idaho,Winter,67,20,3.5,1,No,0,No,0,Debit Card,Store Pickup,Quarterly,3,0.19999999999999998,Low Engagement,0.48762755102040817,Mid Value,0,0
2220,33,Male,Clothing,Minnesota,Fall,91,16,2.8,1,No,0,No,0,Bank Transfer,Store Pickup,Fortnightly,5,0.39999999999999997,Medium Engagement,0.5968112244897958,High Value,0,0
2221,19,Male,Accessories,Wyoming,Fall,62,47,4.5,1,No,0,No,0,Cash,Store Pickup,Annually,1,0.0,Low Engagement,0.7318877551020408,High Value,0,1
2222,25,Male,Clothing,Kansas,Fall,88,34,3.0,1,No,0,No,0,Credit Card,Free Shipping,Annually,1,0.0,Low Engagement,0.761734693877551,High Value,0,0
2223,32,Male,Clothing,Georgia,Summer,66,30,4.4,1,No,0,No,0,Credit Card,Store Pickup,Weekly,7,0.6,Medium Engagement,0.5834183673469387,Mid Value,0,1
2224,30,Male,Footwear,Kansas,Fall,65,5,4.7,1,No,0,No,0,PayPal,Next Day Air,Quarterly,3,0.19999999999999998,Low Engagement,0.32206632653061223,Low Value,0,1
2225,18,Male,Accessories,Nebraska,Winter,25,38,4.3,1,No,0,No,0,Cash,Standard,Quarterly,3,0.19999999999999998,Low Engagement,0.40880102040816324,Mid Value,0,1
2226,38,Male,Accessories,Washington,Spring,64,18,4.8,1,No,0,No,0,Credit Card,Free Shipping,Annually,1,0.0,Low Engagement,0.44846938775510203,Mid Value,0,1
2227,22,Male,Clothing,Missouri,Spring,72,28,4.8,1,No,0,No,0,Cash,Store Pickup,Annually,1,0.0,Low Engagement,0.6005102040816326,High Value,0,1
2228,40,Male,Accessories,Washington,Summer,74,42,4.4,1,No,0,No,0,Credit Card,Next Day Air,Fortnightly,5,0.39999999999999997,Medium Engagement,0.7558673469387756,High Value,0,1
2229,54,Male,Accessories,Kansas,Fall,50,5,3.7,1,No,0,No,0,Credit Card,Free Shipping,Weekly,7,0.6,Medium Engagement,0.22831632653061223,Low Value,0,0
2230,70,Male,Clothing,Minnesota,Fall,97,50,3.9,1,No,0,No,0,Venmo,Express,Monthly,4,0.3,Low Engagement,0.98125,High Value,0,0
2231,52,Male,Footwear,Colorado,Spring,36,33,3.8,1,No,0,No,0,Venmo,Express,Fortnightly,5,0.39999999999999997,Medium Engagement,0.42653061224489797,Mid Value,0,0
2232,34,Male,Outerwear,Utah,Fall,49,1,4.1,1,No,0,No,0,Credit Card,Store Pickup,Weekly,7,0.6,Medium Engagement,0.18125,Low Value,0,1
2233,65,Male,Footwear,North Carolina,Spring,64,14,4.0,1,No,0,No,0,Cash,Store Pickup,Fortnightly,5,0.39999999999999997,Medium Engagement,0.40765306122448985,Mid Value,0,1
2234,38,Male,Clothing,Florida,Summer,31,48,4.5,1,No,0,No,0,Credit Card,Express,Monthly,4,0.3,Low Engagement,0.5483418367346938,Mid Value,0,1
2235,35,Male,Footwear,New Hampshire,Winter,66,26,4.0,1,No,0,No,0,Cash,Express,Weekly,7,0.6,Medium Engagement,0.5426020408163266,Mid Value,0,1
2236,40,Male,Clothing,Illinois,Spring,82,44,4.5,1,No,0,No,0,Credit Card,2-Day Shipping,Annually,1,0.0,Low Engagement,0.8262755102040816,High Value,0,1
2237,23,Male,Clothing,Louisiana,Winter,88,18,2.7,1,No,0,No,0,Debit Card,Standard,Fortnightly,5,0.39999999999999997,Medium Engagement,0.5984693877551021,High Value,0,0
2238,45,Male,Footwear,Alabama,Summer,34,31,3.8,1,No,0,No,0,Venmo,Next Day Air,Every 3 Months,3,0.19999999999999998,Low Engagement,0.39362244897959187,Low Value,0,0
2239,40,Male,Footwear,Florida,Winter,84,18,3.8,1,No,0,No,0,Debit Card,Standard,Weekly,7,0.6,Medium Engagement,0.573469387755102,Mid Value,0,0
2240,42,Male,Accessories,Alabama,Summer,96,41,3.8,1,No,0,No,0,Credit Card,2-Day Shipping,Every 3 Months,3,0.19999999999999998,Low Engagement,0.8831632653061224,High Value,0,0
2241,57,Male,Footwear,California,Winter,71,18,4.3,1,No,0,No,0,Debit Card,Next Day Air,Every 3 Months,3,0.19999999999999998,Low Engagement,0.492219387755102,Mid Value,0,1
2242,18,Male,Outerwear,Maryland,Summer,77,3,3.5,1,No,0,No,0,Bank Transfer,Free Shipping,Bi-Weekly,6,0.5,Medium Engagement,0.37665816326530616,Low Value,0,0
2243,18,Male,Clothing,Nevada,Spring,66,5,3.8,1,No,0,No,0,Credit Card,Next Day Air,Bi-Weekly,6,0.5,Medium Engagement,0.3283163265306122,Low Value,0,0
2244,56,Male,Clothing,Massachusetts,Winter,21,13,3.7,1,No,0,No,0,Debit Card,2-Day Shipping,Annually,1,0.0,Low Engagement,0.12869897959183674,Low Value,0,0
2245,35,Male,Clothing,South Carolina,Summer,37,22,4.8,1,No,0,No,0,PayPal,2-Day Shipping,Annually,1,0.0,Low Engagement,0.32053571428571426,Low Value,0,1
2246,49,Male,Clothing,Delaware,Fall,90,45,4.9,1,No,0,No,0,PayPal,Free Shipping,Fortnightly,5,0.39999999999999997,Medium Engagement,0.8864795918367347,High Value,0,1
2247,49,Male,Outerwear,Hawaii,Fall,96,39,4.3,1,No,0,No,0,PayPal,Store Pickup,Every 3 Months,3,0.19999999999999998,Low Engagement,0.8627551020408163,High Value,0,1
2248,34,Male,Accessories,Florida,Summer,37,18,4.4,1,No,0,No,0,Venmo,Next Day Air,Annually,1,0.0,Low Engagement,0.279719387755102,Low Value,0,1
2249,63,Male,Clothing,Rhode Island,Winter,66,19,3.4,1,No,0,No,0,PayPal,Free Shipping,Fortnightly,5,0.39999999999999997,Medium Engagement,0.47117346938775506,Mid Value,0,0
2250,42,Male,Accessories,Wyoming,Spring,45,29,4.3,1,No,0,No,0,Debit Card,Next Day Air,Weekly,7,0.6,Medium Engagement,0.4419642857142857,Mid Value,0,1
2251,41,Male,Footwear,Colorado,Summer,89,19,4.6,1,No,0,No,0,Credit Card,Store Pickup,Weekly,7,0.6,Medium Engagement,0.6149234693877551,High Value,0,1
2252,26,Male,Footwear,Virginia,Fall,94,22,3.8,1,No,0,No,0,Debit Card,Free Shipping,Monthly,4,0.3,Low Engagement,0.6767857142857143,High Value,0,0
2253,48,Male,Footwear,Nebraska,Summer,96,21,3.9,1,No,0,No,0,Bank Transfer,Express,Annually,1,0.0,Low Engagement,0.6790816326530612,High Value,0,0
2254,62,Male,Clothing,Oklahoma,Spring,31,22,2.6,1,No,0,No,0,PayPal,Store Pickup,Monthly,4,0.3,Low Engagement,0.2830357142857143,Low Value,0,0
2255,24,Male,Accessories,North Dakota,Winter,79,44,4.2,1,No,0,No,0,PayPal,Store Pickup,Every 3 Months,3,0.19999999999999998,Low Engagement,0.8075255102040817,High Value,0,1
2256,48,Male,Outerwear,Michigan,Spring,39,42,4.6,1,No,0,No,0,Bank Transfer,Store Pickup,Quarterly,3,0.19999999999999998,Low Engagement,0.5371173469387756,Mid Value,0,1
2257,31,Male,Clothing,California,Fall,22,33,5.0,1,No,0,No,0,Credit Card,Standard,Quarterly,3,0.19999999999999998,Low Engagement,0.33903061224489794,Low Value,0,1
2258,41,Male,Clothing,Tennessee,Fall,32,6,4.2,1,No,0,No,0,Bank Transfer,Standard,Annually,1,0.0,Low Engagement,0.12602040816326532,Low Value,0,1
2259,24,Male,Clothing,Ohio,Winter,71,44,4.3,1,No,0,No,0,Credit Card,Store Pickup,Every 3 Months,3,0.19999999999999998,Low Engagement,0.7575255102040817,High Value,0,1
2260,60,Male,Clothing,Florida,Spring,96,24,3.3,1,No,0,No,0,Cash,Free Shipping,Annually,1,0.0,Low Engagement,0.7096938775510204,High Value,0,0
2261,38,Male,Accessories,Missouri,Fall,82,16,4.9,1,No,0,No,0,PayPal,Express,Quarterly,3,0.19999999999999998,Low Engagement,0.5405612244897959,Mid Value,0,1
2262,58,Male,Accessories,South Carolina,Spring,76,12,4.4,1,No,0,No,0,Bank Transfer,Standard,Fortnightly,5,0.39999999999999997,Medium Engagement,0.46224489795918366,Mid Value,0,1
2263,53,Male,Accessories,Arizona,Winter,22,50,3.1,1,No,0,No,0,PayPal,2-Day Shipping,Monthly,4,0.3,Low Engagement,0.5125,Mid Value,0,0
2264,44,Male,Accessories,Indiana,Winter,40,42,3.5,1,No,0,No,0,Cash,Store Pickup,Quarterly,3,0.19999999999999998,Low Engagement,0.5433673469387755,Mid Value,0,0
2265,51,Male,Accessories,North Dakota,Summer,92,50,3.9,1,No,0,No,0,PayPal,2-Day Shipping,Monthly,4,0.3,Low Engagement,0.95,High Value,0,0
2266,36,Male,Outerwear,Montana,Fall,94,10,3.9,1,No,0,No,0,PayPal,Store Pickup,Quarterly,3,0.19999999999999998,Low Engagement,0.5543367346938776,Mid Value,0,0
2267,20,Male,Clothing,Missouri,Fall,44,32,4.3,1,No,0,No,0,Debit Card,Store Pickup,Weekly,7,0.6,Medium Engagement,0.46632653061224494,Mid Value,0,1
2268,32,Male,Accessories,Kentucky,Spring,49,37,3.8,1,No,0,No,0,Venmo,Express,Weekly,7,0.6,Medium Engagement,0.5485969387755102,Mid Value,0,0
2269,66,Male,Clothing,Georgia,Spring,26,15,2.7,1,No,0,No,0,Bank Transfer,2-Day Shipping,Monthly,4,0.3,Low Engagement,0.18035714285714285,Low Value,0,0
2270,49,Male,Clothing,Kentucky,Fall,38,27,4.4,1,No,0,No,0,Credit Card,Store Pickup,Annually,1,0.0,Low Engagement,0.3778061224489796,Low Value,0,1
2271,27,Male,Clothing,Georgia,Spring,72,7,3.5,1,No,0,No,0,Venmo,Express,Weekly,7,0.6,Medium Engagement,0.3862244897959184,Low Value,0,0
2272,29,Male,Clothing,Alaska,Summer,99,49,3.4,1,No,0,No,0,PayPal,Free Shipping,Quarterly,3,0.19999999999999998,Low Engagement,0.983545918367347,High Value,0,0
2273,29,Male,Outerwear,Maine,Spring,38,44,4.0,1,No,0,No,0,PayPal,Standard,Monthly,4,0.3,Low Engagement,0.5512755102040816,Mid Value,0,1
2274,55,Male,Outerwear,New Mexico,Winter,96,13,4.8,1,No,0,No,0,PayPal,Express,Bi-Weekly,6,0.5,Medium Engagement,0.5974489795918367,High Value,0,1
2275,57,Male,Clothing,New York,Spring,27,38,4.5,1,No,0,No,0,PayPal,Next Day Air,Fortnightly,5,0.39999999999999997,Medium Engagement,0.42130102040816325,Mid Value,0,1
2276,29,Male,Clothing,Oklahoma,Winter,24,10,4.4,1,No,0,No,0,Debit Card,Standard,Weekly,7,0.6,Medium Engagement,0.11683673469387756,Low Value,0,1
2277,31,Male,Clothing,Wyoming,Summer,82,25,4.1,1,No,0,No,0,Debit Card,2-Day Shipping,Weekly,7,0.6,Medium Engagement,0.6323979591836735,High Value,0,1
2278,25,Male,Accessories,Alabama,Summer,56,18,4.6,1,No,0,No,0,Credit Card,Next Day Air,Quarterly,3,0.19999999999999998,Low Engagement,0.39846938775510204,Low Value,0,1
2279,61,Male,Accessories,Maryland,Fall,25,6,3.8,1,No,0,No,0,Cash,Store Pickup,Every 3 Months,3,0.19999999999999998,Low Engagement,0.08227040816326531,Low Value,0,0
2280,53,Male,Footwear,West Virginia,Spring,67,35,2.9,1,No,0,No,0,Bank Transfer,Free Shipping,Quarterly,3,0.19999999999999998,Low Engagement,0.6406887755102041,High Value,0,0
2281,22,Male,Footwear,Kentucky,Summer,21,31,2.8,1,No,0,No,0,Credit Card,Standard,Fortnightly,5,0.39999999999999997,Medium Engagement,0.3123724489795918,Low Value,0,0
2282,28,Male,Clothing,Kansas,Summer,27,41,3.0,1,No,0,No,0,Bank Transfer,Store Pickup,Annually,1,0.0,Low Engagement,0.45191326530612247,Mid Value,0,0
2283,18,Male,Footwear,Idaho,Fall,97,8,4.2,1,No,0,No,0,Credit Card,2-Day Shipping,Annually,1,0.0,Low Engagement,0.5526785714285715,Mid Value,0,1
2284,44,Male,Accessories,Ohio,Winter,45,34,4.1,1,No,0,No,0,Credit Card,Free Shipping,Fortnightly,5,0.39999999999999997,Medium Engagement,0.492984693877551,Mid Value,0,1
2285,32,Male,Clothing,Iowa,Fall,63,20,4.1,1,No,0,No,0,Venmo,Express,Annually,1,0.0,Low Engagement,0.46262755102040815,Mid Value,0,1
2286,34,Male,Accessories,Michigan,Summer,100,38,4.6,1,No,0,No,0,PayPal,2-Day Shipping,Every 3 Months,3,0.19999999999999998,Low Engagement,0.8775510204081632,High Value,0,1
2287,67,Male,Clothing,South Dakota,Spring,38,35,2.5,1,No,0,No,0,Venmo,Store Pickup,Quarterly,3,0.19999999999999998,Low Engagement,0.45943877551020407,Mid Value,0,0
2288,66,Male,Clothing,Nebraska,Summer,45,6,3.0,1,No,0,No,0,Debit Card,Store Pickup,Annually,1,0.0,Low Engagement,0.2072704081632653,Low Value,0,0
2289,28,Male,Accessories,California,Fall,91,50,3.8,1,No,0,No,0,PayPal,Next Day Air,Weekly,7,0.6,Medium Engagement,0.94375,High Value,0,0
2290,70,Male,Clothing,Nevada,Fall,82,47,4.1,1,No,0,No,0,Venmo,Free Shipping,Weekly,7,0.6,Medium Engagement,0.8568877551020408,High Value,0,1
2291,37,Male,Footwear,Kansas,Winter,48,23,3.3,1,No,0,No,0,PayPal,Standard,Quarterly,3,0.19999999999999998,Low Engagement,0.3994897959183673,Low Value,0,0
2292,28,Male,Outerwear,Ohio,Spring,30,13,5.0,1,No,0,No,0,Credit Card,2-Day Shipping,Quarterly,3,0.19999999999999998,Low Engagement,0.18494897959183673,Low Value,0,1
2293,43,Male,Clothing,Vermont,Spring,34,31,3.8,1,No,0,No,0,Debit Card,Next Day Air,Monthly,4,0.3,Low Engagement,0.39362244897959187,Low Value,0,0
2294,37,Male,Clothing,Georgia,Fall,68,16,3.3,1,No,0,No,0,Debit Card,Express,Every 3 Months,3,0.19999999999999998,Low Engagement,0.4530612244897959,Mid Value,0,0
2295,54,Male,Accessories,Maryland,Winter,95,40,5.0,1,No,0,No,0,Debit Card,Express,Annually,1,0.0,Low Engagement,0.8667091836734694,High Value,0,1
2296,50,Male,Accessories,Connecticut,Spring,22,45,2.9,1,No,0,No,0,PayPal,2-Day Shipping,Quarterly,3,0.19999999999999998,Low Engagement,0.4614795918367347,Mid Value,0,0
2297,46,Male,Accessories,Washington,Fall,88,50,2.5,1,No,0,No,0,Venmo,Next Day Air,Every 3 Months,3,0.19999999999999998,Low Engagement,0.925,High Value,0,0
2298,60,Male,Clothing,California,Summer,83,1,4.7,1,No,0,No,0,Bank Transfer,Standard,Quarterly,3,0.19999999999999998,Low Engagement,0.39375,Low Value,0,1
2299,40,Male,Accessories,Montana,Spring,87,10,2.9,1,No,0,No,0,Cash,2-Day Shipping,Every 3 Months,3,0.19999999999999998,Low Engagement,0.5105867346938776,Mid Value,0,0
2300,64,Male,Outerwear,Idaho,Summer,57,48,3.7,1,No,0,No,0,Credit Card,Store Pickup,Every 3 Months,3,0.19999999999999998,Low Engagement,0.7108418367346938,High Value,0,0
2301,18,Male,Outerwear,Pennsylvania,Summer,88,38,4.4,1,No,0,No,0,Credit Card,2-Day Shipping,Monthly,4,0.3,Low Engagement,0.8025510204081632,High Value,0,1
2302,37,Male,Clothing,Maine,Winter,20,21,2.9,1,No,0,No,0,Debit Card,Next Day Air,Annually,1,0.0,Low Engagement,0.20408163265306123,Low Value,0,0
2303,36,Male,Accessories,Montana,Summer,39,38,3.6,1,No,0,No,0,Venmo,Store Pickup,Monthly,4,0.3,Low Engagement,0.49630102040816326,Mid Value,0,0
2304,51,Male,Accessories,New Jersey,Spring,71,31,4.8,1,No,0,No,0,Credit Card,2-Day Shipping,Fortnightly,5,0.39999999999999997,Medium Engagement,0.6248724489795918,High Value,0,1
2305,26,Male,Clothing,Louisiana,Winter,73,9,4.7,1,No,0,No,0,Debit Card,Free Shipping,Fortnightly,5,0.39999999999999997,Medium Engagement,0.41288265306122446,Mid Value,0,1
2306,68,Male,Accessories,Maine,Summer,63,47,2.6,1,No,0,No,0,Cash,Free Shipping,Weekly,7,0.6,Medium Engagement,0.7381377551020408,High Value,0,0
2307,27,Male,Accessories,Florida,Winter,78,8,3.4,1,No,0,No,0,Cash,Standard,Bi-Weekly,6,0.5,Medium Engagement,0.43392857142857144,Mid Value,0,0
2308,28,Male,Clothing,Missouri,Fall,96,30,3.5,1,No,0,No,0,Debit Card,Next Day Air,Annually,1,0.0,Low Engagement,0.7709183673469387,High Value,0,0
2309,49,Male,Accessories,North Dakota,Winter,81,22,3.4,1,No,0,No,0,Bank Transfer,2-Day Shipping,Quarterly,3,0.19999999999999998,Low Engagement,0.5955357142857143,High Value,0,0
2310,70,Male,Clothing,Connecticut,Fall,95,3,5.0,1,No,0,No,0,Bank Transfer,2-Day Shipping,Quarterly,3,0.19999999999999998,Low Engagement,0.48915816326530615,Mid Value,0,1
2311,30,Male,Accessories,Virginia,Spring,68,15,4.6,1,No,0,No,0,PayPal,Standard,Monthly,4,0.3,Low Engagement,0.44285714285714284,Mid Value,0,1
2312,27,Male,Footwear,Montana,Spring,28,10,4.8,1,No,0,No,0,Bank Transfer,2-Day Shipping,Every 3 Months,3,0.19999999999999998,Low Engagement,0.14183673469387756,Low Value,0,1
2313,19,Male,Clothing,Vermont,Summer,30,19,3.7,1,No,0,No,0,Cash,Free Shipping,Every 3 Months,3,0.19999999999999998,Low Engagement,0.2461734693877551,Low Value,0,0
2314,64,Male,Clothing,Georgia,Summer,31,36,4.7,1,No,0,No,0,Bank Transfer,Next Day Air,Fortnightly,5,0.39999999999999997,Medium Engagement,0.4258928571428572,Mid Value,0,1
2315,42,Male,Accessories,Virginia,Winter,95,12,4.4,1,No,0,No,0,Bank Transfer,Express,Every 3 Months,3,0.19999999999999998,Low Engagement,0.5809948979591837,Mid Value,0,1
2316,69,Male,Clothing,Vermont,Winter,79,49,3.5,1,No,0,No,0,Debit Card,2-Day Shipping,Quarterly,3,0.19999999999999998,Low Engagement,0.858545918367347,High Value,0,0
2317,28,Male,Footwear,Montana,Winter,39,7,3.8,1,No,0,No,0,Debit Card,Standard,Annually,1,0.0,Low Engagement,0.17997448979591835,Low Value,0,0
2318,47,Male,Outerwear,New Jersey,Summer,34,28,4.7,1,No,0,No,0,Bank Transfer,Next Day Air,Monthly,4,0.3,Low Engagement,0.36301020408163265,Low Value,0,1
2319,69,Male,Clothing,Wyoming,Spring,28,30,3.1,1,No,0,No,0,Credit Card,Store Pickup,Annually,1,0.0,Low Engagement,0.34591836734693876,Low Value,0,0
2320,56,Male,Footwear,Maine,Winter,38,29,5.0,1,No,0,No,0,PayPal,Free Shipping,Monthly,4,0.3,Low Engagement,0.3982142857142857,Low Value,0,1
2321,28,Male,Footwear,New Mexico,Spring,55,9,3.7,1,No,0,No,0,Debit Card,Free Shipping,Every 3 Months,3,0.19999999999999998,Low Engagement,0.30038265306122447,Low Value,0,0
2322,50,Male,Footwear,Colorado,Winter,31,27,3.0,1,No,0,No,0,Debit Card,Next Day Air,Fortnightly,5,0.39999999999999997,Medium Engagement,0.33405612244897964,Low Value,0,0
2323,39,Male,Outerwear,Connecticut,Spring,84,21,4.5,1,No,0,No,0,Venmo,Store Pickup,Fortnightly,5,0.39999999999999997,Medium Engagement,0.6040816326530613,High Value,0,1
2324,35,Male,Accessories,Maryland,Winter,93,36,4.7,1,No,0,No,0,Credit Card,Express,Monthly,4,0.3,Low Engagement,0.8133928571428571,High Value,0,1
2325,59,Male,Outerwear,Oregon,Winter,28,19,3.5,1,No,0,No,0,Debit Card,Free Shipping,Annually,1,0.0,Low Engagement,0.23367346938775513,Low Value,0,0
2326,44,Male,Footwear,New York,Summer,55,47,4.4,1,No,0,No,0,Cash,2-Day Shipping,Weekly,7,0.6,Medium Engagement,0.6881377551020409,High Value,0,1
2327,66,Male,Clothing,Oklahoma,Winter,63,38,2.6,1,No,0,No,0,Bank Transfer,Standard,Annually,1,0.0,Low Engagement,0.6463010204081632,High Value,0,0
2328,20,Male,Clothing,Alabama,Winter,94,22,4.2,1,No,0,No,0,Venmo,2-Day Shipping,Bi-Weekly,6,0.5,Medium Engagement,0.6767857142857143,High Value,0,1
2329,45,Male,Clothing,North Dakota,Fall,36,29,2.6,1,No,0,No,0,Venmo,Express,Bi-Weekly,6,0.5,Medium Engagement,0.3857142857142857,Low Value,0,0
2330,49,Male,Accessories,Nebraska,Spring,97,42,4.8,1,No,0,No,0,Bank Transfer,Free Shipping,Annually,1,0.0,Low Engagement,0.8996173469387756,High Value,0,1
2331,60,Male,Accessories,Arizona,Summer,63,47,2.9,1,No,0,No,0,PayPal,Store Pickup,Every 3 Months,3,0.19999999999999998,Low Engagement,0.7381377551020408,High Value,0,0
2332,61,Male,Accessories,Illinois,Spring,77,10,4.3,1,No,0,No,0,Credit Card,2-Day Shipping,Bi-Weekly,6,0.5,Medium Engagement,0.44808673469387755,Mid Value,0,1
2333,36,Male,Accessories,South Carolina,Fall,53,10,2.6,1,No,0,No,0,Venmo,Store Pickup,Monthly,4,0.3,Low Engagement,0.29808673469387753,Low Value,0,0
2334,33,Male,Clothing,Kansas,Spring,77,1,3.8,1,No,0,No,0,PayPal,Next Day Air,Every 3 Months,3,0.19999999999999998,Low Engagement,0.35625,Low Value,0,0
2335,49,Male,Footwear,Kansas,Summer,79,7,4.2,1,No,0,No,0,Credit Card,Standard,Monthly,4,0.3,Low Engagement,0.4299744897959184,Mid Value,0,1
2336,31,Male,Outerwear,Idaho,Summer,37,10,3.9,1,No,0,No,0,Venmo,Store Pickup,Fortnightly,5,0.39999999999999997,Medium Engagement,0.19808673469387755,Low Value,0,0
2337,19,Male,Accessories,California,Winter,94,11,3.1,1,No,0,No,0,Credit Card,Free Shipping,Weekly,7,0.6,Medium Engagement,0.5645408163265306,Mid Value,0,0
2338,39,Male,Footwear,North Dakota,Fall,76,5,3.6,1,No,0,No,0,Cash,Store Pickup,Annually,1,0.0,Low Engagement,0.3908163265306122,Low Value,0,0
2339,66,Male,Footwear,Georgia,Fall,68,21,4.0,1,No,0,No,0,PayPal,Express,Quarterly,3,0.19999999999999998,Low Engagement,0.5040816326530613,Mid Value,0,1
2340,25,Male,Clothing,Illinois,Spring,65,24,3.4,1,No,0,No,0,Bank Transfer,Next Day Air,Quarterly,3,0.19999999999999998,Low Engagement,0.5159438775510204,Mid Value,0,0
2341,63,Male,Clothing,Delaware,Summer,24,37,2.6,1,No,0,No,0,Credit Card,Standard,Fortnightly,5,0.39999999999999997,Medium Engagement,0.39234693877551025,Low Value,0,0
2342,56,Male,Outerwear,Connecticut,Summer,31,22,4.5,1,No,0,No,0,Venmo,Express,Every 3 Months,3,0.19999999999999998,Low Engagement,0.2830357142857143,Low Value,0,1
2343,20,Male,Clothing,Tennessee,Fall,89,16,4.9,1,No,0,No,0,Debit Card,Standard,Fortnightly,5,0.39999999999999997,Medium Engagement,0.5843112244897959,Mid Value,0,1
2344,58,Male,Clothing,Maryland,Summer,49,44,4.4,1,No,0,No,0,PayPal,2-Day Shipping,Monthly,4,0.3,Low Engagement,0.6200255102040816,High Value,0,1
2345,34,Male,Footwear,Rhode Island,Fall,92,14,3.5,1,No,0,No,0,Venmo,Express,Bi-Weekly,6,0.5,Medium Engagement,0.5826530612244898,Mid Value,0,0
2346,28,Male,Clothing,New York,Winter,32,23,3.3,1,No,0,No,0,Bank Transfer,Express,Every 3 Months,3,0.19999999999999998,Low Engagement,0.29948979591836733,Low Value,0,0
2347,22,Male,Outerwear,New Mexico,Winter,67,46,3.1,1,No,0,No,0,Debit Card,Standard,Fortnightly,5,0.39999999999999997,Medium Engagement,0.7529336734693878,High Value,0,0
2348,37,Male,Accessories,California,Fall,64,46,4.2,1,No,0,No,0,Cash,Express,Every 3 Months,3,0.19999999999999998,Low Engagement,0.7341836734693878,High Value,0,1
2349,54,Male,Footwear,Maine,Spring,84,16,4.9,1,No,0,No,0,PayPal,Next Day Air,Every 3 Months,3,0.19999999999999998,Low Engagement,0.5530612244897959,Mid Value,0,1
2350,65,Male,Clothing,New York,Fall,34,40,3.9,1,No,0,No,0,Credit Card,Standard,Every 3 Months,3,0.19999999999999998,Low Engagement,0.4854591836734694,Mid Value,0,0
2351,57,Male,Footwear,Hawaii,Winter,26,21,4.2,1,No,0,No,0,Cash,Free Shipping,Annually,1,0.0,Low Engagement,0.24158163265306123,Low Value,0,1
2352,38,Male,Clothing,New Hampshire,Fall,50,25,4.9,1,No,0,No,0,PayPal,Store Pickup,Bi-Weekly,6,0.5,Medium Engagement,0.43239795918367346,Mid Value,0,1
2353,70,Male,Footwear,Nebraska,Fall,46,25,2.8,1,No,0,No,0,Bank Transfer,Store Pickup,Quarterly,3,0.19999999999999998,Low Engagement,0.4073979591836735,Mid Value,0,0
2354,56,Male,Accessories,Montana,Fall,71,25,4.1,1,No,0,No,0,Debit Card,Standard,Every 3 Months,3,0.19999999999999998,Low Engagement,0.5636479591836734,Mid Value,0,1
2355,56,Male,Clothing,Wisconsin,Summer,78,27,4.8,1,No,0,No,0,Venmo,Next Day Air,Monthly,4,0.3,Low Engagement,0.6278061224489796,High Value,0,1
2356,22,Male,Clothing,Tennessee,Winter,35,12,4.1,1,No,0,No,0,Cash,Next Day Air,Monthly,4,0.3,Low Engagement,0.2059948979591837,Low Value,0,1
2357,57,Male,Accessories,Montana,Summer,58,27,3.0,1,No,0,No,0,Debit Card,Free Shipping,Quarterly,3,0.19999999999999998,Low Engagement,0.5028061224489796,Mid Value,0,0
2358,53,Male,Clothing,Michigan,Fall,67,40,4.2,1,No,0,No,0,Credit Card,2-Day Shipping,Bi-Weekly,6,0.5,Medium Engagement,0.6917091836734695,High Value,0,1
2359,53,Male,Clothing,Texas,Spring,93,38,3.8,1,No,0,No,0,Credit Card,Standard,Quarterly,3,0.19999999999999998,Low Engagement,0.8338010204081632,High Value,0,0
2360,19,Male,Accessories,Pennsylvania,Spring,81,44,3.3,1,No,0,No,0,Bank Transfer,2-Day Shipping,Every 3 Months,3,0.19999999999999998,Low Engagement,0.8200255102040817,High Value,0,0
2361,49,Male,Accessories,New York,Fall,80,27,4.7,1,No,0,No,0,Venmo,2-Day Shipping,Every 3 Months,3,0.19999999999999998,Low Engagement,0.6403061224489797,High Value,0,1
2362,44,Male,Accessories,Alabama,Spring,64,30,4.3,1,No,0,No,0,Credit Card,2-Day Shipping,Every 3 Months,3,0.19999999999999998,Low Engagement,0.5709183673469388,Mid Value,0,1
2363,27,Male,Clothing,Virginia,Fall,41,24,2.7,1,No,0,No,0,Credit Card,Standard,Monthly,4,0.3,Low Engagement,0.3659438775510204,Low Value,0,0
2364,60,Male,Clothing,Pennsylvania,Winter,79,38,4.2,1,No,0,No,0,Cash,Express,Bi-Weekly,6,0.5,Medium Engagement,0.7463010204081633,High Value,0,1
2365,62,Male,Accessories,Mississippi,Winter,60,4,4.2,1,No,0,No,0,PayPal,Free Shipping,Quarterly,3,0.19999999999999998,Low Engagement,0.28061224489795916,Low Value,0,1
2366,52,Male,Footwear,Wyoming,Winter,91,32,2.5,1,No,0,No,0,Venmo,Next Day Air,Monthly,4,0.3,Low Engagement,0.7600765306122449,High Value,0,0
2367,30,Male,Footwear,New Mexico,Winter,66,32,3.6,1,No,0,No,0,Credit Card,Express,Fortnightly,5,0.39999999999999997,Medium Engagement,0.6038265306122449,High Value,0,0
2368,66,Male,Clothing,North Dakota,Winter,85,28,3.4,1,No,0,No,0,Bank Transfer,Standard,Bi-Weekly,6,0.5,Medium Engagement,0.6817602040816326,High Value,0,0
2369,29,Male,Accessories,New Jersey,Summer,38,6,3.3,1,No,0,No,0,Debit Card,Standard,Every 3 Months,3,0.19999999999999998,Low Engagement,0.1635204081632653,Low Value,0,0
2370,24,Male,Clothing,Vermont,Winter,23,24,4.6,1,No,0,No,0,PayPal,Standard,Monthly,4,0.3,Low Engagement,0.25344387755102044,Low Value,0,1
2371,51,Male,Footwear,Alaska,Spring,71,38,3.9,1,No,0,No,0,Venmo,Store Pickup,Weekly,7,0.6,Medium Engagement,0.6963010204081632,High Value,0,0
2372,67,Male,Clothing,Indiana,Winter,25,28,3.7,1,No,0,No,0,Debit Card,Next Day Air,Annually,1,0.0,Low Engagement,0.3067602040816326,Low Value,0,0
2373,50,Male,Footwear,Alabama,Spring,39,9,3.1,1,No,0,No,0,PayPal,Express,Fortnightly,5,0.39999999999999997,Medium Engagement,0.2003826530612245,Low Value,0,0
2374,37,Male,Clothing,Michigan,Spring,20,21,4.9,1,No,0,No,0,Debit Card,Express,Every 3 Months,3,0.19999999999999998,Low Engagement,0.20408163265306123,Low Value,0,1
2375,69,Male,Accessories,Washington,Winter,73,31,4.7,1,No,0,No,0,Debit Card,Standard,Monthly,4,0.3,Low Engagement,0.6373724489795918,High Value,0,1
2376,60,Male,Accessories,Virginia,Fall,63,18,2.9,1,No,0,No,0,Credit Card,Next Day Air,Quarterly,3,0.19999999999999998,Low Engagement,0.44221938775510206,Mid Value,0,0
2377,21,Male,Accessories,Tennessee,Spring,94,5,4.1,1,No,0,No,0,Cash,Express,Weekly,7,0.6,Medium Engagement,0.5033163265306123,Mid Value,0,1
2378,44,Male,Clothing,South Dakota,Fall,94,22,4.0,1,No,0,No,0,Cash,Next Day Air,Annually,1,0.0,Low Engagement,0.6767857142857143,High Value,0,1
2379,26,Male,Accessories,New Hampshire,Summer,71,37,2.7,1,No,0,No,0,PayPal,Store Pickup,Bi-Weekly,6,0.5,Medium Engagement,0.6860969387755103,High Value,0,0
2380,40,Male,Accessories,South Dakota,Spring,77,22,4.0,1,No,0,No,0,Debit Card,2-Day Shipping,Monthly,4,0.3,Low Engagement,0.5705357142857143,Mid Value,0,1
2381,41,Male,Accessories,Pennsylvania,Fall,66,36,2.5,1,No,0,No,0,PayPal,Next Day Air,Fortnightly,5,0.39999999999999997,Medium Engagement,0.6446428571428571,High Value,0,0
2382,62,Male,Footwear,Wisconsin,Summer,23,23,4.5,1,No,0,No,0,PayPal,Free Shipping,Annually,1,0.0,Low Engagement,0.24323979591836734,Low Value,0,1
2383,39,Male,Clothing,California,Spring,60,44,3.9,1,No,0,No,0,Debit Card,Express,Weekly,7,0.6,Medium Engagement,0.6887755102040816,High Value,0,0
2384,53,Male,Accessories,Rhode Island,Spring,72,25,4.9,1,No,0,No,0,Bank Transfer,2-Day Shipping,Annually,1,0.0,Low Engagement,0.5698979591836735,Mid Value,0,1
2385,24,Male,Clothing,Alabama,Winter,35,40,3.3,1,No,0,No,0,PayPal,2-Day Shipping,Quarterly,3,0.19999999999999998,Low Engagement,0.4917091836734694,Mid Value,0,0
2386,41,Male,Accessories,Oklahoma,Fall,31,12,3.8,1,No,0,No,0,PayPal,Express,Weekly,7,0.6,Medium Engagement,0.18099489795918366,Low Value,0,0
2387,19,Male,Clothing,Illinois,Summer,33,14,2.9,1,No,0,No,0,Venmo,Standard,Monthly,4,0.3,Low Engagement,0.21390306122448982,Low Value,0,0
2388,36,Male,Accessories,Tennessee,Summer,95,14,4.0,1,No,0,No,0,Debit Card,2-Day Shipping,Monthly,4,0.3,Low Engagement,0.6014030612244898,High Value,0,1
2389,21,Male,Clothing,Alabama,Fall,68,10,4.1,1,No,0,No,0,Debit Card,Store Pickup,Annually,1,0.0,Low Engagement,0.39183673469387753,Low Value,0,1
2390,25,Male,Outerwear,Kansas,Spring,87,17,3.1,1,No,0,No,0,Bank Transfer,Store Pickup,Every 3 Months,3,0.19999999999999998,Low Engagement,0.582015306122449,Mid Value,0,0
2391,65,Male,Clothing,Arizona,Winter,64,24,4.6,1,No,0,No,0,Debit Card,Express,Fortnightly,5,0.39999999999999997,Medium Engagement,0.5096938775510205,Mid Value,0,1
2392,42,Male,Clothing,Michigan,Winter,74,31,4.6,1,No,0,No,0,Bank Transfer,Next Day Air,Quarterly,3,0.19999999999999998,Low Engagement,0.6436224489795919,High Value,0,1
2393,40,Male,Clothing,Missouri,Spring,62,36,2.6,1,No,0,No,0,Cash,2-Day Shipping,Annually,1,0.0,Low Engagement,0.6196428571428572,High Value,0,0
2394,58,Male,Clothing,Louisiana,Winter,97,38,5.0,1,No,0,No,0,PayPal,2-Day Shipping,Every 3 Months,3,0.19999999999999998,Low Engagement,0.8588010204081633,High Value,0,1
2395,40,Male,Footwear,Connecticut,Fall,47,23,2.9,1,No,0,No,0,Debit Card,2-Day Shipping,Fortnightly,5,0.39999999999999997,Medium Engagement,0.39323979591836733,Low Value,0,0
2396,62,Male,Clothing,Connecticut,Winter,83,47,3.5,1,No,0,No,0,PayPal,2-Day Shipping,Bi-Weekly,6,0.5,Medium Engagement,0.8631377551020408,High Value,0,0
2397,38,Male,Clothing,Oregon,Spring,82,20,3.7,1,No,0,No,0,Venmo,2-Day Shipping,Weekly,7,0.6,Medium Engagement,0.5813775510204082,Mid Value,0,0
2398,37,Male,Accessories,West Virginia,Fall,26,41,2.9,1,No,0,No,0,Venmo,Store Pickup,Monthly,4,0.3,Low Engagement,0.44566326530612244,Mid Value,0,0
2399,65,Male,Outerwear,Florida,Winter,81,44,4.3,1,No,0,No,0,Bank Transfer,Free Shipping,Fortnightly,5,0.39999999999999997,Medium Engagement,0.8200255102040817,High Value,0,1
2400,55,Male,Clothing,New Hampshire,Spring,44,31,3.2,1,No,0,No,0,Cash,Store Pickup,Monthly,4,0.3,Low Engagement,0.45612244897959187,Mid Value,0,0
2401,43,Male,Accessories,Oregon,Winter,88,11,4.2,1,No,0,No,0,Credit Card,Next Day Air,Bi-Weekly,6,0.5,Medium Engagement,0.5270408163265305,Mid Value,0,1
2402,43,Male,Footwear,Oregon,Winter,76,25,4.2,1,No,0,No,0,PayPal,Standard,Bi-Weekly,6,0.5,Medium Engagement,0.5948979591836734,High Value,0,1
2403,45,Male,Accessories,Utah,Winter,89,31,3.8,1,No,0,No,0,Cash,Free Shipping,Weekly,7,0.6,Medium Engagement,0.7373724489795919,High Value,0,0
2404,64,Male,Clothing,Missouri,Fall,22,40,4.4,1,No,0,No,0,Debit Card,Standard,Weekly,7,0.6,Medium Engagement,0.4104591836734694,Mid Value,0,1
2405,28,Male,Clothing,West Virginia,Winter,33,23,3.1,1,No,0,No,0,Credit Card,2-Day Shipping,Bi-Weekly,6,0.5,Medium Engagement,0.30573979591836736,Low Value,0,0
2406,69,Male,Clothing,California,Fall,97,5,5.0,1,No,0,No,0,Debit Card,Standard,Quarterly,3,0.19999999999999998,Low Engagement,0.5220663265306122,Mid Value,0,1
2407,54,Male,Accessories,California,Winter,57,26,4.7,1,No,0,No,0,PayPal,Standard,Weekly,7,0.6,Medium Engagement,0.48635204081632655,Mid Value,0,1
2408,52,Male,Clothing,Illinois,Summer,38,11,3.0,1,No,0,No,0,Credit Card,Express,Bi-Weekly,6,0.5,Medium Engagement,0.2145408163265306,Low Value,0,0
2409,23,Male,Footwear,Hawaii,Fall,55,44,4.2,1,No,0,No,0,Debit Card,Next Day Air,Every 3 Months,3,0.19999999999999998,Low Engagement,0.6575255102040816,High Value,0,1
2410,26,Male,Accessories,Washington,Spring,37,47,3.0,1,No,0,No,0,Cash,Store Pickup,Every 3 Months,3,0.19999999999999998,Low Engagement,0.5756377551020408,Mid Value,0,0
2411,48,Male,Footwear,Wisconsin,Summer,43,46,3.7,1,No,0,No,0,PayPal,Free Shipping,Monthly,4,0.3,Low Engagement,0.6029336734693878,High Value,0,0
2412,49,Male,Clothing,Virginia,Summer,96,35,2.7,1,No,0,No,0,Cash,Free Shipping,Every 3 Months,3,0.19999999999999998,Low Engagement,0.8219387755102041,High Value,0,0
2413,53,Male,Outerwear,Oregon,Winter,51,8,4.3,1,No,0,No,0,Bank Transfer,2-Day Shipping,Bi-Weekly,6,0.5,Medium Engagement,0.26517857142857143,Low Value,0,1
2414,69,Male,Clothing,Pennsylvania,Fall,95,30,2.7,1,No,0,No,0,Bank Transfer,2-Day Shipping,Weekly,7,0.6,Medium Engagement,0.7646683673469388,High Value,0,0
2415,26,Male,Clothing,Virginia,Summer,26,14,3.7,1,No,0,No,0,Credit Card,Next Day Air,Bi-Weekly,6,0.5,Medium Engagement,0.1701530612244898,Low Value,0,0
2416,21,Male,Outerwear,Hawaii,Fall,34,30,4.3,1,No,0,No,0,Bank Transfer,Standard,Weekly,7,0.6,Medium Engagement,0.3834183673469388,Low Value,0,1
2417,59,Male,Footwear,Nebraska,Summer,83,26,4.0,1,No,0,No,0,Credit Card,Next Day Air,Every 3 Months,3,0.19999999999999998,Low Engagement,0.6488520408163265,High Value,0,1
2418,21,Male,Accessories,Alaska,Fall,24,32,3.3,1,No,0,No,0,Venmo,Standard,Fortnightly,5,0.39999999999999997,Medium Engagement,0.34132653061224494,Low Value,0,0
2419,22,Male,Clothing,Michigan,Fall,69,47,4.0,1,No,0,No,0,Cash,Next Day Air,Every 3 Months,3,0.19999999999999998,Low Engagement,0.7756377551020408,High Value,0,1
2420,26,Male,Clothing,North Carolina,Fall,40,11,2.7,1,No,0,No,0,Credit Card,Next Day Air,Every 3 Months,3,0.19999999999999998,Low Engagement,0.22704081632653061,Low Value,0,0
2421,41,Male,Outerwear,North Carolina,Winter,87,28,4.2,1,No,0,No,0,PayPal,Free Shipping,Annually,1,0.0,Low Engagement,0.6942602040816326,High Value,0,1
2422,37,Male,Footwear,Minnesota,Spring,46,2,4.6,1,No,0,No,0,Debit Card,Standard,Every 3 Months,3,0.19999999999999998,Low Engagement,0.17270408163265308,Low Value,0,1
2423,30,Male,Accessories,Georgia,Winter,82,45,4.8,1,No,0,No,0,Credit Card,Store Pickup,Weekly,7,0.6,Medium Engagement,0.8364795918367347,High Value,0,1
2424,49,Male,Accessories,West Virginia,Summer,81,7,2.8,1,No,0,No,0,Credit Card,Free Shipping,Every 3 Months,3,0.19999999999999998,Low Engagement,0.44247448979591836,Mid Value,0,0
2425,49,Male,Accessories,Delaware,Winter,57,28,4.5,1,No,0,No,0,Bank Transfer,Next Day Air,Bi-Weekly,6,0.5,Medium Engagement,0.5067602040816326,Mid Value,0,1
2426,58,Male,Footwear,North Dakota,Summer,49,34,3.0,1,No,0,No,0,Bank Transfer,2-Day Shipping,Quarterly,3,0.19999999999999998,Low Engagement,0.517984693877551,Mid Value,0,0
2427,70,Male,Outerwear,Florida,Fall,42,26,4.6,1,No,0,No,0,Debit Card,Free Shipping,Every 3 Months,3,0.19999999999999998,Low Engagement,0.39260204081632655,Low Value,0,1
2428,27,Male,Outerwear,Oregon,Spring,26,45,3.3,1,No,0,No,0,Cash,Standard,Quarterly,3,0.19999999999999998,Low Engagement,0.48647959183673467,Mid Value,0,0
2429,65,Male,Clothing,Idaho,Spring,38,34,4.4,1,No,0,No,0,Debit Card,Next Day Air,Annually,1,0.0,Low Engagement,0.449234693877551,Mid Value,0,1
2430,57,Male,Footwear,Virginia,Summer,57,47,4.4,1,No,0,No,0,Credit Card,Standard,Fortnightly,5,0.39999999999999997,Medium Engagement,0.7006377551020408,High Value,0,1
2431,20,Male,Outerwear,North Dakota,Summer,100,42,4.3,1,No,0,No,0,Cash,Express,Quarterly,3,0.19999999999999998,Low Engagement,0.9183673469387755,High Value,0,1
2432,34,Male,Clothing,Alabama,Fall,73,27,3.4,1,No,0,No,0,Bank Transfer,Express,Every 3 Months,3,0.19999999999999998,Low Engagement,0.5965561224489796,High Value,0,0
2433,59,Male,Outerwear,Hawaii,Winter,66,43,2.8,1,No,0,No,0,Venmo,Store Pickup,Monthly,4,0.3,Low Engagement,0.7160714285714285,High Value,0,0
2434,54,Male,Clothing,Oregon,Spring,73,16,3.4,1,No,0,No,0,Cash,Standard,Bi-Weekly,6,0.5,Medium Engagement,0.4843112244897959,Mid Value,0,0
2435,36,Male,Accessories,Utah,Spring,45,40,5.0,1,No,0,No,0,Credit Card,Store Pickup,Monthly,4,0.3,Low Engagement,0.5542091836734694,Mid Value,0,1
2436,21,Male,Footwear,Hawaii,Fall,27,29,4.5,1,No,0,No,0,Cash,Free Shipping,Bi-Weekly,6,0.5,Medium Engagement,0.3294642857142857,Low Value,0,1
2437,52,Male,Clothing,Connecticut,Fall,24,38,2.7,1,No,0,No,0,Credit Card,Store Pickup,Quarterly,3,0.19999999999999998,Low Engagement,0.40255102040816326,Low Value,0,0
2438,43,Male,Footwear,Wyoming,Winter,59,34,3.4,1,No,0,No,0,Credit Card,Store Pickup,Weekly,7,0.6,Medium Engagement,0.580484693877551,Mid Value,0,0
2439,32,Male,Clothing,Delaware,Winter,20,30,3.4,1,No,0,No,0,Venmo,Express,Weekly,7,0.6,Medium Engagement,0.29591836734693877,Low Value,0,0
2440,55,Male,Accessories,Arkansas,Summer,44,45,2.8,1,No,0,No,0,Bank Transfer,Standard,Annually,1,0.0,Low Engagement,0.5989795918367347,High Value,0,0
2441,31,Male,Clothing,Indiana,Spring,90,47,4.7,1,No,0,No,0,Bank Transfer,Standard,Annually,1,0.0,Low Engagement,0.9068877551020409,High Value,0,1
2442,45,Male,Accessories,California,Fall,36,5,4.7,1,No,0,No,0,Credit Card,Free Shipping,Monthly,4,0.3,Low Engagement,0.14081632653061224,Low Value,0,1
2443,53,Male,Clothing,Wyoming,Winter,95,50,4.7,1,No,0,No,0,Debit Card,Free Shipping,Bi-Weekly,6,0.5,Medium Engagement,0.96875,High Value,0,1
2444,24,Male,Accessories,South Dakota,Spring,30,24,3.4,1,No,0,No,0,Bank Transfer,2-Day Shipping,Bi-Weekly,6,0.5,Medium Engagement,0.29719387755102045,Low Value,0,0
2445,47,Male,Accessories,West Virginia,Fall,65,15,3.7,1,No,0,No,0,Debit Card,Express,Bi-Weekly,6,0.5,Medium Engagement,0.42410714285714285,Mid Value,0,0
2446,63,Male,Accessories,Tennessee,Summer,96,50,4.1,1,No,0,No,0,Cash,Store Pickup,Weekly,7,0.6,Medium Engagement,0.975,High Value,0,1
2447,38,Male,Clothing,Alaska,Spring,65,7,2.9,1,No,0,No,0,Credit Card,2-Day Shipping,Monthly,4,0.3,Low Engagement,0.3424744897959184,Low Value,0,0
2448,59,Male,Clothing,South Dakota,Fall,47,10,3.2,1,No,0,No,0,Venmo,Store Pickup,Fortnightly,5,0.39999999999999997,Medium Engagement,0.26058673469387755,Low Value,0,0
2449,54,Male,Accessories,Tennessee,Fall,25,38,3.0,1,No,0,No,0,PayPal,Free Shipping,Bi-Weekly,6,0.5,Medium Engagement,0.40880102040816324,Mid Value,0,0
2450,26,Male,Outerwear,Alabama,Fall,56,31,4.1,1,No,0,No,0,Venmo,Express,Fortnightly,5,0.39999999999999997,Medium Engagement,0.5311224489795918,Mid Value,0,1
2451,68,Male,Clothing,North Carolina,Fall,76,7,4.5,1,No,0,No,0,Venmo,Standard,Quarterly,3,0.19999999999999998,Low Engagement,0.41122448979591836,Mid Value,0,1
2452,41,Male,Clothing,Oklahoma,Fall,60,27,3.4,1,No,0,No,0,Venmo,Store Pickup,Monthly,4,0.3,Low Engagement,0.5153061224489797,Mid Value,0,0
2453,68,Male,Clothing,New York,Winter,67,45,4.1,1,No,0,No,0,Bank Transfer,Express,Every 3 Months,3,0.19999999999999998,Low Engagement,0.7427295918367347,High Value,0,1
2454,21,Male,Clothing,Iowa,Spring,95,13,4.6,1,No,0,No,0,Cash,Store Pickup,Annually,1,0.0,Low Engagement,0.5911989795918368,High Value,0,1
2455,32,Male,Accessories,Alaska,Winter,72,33,4.6,1,No,0,No,0,Venmo,Express,Annually,1,0.0,Low Engagement,0.6515306122448979,High Value,0,1
2456,20,Male,Accessories,Alaska,Spring,98,25,3.4,1,No,0,No,0,Cash,Express,Every 3 Months,3,0.19999999999999998,Low Engagement,0.7323979591836735,High Value,0,0
2457,59,Male,Clothing,Nebraska,Winter,83,5,3.3,1,No,0,No,0,PayPal,2-Day Shipping,Monthly,4,0.3,Low Engagement,0.4345663265306122,Mid Value,0,0
2458,53,Male,Accessories,Delaware,Fall,37,23,3.6,1,No,0,No,0,Cash,2-Day Shipping,Quarterly,3,0.19999999999999998,Low Engagement,0.33073979591836733,Low Value,0,0
2459,66,Male,Clothing,Texas,Fall,85,17,4.6,1,No,0,No,0,Bank Transfer,Free Shipping,Weekly,7,0.6,Medium Engagement,0.5695153061224489,Mid Value,0,1
2460,47,Male,Clothing,Missouri,Fall,36,14,4.3,1,No,0,No,0,Cash,2-Day Shipping,Weekly,7,0.6,Medium Engagement,0.2326530612244898,Low Value,0,1
2461,58,Male,Clothing,Maine,Winter,36,28,4.0,1,No,0,No,0,Credit Card,Store Pickup,Annually,1,0.0,Low Engagement,0.3755102040816326,Low Value,0,1
2462,28,Male,Accessories,Pennsylvania,Summer,86,19,4.8,1,No,0,No,0,Credit Card,Next Day Air,Weekly,7,0.6,Medium Engagement,0.5961734693877551,High Value,0,1
2463,68,Male,Clothing,Missouri,Spring,99,31,4.3,1,No,0,No,0,Bank Transfer,Standard,Bi-Weekly,6,0.5,Medium Engagement,0.7998724489795919,High Value,0,1
2464,60,Male,Clothing,Mississippi,Summer,21,25,3.3,1,No,0,No,0,Cash,Standard,Bi-Weekly,6,0.5,Medium Engagement,0.25114795918367344,Low Value,0,0
2465,47,Male,Outerwear,Hawaii,Winter,84,4,2.8,1,No,0,No,0,Cash,Express,Bi-Weekly,6,0.5,Medium Engagement,0.4306122448979592,Mid Value,0,0
2466,18,Male,Footwear,Texas,Spring,63,20,4.4,1,No,0,No,0,Bank Transfer,Free Shipping,Weekly,7,0.6,Medium Engagement,0.46262755102040815,Mid Value,0,1
2467,32,Male,Clothing,South Dakota,Summer,84,37,3.7,1,No,0,No,0,Cash,Express,Annually,1,0.0,Low Engagement,0.7673469387755103,High Value,0,0
2468,27,Male,Clothing,New Jersey,Spring,72,28,3.6,1,No,0,No,0,Credit Card,Express,Annually,1,0.0,Low Engagement,0.6005102040816326,High Value,0,0
2469,65,Male,Clothing,Connecticut,Winter,21,6,3.7,1,No,0,No,0,Venmo,2-Day Shipping,Weekly,7,0.6,Medium Engagement,0.057270408163265306,Low Value,0,0
2470,68,Male,Footwear,Maryland,Fall,92,27,5.0,1,No,0,No,0,PayPal,Standard,Annually,1,0.0,Low Engagement,0.7153061224489796,High Value,0,1
2471,55,Male,Clothing,Arizona,Fall,72,29,2.7,1,No,0,No,0,Credit Card,Next Day Air,Fortnightly,5,0.39999999999999997,Medium Engagement,0.6107142857142858,High Value,0,0
2472,30,Male,Footwear,Oklahoma,Spring,83,1,4.3,1,No,0,No,0,Cash,Store Pickup,Annually,1,0.0,Low Engagement,0.39375,Low Value,0,1
2473,24,Male,Clothing,Utah,Summer,73,31,4.1,1,No,0,No,0,Credit Card,Standard,Annually,1,0.0,Low Engagement,0.6373724489795918,High Value,0,1
2474,57,Male,Clothing,Arkansas,Winter,98,28,2.6,1,No,0,No,0,Cash,Next Day Air,Quarterly,3,0.19999999999999998,Low Engagement,0.7630102040816327,High Value,0,0
2475,23,Male,Clothing,North Carolina,Fall,76,19,3.2,1,No,0,No,0,Bank Transfer,Store Pickup,Quarterly,3,0.19999999999999998,Low Engagement,0.5336734693877551,Mid Value,0,0
2476,69,Male,Clothing,California,Summer,43,36,3.5,1,No,0,No,0,Venmo,Next Day Air,Monthly,4,0.3,Low Engagement,0.5008928571428571,Mid Value,0,0
2477,60,Male,Accessories,Colorado,Summer,60,28,3.7,1,No,0,No,0,Cash,Next Day Air,Monthly,4,0.3,Low Engagement,0.5255102040816326,Mid Value,0,0
2478,25,Male,Accessories,California,Spring,40,29,3.8,1,No,0,No,0,PayPal,2-Day Shipping,Weekly,7,0.6,Medium Engagement,0.4107142857142857,Mid Value,0,0
2479,18,Male,Clothing,Vermont,Winter,93,9,4.8,1,No,0,No,0,Bank Transfer,2-Day Shipping,Every 3 Months,3,0.19999999999999998,Low Engagement,0.5378826530612245,Mid Value,0,1
2480,37,Male,Clothing,Kansas,Fall,98,26,4.2,1,No,0,No,0,Credit Card,Standard,Every 3 Months,3,0.19999999999999998,Low Engagement,0.7426020408163265,High Value,0,1
2481,61,Male,Clothing,Ohio,Summer,91,7,2.9,1,No,0,No,0,Credit Card,Next Day Air,Fortnightly,5,0.39999999999999997,Medium Engagement,0.5049744897959183,Mid Value,0,0
2482,41,Male,Accessories,New Jersey,Fall,92,35,2.9,1,No,0,No,0,Debit Card,Free Shipping,Weekly,7,0.6,Medium Engagement,0.7969387755102041,High Value,0,0
2483,69,Male,Accessories,Arizona,Winter,87,46,4.8,1,No,0,No,0,Credit Card,Next Day Air,Every 3 Months,3,0.19999999999999998,Low Engagement,0.8779336734693878,High Value,0,1
2484,32,Male,Clothing,Arizona,Fall,96,8,2.9,1,No,0,No,0,Debit Card,Standard,Monthly,4,0.3,Low Engagement,0.5464285714285714,Mid Value,0,0
2485,60,Male,Clothing,New Hampshire,Summer,97,50,4.8,1,No,0,No,0,Cash,2-Day Shipping,Every 3 Months,3,0.19999999999999998,Low Engagement,0.98125,High Value,0,1
2486,43,Male,Clothing,Louisiana,Spring,55,37,4.6,1,No,0,No,0,Bank Transfer,2-Day Shipping,Annually,1,0.0,Low Engagement,0.5860969387755102,Mid Value,0,1
2487,61,Male,Clothing,Texas,Spring,58,6,4.4,1,No,0,No,0,Credit Card,Store Pickup,Fortnightly,5,0.39999999999999997,Medium Engagement,0.2885204081632653,Low Value,0,1
2488,57,Male,Footwear,Montana,Spring,21,16,3.0,1,No,0,No,0,PayPal,Next Day Air,Bi-Weekly,6,0.5,Medium Engagement,0.15931122448979593,Low Value,0,0
2489,56,Male,Accessories,New Hampshire,Summer,82,30,4.4,1,No,0,No,0,PayPal,Express,Monthly,4,0.3,Low Engagement,0.6834183673469387,High Value,0,1
2490,66,Male,Outerwear,South Dakota,Winter,34,50,3.9,1,No,0,No,0,Venmo,Express,Quarterly,3,0.19999999999999998,Low Engagement,0.5875,Mid Value,0,0
2491,52,Male,Clothing,Montana,Spring,78,5,4.0,1,No,0,No,0,Cash,Free Shipping,Every 3 Months,3,0.19999999999999998,Low Engagement,0.4033163265306122,Low Value,0,1
2492,63,Male,Accessories,North Carolina,Spring,47,15,2.5,1,No,0,No,0,Bank Transfer,Express,Monthly,4,0.3,Low Engagement,0.31160714285714286,Low Value,0,0
2493,50,Male,Accessories,South Dakota,Summer,96,34,4.1,1,No,0,No,0,Bank Transfer,Next Day Air,Bi-Weekly,6,0.5,Medium Engagement,0.8117346938775509,High Value,0,1
2494,21,Male,Clothing,Maine,Fall,23,6,4.8,1,No,0,No,0,Venmo,2-Day Shipping,Every 3 Months,3,0.19999999999999998,Low Engagement,0.06977040816326531,Low Value,0,1
2495,42,Male,Footwear,Oklahoma,Winter,27,26,2.6,1,No,0,No,0,Debit Card,Store Pickup,Annually,1,0.0,Low Engagement,0.29885204081632655,Low Value,0,0
2496,40,Male,Accessories,Nebraska,Spring,37,34,3.1,1,No,0,No,0,Credit Card,Free Shipping,Every 3 Months,3,0.19999999999999998,Low Engagement,0.442984693877551,Mid Value,0,0
2497,67,Male,Accessories,Illinois,Summer,79,37,3.2,1,No,0,No,0,Credit Card,Store Pickup,Weekly,7,0.6,Medium Engagement,0.7360969387755103,High Value,0,0
2498,35,Male,Accessories,Colorado,Summer,40,28,4.2,1,No,0,No,0,Bank Transfer,Standard,Annually,1,0.0,Low Engagement,0.4005102040816326,Low Value,0,1
2499,18,Male,Outerwear,Massachusetts,Fall,39,38,2.6,1,No,0,No,0,Cash,Next Day Air,Fortnightly,5,0.39999999999999997,Medium Engagement,0.49630102040816326,Mid Value,0,0
2500,52,Male,Clothing,Louisiana,Summer,73,2,3.1,1,No,0,No,0,Cash,Next Day Air,Quarterly,3,0.19999999999999998,Low Engagement,0.34145408163265306,Low Value,0,0
2501,59,Male,Accessories,Massachusetts,Fall,84,32,2.9,1,No,0,No,0,Cash,Store Pickup,Bi-Weekly,6,0.5,Medium Engagement,0.7163265306122449,High Value,0,0
2502,49,Male,Clothing,West Virginia,Fall,94,30,4.6,1,No,0,No,0,Venmo,Free Shipping,Bi-Weekly,6,0.5,Medium Engagement,0.7584183673469388,High Value,0,1
2503,46,Male,Clothing,Idaho,Spring,47,17,4.1,1,No,0,No,0,PayPal,Standard,Every 3 Months,3,0.19999999999999998,Low Engagement,0.332015306122449,Low Value,0,1
2504,69,Male,Footwear,Ohio,Summer,77,5,2.5,1,No,0,No,0,Debit Card,Store Pickup,Bi-Weekly,6,0.5,Medium Engagement,0.39706632653061225,Low Value,0,0
2505,56,Male,Clothing,Rhode Island,Winter,94,31,4.0,1,No,0,No,0,Cash,Store Pickup,Bi-Weekly,6,0.5,Medium Engagement,0.7686224489795919,High Value,0,1
2506,27,Male,Accessories,Illinois,Summer,75,43,3.5,1,No,0,No,0,PayPal,Express,Quarterly,3,0.19999999999999998,Low Engagement,0.7723214285714286,High Value,0,0
2507,57,Male,Clothing,New York,Spring,82,19,4.4,1,No,0,No,0,Venmo,Free Shipping,Annually,1,0.0,Low Engagement,0.5711734693877552,Mid Value,0,1
2508,58,Male,Footwear,Louisiana,Fall,36,32,2.9,1,No,0,No,0,Credit Card,Store Pickup,Every 3 Months,3,0.19999999999999998,Low Engagement,0.4163265306122449,Mid Value,0,0
2509,23,Male,Footwear,California,Spring,90,5,3.1,1,No,0,No,0,Debit Card,2-Day Shipping,Bi-Weekly,6,0.5,Medium Engagement,0.47831632653061223,Mid Value,0,0
2510,19,Male,Clothing,Washington,Spring,48,9,4.4,1,No,0,No,0,Bank Transfer,Free Shipping,Quarterly,3,0.19999999999999998,Low Engagement,0.25663265306122446,Low Value,0,1
2511,40,Male,Outerwear,South Dakota,Winter,42,48,4.4,1,No,0,No,0,Credit Card,Standard,Weekly,7,0.6,Medium Engagement,0.6170918367346938,High Value,0,1
2512,54,Male,Accessories,Idaho,Summer,33,1,2.7,1,No,0,No,0,PayPal,Store Pickup,Quarterly,3,0.19999999999999998,Low Engagement,0.08125,Low Value,0,0
2513,50,Male,Clothing,North Dakota,Summer,63,20,4.9,1,No,0,No,0,Credit Card,Free Shipping,Monthly,4,0.3,Low Engagement,0.46262755102040815,Mid Value,0,1
2514,69,Male,Accessories,Washington,Winter,53,42,3.5,1,No,0,No,0,Cash,2-Day Shipping,Annually,1,0.0,Low Engagement,0.6246173469387755,High Value,0,0
2515,42,Male,Accessories,Alaska,Spring,37,45,4.8,1,No,0,No,0,PayPal,Free Shipping,Bi-Weekly,6,0.5,Medium Engagement,0.5552295918367347,Mid Value,0,1
2516,37,Male,Clothing,Kansas,Summer,92,41,4.2,1,No,0,No,0,Cash,2-Day Shipping,Monthly,4,0.3,Low Engagement,0.8581632653061224,High Value,0,1
2517,46,Male,Clothing,Utah,Spring,73,36,4.6,1,No,0,No,0,Debit Card,Standard,Quarterly,3,0.19999999999999998,Low Engagement,0.6883928571428571,High Value,0,1
2518,64,Male,Clothing,Wyoming,Spring,38,10,2.9,1,No,0,No,0,Venmo,Standard,Annually,1,0.0,Low Engagement,0.20433673469387756,Low Value,0,0
2519,20,Male,Footwear,Maine,Fall,51,31,4.0,1,No,0,No,0,Venmo,Store Pickup,Annually,1,0.0,Low Engagement,0.4998724489795918,Mid Value,0,1
2520,40,Male,Outerwear,Michigan,Spring,90,21,4.9,1,No,0,No,0,Credit Card,Standard,Quarterly,3,0.19999999999999998,Low Engagement,0.6415816326530612,High Value,0,1
2521,64,Male,Outerwear,Illinois,Summer,56,16,3.1,1,No,0,No,0,Cash,Next Day Air,Every 3 Months,3,0.19999999999999998,Low Engagement,0.37806122448979596,Low Value,0,0
2522,29,Male,Accessories,Minnesota,Fall,33,18,4.4,1,No,0,No,0,PayPal,Standard,Every 3 Months,3,0.19999999999999998,Low Engagement,0.25471938775510206,Low Value,0,1
2523,20,Male,Accessories,Massachusetts,Winter,53,20,2.5,1,No,0,No,0,Debit Card,2-Day Shipping,Weekly,7,0.6,Medium Engagement,0.40012755102040815,Low Value,0,0
2524,43,Male,Accessories,New Jersey,Spring,24,21,3.4,1,No,0,No,0,Bank Transfer,Express,Annually,1,0.0,Low Engagement,0.22908163265306122,Low Value,0,0
2525,60,Male,Outerwear,Kansas,Spring,59,23,3.7,1,No,0,No,0,Credit Card,Express,Quarterly,3,0.19999999999999998,Low Engagement,0.46823979591836734,Mid Value,0,0
2526,39,Male,Clothing,Kentucky,Winter,72,20,4.2,1,No,0,No,0,PayPal,Standard,Weekly,7,0.6,Medium Engagement,0.5188775510204082,Mid Value,0,1
2527,47,Male,Clothing,Rhode Island,Spring,28,30,3.4,1,No,0,No,0,PayPal,Express,Bi-Weekly,6,0.5,Medium Engagement,0.34591836734693876,Low Value,0,0
2528,19,Male,Clothing,Illinois,Fall,36,33,3.6,1,No,0,No,0,Bank Transfer,Express,Every 3 Months,3,0.19999999999999998,Low Engagement,0.42653061224489797,Mid Value,0,0
2529,52,Male,Accessories,Alabama,Fall,47,31,4.7,1,No,0,No,0,Debit Card,2-Day Shipping,Monthly,4,0.3,Low Engagement,0.47487244897959185,Mid Value,0,1
2530,34,Male,Accessories,Tennessee,Spring,62,48,4.7,1,No,0,No,0,Bank Transfer,Next Day Air,Monthly,4,0.3,Low Engagement,0.7420918367346938,High Value,0,1
2531,25,Male,Clothing,Massachusetts,Spring,98,28,3.6,1,No,0,No,0,Debit Card,Free Shipping,Weekly,7,0.6,Medium Engagement,0.7630102040816327,High Value,0,0
2532,43,Male,Footwear,Texas,Summer,28,7,4.6,1,No,0,No,0,Cash,Free Shipping,Every 3 Months,3,0.19999999999999998,Low Engagement,0.11122448979591837,Low Value,0,1
2533,55,Male,Clothing,Nebraska,Summer,86,4,2.6,1,No,0,No,0,Debit Card,Next Day Air,Weekly,7,0.6,Medium Engagement,0.44311224489795914,Mid Value,0,0
2534,66,Male,Accessories,Pennsylvania,Summer,46,49,3.1,1,No,0,No,0,Cash,Standard,Bi-Weekly,6,0.5,Medium Engagement,0.6522959183673469,High Value,0,0
2535,41,Male,Accessories,Virginia,Fall,42,22,3.2,1,No,0,No,0,Cash,Free Shipping,Weekly,7,0.6,Medium Engagement,0.35178571428571426,Low Value,0,0
2536,47,Male,Outerwear,Vermont,Winter,80,39,3.9,1,No,0,No,0,Bank Transfer,Express,Fortnightly,5,0.39999999999999997,Medium Engagement,0.7627551020408163,High Value,0,0
2537,51,Male,Accessories,Oklahoma,Spring,39,45,4.9,1,No,0,No,0,PayPal,Express,Every 3 Months,3,0.19999999999999998,Low Engagement,0.5677295918367347,Mid Value,0,1
2538,44,Male,Outerwear,Maine,Summer,49,30,4.1,1,No,0,No,0,PayPal,2-Day Shipping,Fortnightly,5,0.39999999999999997,Medium Engagement,0.4771683673469388,Mid Value,0,1
2539,18,Male,Accessories,New Jersey,Summer,32,33,4.2,1,No,0,No,0,Credit Card,Next Day Air,Bi-Weekly,6,0.5,Medium Engagement,0.40153061224489794,Low Value,0,1
2540,33,Male,Footwear,Massachusetts,Fall,73,24,4.1,1,No,0,No,0,Cash,Next Day Air,Bi-Weekly,6,0.5,Medium Engagement,0.5659438775510204,Mid Value,0,1
2541,24,Male,Accessories,New Jersey,Summer,42,11,3.9,1,No,0,No,0,Debit Card,Free Shipping,Quarterly,3,0.19999999999999998,Low Engagement,0.23954081632653063,Low Value,0,0
2542,33,Male,Accessories,Washington,Spring,58,13,2.7,1,No,0,No,0,Venmo,Next Day Air,Every 3 Months,3,0.19999999999999998,Low Engagement,0.3599489795918367,Low Value,0,0
2543,61,Male,Accessories,Arkansas,Winter,22,27,3.7,1,No,0,No,0,PayPal,Express,Annually,1,0.0,Low Engagement,0.2778061224489796,Low Value,0,0
2544,27,Male,Accessories,West Virginia,Spring,56,30,2.7,1,No,0,No,0,PayPal,Next Day Air,Bi-Weekly,6,0.5,Medium Engagement,0.5209183673469387,Mid Value,0,0
2545,46,Male,Clothing,Delaware,Spring,70,39,2.5,1,No,0,No,0,Venmo,Next Day Air,Quarterly,3,0.19999999999999998,Low Engagement,0.7002551020408163,High Value,0,0
2546,38,Male,Footwear,Texas,Spring,50,10,3.9,1,No,0,No,0,Debit Card,Free Shipping,Annually,1,0.0,Low Engagement,0.27933673469387754,Low Value,0,0
2547,63,Male,Footwear,Texas,Summer,21,4,3.0,1,No,0,No,0,Credit Card,Express,Quarterly,3,0.19999999999999998,Low Engagement,0.03686224489795918,Low Value,0,0
2548,47,Male,Outerwear,Mississippi,Summer,97,16,3.2,1,No,0,No,0,Cash,2-Day Shipping,Weekly,7,0.6,Medium Engagement,0.6343112244897959,High Value,0,0
2549,42,Male,Accessories,Texas,Winter,63,34,3.8,1,No,0,No,0,Credit Card,Standard,Monthly,4,0.3,Low Engagement,0.605484693877551,High Value,0,0
2550,41,Male,Outerwear,Virginia,Fall,60,11,2.7,1,No,0,No,0,Debit Card,Standard,Every 3 Months,3,0.19999999999999998,Low Engagement,0.3520408163265306,Low Value,0,0
2551,53,Male,Footwear,New Hampshire,Fall,52,30,3.0,1,No,0,No,0,Debit Card,Store Pickup,Fortnightly,5,0.39999999999999997,Medium Engagement,0.4959183673469388,Mid Value,0,0
2552,29,Male,Footwear,Minnesota,Winter,32,40,4.1,1,No,0,No,0,Debit Card,Next Day Air,Annually,1,0.0,Low Engagement,0.4729591836734694,Mid Value,0,1
2553,61,Male,Accessories,Maryland,Spring,48,13,3.2,1,No,0,No,0,Credit Card,2-Day Shipping,Annually,1,0.0,Low Engagement,0.2974489795918367,Low Value,0,0
2554,69,Male,Accessories,Vermont,Summer,25,28,4.5,1,No,0,No,0,Venmo,Store Pickup,Every 3 Months,3,0.19999999999999998,Low Engagement,0.3067602040816326,Low Value,0,1
2555,51,Male,Accessories,Kansas,Summer,68,49,4.3,1,No,0,No,0,Debit Card,Store Pickup,Bi-Weekly,6,0.5,Medium Engagement,0.7897959183673469,High Value,0,1
2556,24,Male,Clothing,Idaho,Fall,74,23,3.5,1,No,0,No,0,Credit Card,Standard,Weekly,7,0.6,Medium Engagement,0.5619897959183674,Mid Value,0,0
2557,24,Male,Clothing,Montana,Fall,88,4,3.1,1,No,0,No,0,Bank Transfer,Standard,Quarterly,3,0.19999999999999998,Low Engagement,0.45561224489795915,Mid Value,0,0
2558,70,Male,Clothing,Oklahoma,Spring,23,17,3.9,1,No,0,No,0,PayPal,Standard,Fortnightly,5,0.39999999999999997,Medium Engagement,0.18201530612244896,Low Value,0,0
2559,49,Male,Clothing,California,Fall,32,24,2.7,1,No,0,No,0,PayPal,Express,Fortnightly,5,0.39999999999999997,Medium Engagement,0.3096938775510204,Low Value,0,0
2560,48,Male,Accessories,Mississippi,Winter,71,21,4.0,1,No,0,No,0,Debit Card,Free Shipping,Every 3 Months,3,0.19999999999999998,Low Engagement,0.5228316326530612,Mid Value,0,1
2561,58,Male,Footwear,California,Spring,62,17,2.7,1,No,0,No,0,Debit Card,Next Day Air,Bi-Weekly,6,0.5,Medium Engagement,0.425765306122449,Mid Value,0,0
2562,32,Male,Clothing,New York,Spring,20,22,2.7,1,No,0,No,0,Debit Card,Free Shipping,Quarterly,3,0.19999999999999998,Low Engagement,0.21428571428571427,Low Value,0,0
2563,57,Male,Clothing,Arizona,Spring,62,27,4.7,1,No,0,No,0,Cash,Standard,Fortnightly,5,0.39999999999999997,Medium Engagement,0.5278061224489796,Mid Value,0,1
2564,69,Male,Accessories,Massachusetts,Winter,81,1,4.5,1,No,0,No,0,Venmo,Standard,Every 3 Months,3,0.19999999999999998,Low Engagement,0.38125,Low Value,0,1
2565,42,Male,Accessories,Kentucky,Winter,90,27,3.0,1,No,0,No,0,Bank Transfer,2-Day Shipping,Weekly,7,0.6,Medium Engagement,0.7028061224489797,High Value,0,0
2566,30,Male,Clothing,Vermont,Fall,43,8,3.6,1,No,0,No,0,Venmo,Store Pickup,Quarterly,3,0.19999999999999998,Low Engagement,0.2151785714285714,Low Value,0,0
2567,35,Male,Accessories,Missouri,Fall,38,43,3.3,1,No,0,No,0,PayPal,Standard,Quarterly,3,0.19999999999999998,Low Engagement,0.5410714285714285,Mid Value,0,0
2568,19,Male,Accessories,Michigan,Spring,25,24,4.3,1,No,0,No,0,Cash,Store Pickup,Fortnightly,5,0.39999999999999997,Medium Engagement,0.26594387755102045,Low Value,0,1
2569,52,Male,Clothing,Texas,Winter,98,29,4.3,1,No,0,No,0,PayPal,Express,Fortnightly,5,0.39999999999999997,Medium Engagement,0.7732142857142856,High Value,0,1
2570,42,Male,Clothing,New York,Spring,75,10,4.8,1,No,0,No,0,Bank Transfer,Free Shipping,Bi-Weekly,6,0.5,Medium Engagement,0.43558673469387754,Mid Value,0,1
2571,36,Male,Footwear,New Mexico,Spring,27,12,4.0,1,No,0,No,0,PayPal,Store Pickup,Fortnightly,5,0.39999999999999997,Medium Engagement,0.15599489795918367,Low Value,0,1
2572,45,Male,Accessories,Mississippi,Winter,27,48,3.5,1,No,0,No,0,Cash,Standard,Fortnightly,5,0.39999999999999997,Medium Engagement,0.5233418367346938,Mid Value,0,0
2573,54,Male,Clothing,Washington,Fall,42,40,3.9,1,No,0,No,0,Bank Transfer,Next Day Air,Quarterly,3,0.19999999999999998,Low Engagement,0.5354591836734695,Mid Value,0,0
2574,54,Male,Clothing,New Mexico,Summer,90,1,4.4,1,No,0,No,0,Bank Transfer,Store Pickup,Annually,1,0.0,Low Engagement,0.4375,Mid Value,0,1
2575,27,Male,Accessories,Florida,Summer,63,26,4.6,1,No,0,No,0,Credit Card,2-Day Shipping,Fortnightly,5,0.39999999999999997,Medium Engagement,0.5238520408163265,Mid Value,0,1
2576,53,Male,Clothing,Minnesota,Fall,96,9,4.0,1,No,0,No,0,PayPal,Express,Annually,1,0.0,Low Engagement,0.5566326530612244,Mid Value,0,1
2577,20,Male,Clothing,New Hampshire,Winter,40,19,4.2,1,No,0,No,0,Debit Card,Free Shipping,Quarterly,3,0.19999999999999998,Low Engagement,0.3086734693877551,Low Value,0,1
2578,52,Male,Clothing,Minnesota,Fall,39,37,4.5,1,No,0,No,0,Bank Transfer,Next Day Air,Monthly,4,0.3,Low Engagement,0.4860969387755102,Mid Value,0,1
2579,54,Male,Accessories,Vermont,Fall,48,3,3.9,1,No,0,No,0,Cash,Free Shipping,Quarterly,3,0.19999999999999998,Low Engagement,0.1954081632653061,Low Value,0,0
2580,65,Male,Clothing,Minnesota,Summer,20,40,3.7,1,No,0,No,0,Venmo,Express,Weekly,7,0.6,Medium Engagement,0.3979591836734694,Low Value,0,0
2581,43,Male,Clothing,Massachusetts,Summer,29,13,3.6,1,No,0,No,0,Bank Transfer,Store Pickup,Quarterly,3,0.19999999999999998,Low Engagement,0.17869897959183673,Low Value,0,0
2582,57,Male,Clothing,Wyoming,Winter,81,48,4.7,1,No,0,No,0,Credit Card,Express,Monthly,4,0.3,Low Engagement,0.8608418367346938,High Value,0,1
2583,19,Male,Clothing,South Dakota,Fall,98,4,3.6,1,No,0,No,0,Venmo,2-Day Shipping,Every 3 Months,3,0.19999999999999998,Low Engagement,0.5181122448979592,Mid Value,0,0
2584,69,Male,Clothing,Oklahoma,Fall,93,9,2.5,1,No,0,No,0,Cash,Next Day Air,Weekly,7,0.6,Medium Engagement,0.5378826530612245,Mid Value,0,0
2585,26,Male,Clothing,Florida,Summer,30,26,2.9,1,No,0,No,0,Bank Transfer,Store Pickup,Bi-Weekly,6,0.5,Medium Engagement,0.31760204081632654,Low Value,0,0
2586,57,Male,Accessories,Wisconsin,Fall,37,19,4.4,1,No,0,No,0,Debit Card,Free Shipping,Weekly,7,0.6,Medium Engagement,0.2899234693877551,Low Value,0,1
2587,20,Male,Outerwear,Maine,Winter,28,1,4.6,1,No,0,No,0,Credit Card,Express,Every 3 Months,3,0.19999999999999998,Low Engagement,0.05,Low Value,0,1
2588,55,Male,Accessories,Connecticut,Winter,29,29,3.7,1,No,0,No,0,PayPal,Express,Every 3 Months,3,0.19999999999999998,Low Engagement,0.3419642857142857,Low Value,0,0
2589,44,Male,Accessories,Delaware,Summer,49,38,3.2,1,No,0,No,0,Venmo,Free Shipping,Bi-Weekly,6,0.5,Medium Engagement,0.5588010204081633,Mid Value,0,0
2590,52,Male,Clothing,North Dakota,Winter,53,31,4.9,1,No,0,No,0,PayPal,2-Day Shipping,Annually,1,0.0,Low Engagement,0.5123724489795918,Mid Value,0,1
2591,57,Male,Accessories,California,Summer,66,35,5.0,1,No,0,No,0,Venmo,Free Shipping,Annually,1,0.0,Low Engagement,0.6344387755102041,High Value,0,1
2592,40,Male,Outerwear,New Mexico,Spring,61,40,3.3,1,No,0,No,0,Cash,Express,Quarterly,3,0.19999999999999998,Low Engagement,0.6542091836734694,High Value,0,0
2593,23,Male,Clothing,Iowa,Summer,23,13,4.4,1,No,0,No,0,Venmo,Store Pickup,Quarterly,3,0.19999999999999998,Low Engagement,0.14119897959183672,Low Value,0,1
2594,36,Male,Clothing,Colorado,Fall,36,9,4.7,1,No,0,No,0,Bank Transfer,Store Pickup,Every 3 Months,3,0.19999999999999998,Low Engagement,0.1816326530612245,Low Value,0,1
2595,59,Male,Clothing,Montana,Fall,81,25,3.6,1,No,0,No,0,Cash,Free Shipping,Every 3 Months,3,0.19999999999999998,Low Engagement,0.6261479591836734,High Value,0,0
2596,29,Male,Clothing,Iowa,Summer,56,3,3.2,1,No,0,No,0,Bank Transfer,Free Shipping,Bi-Weekly,6,0.5,Medium Engagement,0.24540816326530612,Low Value,0,0
2597,63,Male,Clothing,Louisiana,Spring,78,35,3.0,1,No,0,No,0,Credit Card,Next Day Air,Monthly,4,0.3,Low Engagement,0.7094387755102041,High Value,0,0
2598,60,Male,Accessories,Alabama,Summer,25,13,4.4,1,No,0,No,0,Venmo,Store Pickup,Bi-Weekly,6,0.5,Medium Engagement,0.15369897959183673,Low Value,0,1
2599,64,Male,Accessories,Nevada,Fall,86,31,3.3,1,No,0,No,0,Debit Card,Express,Annually,1,0.0,Low Engagement,0.7186224489795918,High Value,0,0
2600,63,Male,Accessories,Vermont,Winter,99,48,3.4,1,No,0,No,0,Credit Card,Express,Monthly,4,0.3,Low Engagement,0.9733418367346939,High Value,0,0
2601,21,Male,Accessories,New York,Fall,83,6,3.9,1,No,0,No,0,Bank Transfer,Express,Bi-Weekly,6,0.5,Medium Engagement,0.4447704081632653,Mid Value,0,0
2602,61,Male,Clothing,Mississippi,Winter,33,43,2.9,1,No,0,No,0,Cash,Store Pickup,Monthly,4,0.3,Low Engagement,0.5098214285714285,Mid Value,0,0
2603,65,Male,Outerwear,South Carolina,Fall,44,1,2.9,1,No,0,No,0,Venmo,Free Shipping,Quarterly,3,0.19999999999999998,Low Engagement,0.15,Low Value,0,0
2604,69,Male,Clothing,Washington,Spring,58,8,2.7,1,No,0,No,0,Cash,2-Day Shipping,Annually,1,0.0,Low Engagement,0.30892857142857144,Low Value,0,0
2605,47,Male,Clothing,Colorado,Spring,54,6,3.4,1,No,0,No,0,Debit Card,Store Pickup,Weekly,7,0.6,Medium Engagement,0.2635204081632653,Low Value,0,0
2606,41,Male,Clothing,Nevada,Spring,93,32,3.7,1,No,0,No,0,Venmo,2-Day Shipping,Fortnightly,5,0.39999999999999997,Medium Engagement,0.772576530612245,High Value,0,0
2607,68,Male,Footwear,Nevada,Spring,98,46,4.7,1,No,0,No,0,Bank Transfer,Standard,Bi-Weekly,6,0.5,Medium Engagement,0.9466836734693878,High Value,0,1
2608,41,Male,Footwear,Oklahoma,Spring,36,38,3.1,1,No,0,No,0,PayPal,Express,Every 3 Months,3,0.19999999999999998,Low Engagement,0.4775510204081632,Mid Value,0,0
2609,42,Male,Outerwear,Mississippi,Fall,68,48,4.2,1,No,0,No,0,Credit Card,2-Day Shipping,Fortnightly,5,0.39999999999999997,Medium Engagement,0.7795918367346939,High Value,0,1
2610,66,Male,Accessories,Arkansas,Summer,95,18,3.0,1,No,0,No,0,Debit Card,Store Pickup,Bi-Weekly,6,0.5,Medium Engagement,0.642219387755102,High Value,0,0
2611,66,Male,Clothing,West Virginia,Spring,93,25,3.1,1,No,0,No,0,Cash,Express,Quarterly,3,0.19999999999999998,Low Engagement,0.7011479591836735,High Value,0,0
2612,33,Male,Outerwear,Michigan,Fall,99,4,4.2,1,No,0,No,0,Cash,2-Day Shipping,Fortnightly,5,0.39999999999999997,Medium Engagement,0.5243622448979592,Mid Value,0,1
2613,55,Male,Accessories,Louisiana,Winter,22,27,3.8,1,No,0,No,0,Venmo,Next Day Air,Quarterly,3,0.19999999999999998,Low Engagement,0.2778061224489796,Low Value,0,0
2614,58,Male,Accessories,South Dakota,Fall,88,14,2.9,1,No,0,No,0,Bank Transfer,Express,Monthly,4,0.3,Low Engagement,0.5576530612244898,Mid Value,0,0
2615,18,Male,Outerwear,North Dakota,Spring,65,36,4.2,1,No,0,No,0,Bank Transfer,Express,Fortnightly,5,0.39999999999999997,Medium Engagement,0.6383928571428572,High Value,0,1
2616,49,Male,Clothing,Arizona,Fall,62,6,3.1,1,No,0,No,0,Debit Card,2-Day Shipping,Quarterly,3,0.19999999999999998,Low Engagement,0.3135204081632653,Low Value,0,0
2617,61,Male,Footwear,Georgia,Spring,55,46,3.6,1,No,0,No,0,Cash,Express,Annually,1,0.0,Low Engagement,0.6779336734693877,High Value,0,0
2618,31,Male,Clothing,Idaho,Spring,97,29,4.8,1,No,0,No,0,Bank Transfer,Standard,Annually,1,0.0,Low Engagement,0.7669642857142858,High Value,0,1
2619,70,Male,Accessories,Louisiana,Fall,77,12,4.1,1,No,0,No,0,Venmo,Express,Monthly,4,0.3,Low Engagement,0.4684948979591837,Mid Value,0,1
2620,68,Male,Clothing,Connecticut,Winter,40,47,3.9,1,No,0,No,0,Credit Card,Free Shipping,Weekly,7,0.6,Medium Engagement,0.5943877551020409,High Value,0,0
2621,27,Male,Clothing,Ohio,Winter,23,28,3.0,1,No,0,No,0,Debit Card,Standard,Annually,1,0.0,Low Engagement,0.2942602040816326,Low Value,0,0
2622,48,Male,Footwear,Maine,Winter,46,21,3.0,1,No,0,No,0,Bank Transfer,Express,Annually,1,0.0,Low Engagement,0.3665816326530612,Low Value,0,0
2623,63,Male,Accessories,New Hampshire,Spring,75,15,4.9,1,No,0,No,0,Credit Card,2-Day Shipping,Annually,1,0.0,Low Engagement,0.48660714285714285,Mid Value,0,1
2624,49,Male,Footwear,Massachusetts,Fall,76,38,4.8,1,No,0,No,0,Cash,Next Day Air,Annually,1,0.0,Low Engagement,0.7275510204081632,High Value,0,1
2625,19,Male,Clothing,South Dakota,Summer,59,19,3.3,1,No,0,No,0,Credit Card,Standard,Annually,1,0.0,Low Engagement,0.4274234693877551,Mid Value,0,0
2626,30,Male,Clothing,Colorado,Summer,51,31,2.7,1,No,0,No,0,Credit Card,Standard,Weekly,7,0.6,Medium Engagement,0.4998724489795918,Mid Value,0,0
2627,50,Male,Outerwear,Rhode Island,Fall,46,30,4.2,1,No,0,No,0,Credit Card,Express,Every 3 Months,3,0.19999999999999998,Low Engagement,0.45841836734693875,Mid Value,0,1
2628,66,Male,Clothing,Missouri,Fall,26,40,3.6,1,No,0,No,0,Bank Transfer,Next Day Air,Quarterly,3,0.19999999999999998,Low Engagement,0.43545918367346936,Mid Value,0,0
2629,25,Male,Clothing,Wyoming,Summer,51,42,3.8,1,No,0,No,0,Credit Card,Next Day Air,Bi-Weekly,6,0.5,Medium Engagement,0.6121173469387755,High Value,0,0
2630,61,Male,Accessories,New Hampshire,Winter,44,25,3.8,1,No,0,No,0,Venmo,Free Shipping,Annually,1,0.0,Low Engagement,0.39489795918367343,Low Value,0,0
2631,29,Male,Clothing,Maine,Spring,82,20,4.2,1,No,0,No,0,Cash,Free Shipping,Quarterly,3,0.19999999999999998,Low Engagement,0.5813775510204082,Mid Value,0,1
2632,53,Male,Clothing,Connecticut,Summer,44,3,2.7,1,No,0,No,0,Cash,Express,Weekly,7,0.6,Medium Engagement,0.1704081632653061,Low Value,0,0
2633,24,Male,Accessories,Alaska,Fall,27,14,5.0,1,No,0,No,0,Cash,Next Day Air,Annually,1,0.0,Low Engagement,0.1764030612244898,Low Value,0,1
2634,51,Male,Accessories,Alaska,Fall,90,32,4.7,1,No,0,No,0,Credit Card,Next Day Air,Fortnightly,5,0.39999999999999997,Medium Engagement,0.7538265306122449,High Value,0,1
2635,26,Male,Footwear,North Carolina,Summer,58,20,3.2,1,No,0,No,0,PayPal,Store Pickup,Every 3 Months,3,0.19999999999999998,Low Engagement,0.43137755102040815,Mid Value,0,0
2636,59,Male,Clothing,Colorado,Spring,80,34,2.9,1,No,0,No,0,PayPal,2-Day Shipping,Fortnightly,5,0.39999999999999997,Medium Engagement,0.7117346938775511,High Value,0,0
2637,41,Male,Outerwear,Utah,Winter,40,6,4.2,1,No,0,No,0,Venmo,Store Pickup,Annually,1,0.0,Low Engagement,0.1760204081632653,Low Value,0,1
2638,20,Male,Clothing,Alabama,Spring,23,2,3.7,1,No,0,No,0,PayPal,Store Pickup,Annually,1,0.0,Low Engagement,0.02895408163265306,Low Value,0,0
2639,22,Male,Clothing,Hawaii,Spring,34,35,4.2,1,No,0,No,0,Credit Card,Store Pickup,Annually,1,0.0,Low Engagement,0.43443877551020404,Mid Value,0,1
2640,18,Male,Clothing,New Hampshire,Winter,35,33,2.6,1,No,0,No,0,Debit Card,Free Shipping,Quarterly,3,0.19999999999999998,Low Engagement,0.42028061224489793,Mid Value,0,0
2641,30,Male,Clothing,Indiana,Summer,75,45,4.0,1,No,0,No,0,Venmo,Store Pickup,Bi-Weekly,6,0.5,Medium Engagement,0.7927295918367347,High Value,0,1
2642,25,Male,Accessories,Vermont,Winter,60,20,2.7,1,No,0,No,0,Bank Transfer,Next Day Air,Every 3 Months,3,0.19999999999999998,Low Engagement,0.44387755102040816,Mid Value,0,0
2643,39,Male,Accessories,Iowa,Summer,87,48,4.0,1,No,0,No,0,Bank Transfer,Store Pickup,Annually,1,0.0,Low Engagement,0.8983418367346938,High Value,0,1
2644,49,Male,Accessories,Maryland,Spring,41,37,2.9,1,No,0,No,0,Cash,Next Day Air,Monthly,4,0.3,Low Engagement,0.49859693877551026,Mid Value,0,0
2645,25,Male,Clothing,New Mexico,Spring,83,4,3.3,1,No,0,No,0,Bank Transfer,Standard,Every 3 Months,3,0.19999999999999998,Low Engagement,0.42436224489795915,Mid Value,0,0
2646,23,Male,Accessories,Louisiana,Spring,81,24,4.0,1,No,0,No,0,Bank Transfer,Store Pickup,Bi-Weekly,6,0.5,Medium Engagement,0.6159438775510204,High Value,0,1
2647,33,Male,Clothing,New Mexico,Summer,56,4,3.9,1,No,0,No,0,Debit Card,Next Day Air,Every 3 Months,3,0.19999999999999998,Low Engagement,0.2556122448979592,Low Value,0,0
2648,60,Male,Footwear,South Carolina,Summer,58,25,3.3,1,No,0,No,0,Debit Card,2-Day Shipping,Annually,1,0.0,Low Engagement,0.48239795918367345,Mid Value,0,0
2649,51,Male,Clothing,Illinois,Spring,84,14,3.9,1,No,0,No,0,PayPal,Next Day Air,Bi-Weekly,6,0.5,Medium Engagement,0.5326530612244899,Mid Value,0,0
2650,23,Male,Accessories,Minnesota,Fall,21,14,3.9,1,No,0,No,0,Bank Transfer,Store Pickup,Fortnightly,5,0.39999999999999997,Medium Engagement,0.1389030612244898,Low Value,0,0
2651,20,Male,Clothing,Oregon,Summer,35,46,4.2,1,No,0,No,0,Credit Card,Standard,Every 3 Months,3,0.19999999999999998,Low Engagement,0.5529336734693877,Mid Value,0,1
2652,51,Male,Footwear,Tennessee,Summer,43,27,4.6,1,No,0,No,0,PayPal,Store Pickup,Quarterly,3,0.19999999999999998,Low Engagement,0.4090561224489796,Mid Value,0,1
2653,23,Female,Clothing,Maryland,Summer,20,46,3.3,1,No,0,No,0,Credit Card,2-Day Shipping,Monthly,4,0.3,Low Engagement,0.45918367346938777,Mid Value,0,0
2654,67,Female,Clothing,Wisconsin,Fall,36,24,4.8,1,No,0,No,0,Venmo,Express,Every 3 Months,3,0.19999999999999998,Low Engagement,0.3346938775510204,Low Value,0,1
2655,23,Female,Outerwear,Idaho,Fall,70,4,4.1,1,No,0,No,0,PayPal,Next Day Air,Annually,1,0.0,Low Engagement,0.34311224489795916,Low Value,0,1
2656,26,Female,Accessories,Wyoming,Summer,83,2,3.4,1,No,0,No,0,Credit Card,Standard,Fortnightly,5,0.39999999999999997,Medium Engagement,0.40395408163265306,Mid Value,0,0
2657,52,Female,Clothing,Indiana,Winter,76,29,3.6,1,No,0,No,0,Bank Transfer,Express,Fortnightly,5,0.39999999999999997,Medium Engagement,0.6357142857142857,High Value,0,0
2658,52,Female,Clothing,Texas,Summer,81,7,2.7,1,No,0,No,0,Credit Card,Express,Fortnightly,5,0.39999999999999997,Medium Engagement,0.44247448979591836,Mid Value,0,0
2659,52,Female,Accessories,Ohio,Summer,47,39,3.2,1,No,0,No,0,PayPal,Next Day Air,Monthly,4,0.3,Low Engagement,0.5565051020408163,Mid Value,0,0
2660,35,Female,Footwear,Kansas,Summer,35,46,4.4,1,No,0,No,0,Credit Card,2-Day Shipping,Fortnightly,5,0.39999999999999997,Medium Engagement,0.5529336734693877,Mid Value,0,1
2661,24,Female,Clothing,South Carolina,Spring,85,44,4.9,1,No,0,No,0,Venmo,Express,Annually,1,0.0,Low Engagement,0.8450255102040816,High Value,0,1
2662,43,Female,Footwear,Michigan,Fall,96,20,4.8,1,No,0,No,0,Bank Transfer,Express,Annually,1,0.0,Low Engagement,0.6688775510204081,High Value,0,1
2663,25,Female,Clothing,Nebraska,Summer,98,44,2.8,1,No,0,No,0,PayPal,2-Day Shipping,Fortnightly,5,0.39999999999999997,Medium Engagement,0.9262755102040816,High Value,0,0
2664,46,Female,Footwear,Wisconsin,Fall,52,23,2.9,1,No,0,No,0,Bank Transfer,Free Shipping,Annually,1,0.0,Low Engagement,0.42448979591836733,Mid Value,0,0
2665,22,Female,Accessories,Illinois,Winter,84,37,3.2,1,No,0,No,0,PayPal,Store Pickup,Weekly,7,0.6,Medium Engagement,0.7673469387755103,High Value,0,0
2666,70,Female,Clothing,Louisiana,Winter,71,4,3.5,1,No,0,No,0,Venmo,Store Pickup,Weekly,7,0.6,Medium Engagement,0.34936224489795914,Low Value,0,0
2667,49,Female,Footwear,Ohio,Winter,95,14,4.1,1,No,0,No,0,Venmo,Store Pickup,Fortnightly,5,0.39999999999999997,Medium Engagement,0.6014030612244898,High Value,0,1
2668,48,Female,Footwear,Maryland,Summer,47,31,4.1,1,No,0,No,0,Cash,Free Shipping,Fortnightly,5,0.39999999999999997,Medium Engagement,0.47487244897959185,Mid Value,0,1
2669,59,Female,Outerwear,Texas,Summer,75,9,4.8,1,No,0,No,0,PayPal,Next Day Air,Quarterly,3,0.19999999999999998,Low Engagement,0.42538265306122447,Mid Value,0,1
2670,39,Female,Accessories,Illinois,Spring,28,31,2.8,1,No,0,No,0,Credit Card,Free Shipping,Weekly,7,0.6,Medium Engagement,0.35612244897959183,Low Value,0,0
2671,30,Female,Accessories,Pennsylvania,Fall,44,26,4.7,1,No,0,No,0,Bank Transfer,Express,Bi-Weekly,6,0.5,Medium Engagement,0.4051020408163265,Mid Value,0,1
2672,37,Female,Footwear,Alabama,Winter,64,41,4.8,1,No,0,No,0,PayPal,2-Day Shipping,Every 3 Months,3,0.19999999999999998,Low Engagement,0.6831632653061225,High Value,0,1
2673,56,Female,Footwear,West Virginia,Spring,28,13,2.9,1,No,0,No,0,Cash,Standard,Annually,1,0.0,Low Engagement,0.17244897959183675,Low Value,0,0
2674,67,Female,Clothing,Nevada,Summer,21,4,2.6,1,No,0,No,0,Cash,2-Day Shipping,Monthly,4,0.3,Low Engagement,0.03686224489795918,Low Value,0,0
2675,40,Female,Accessories,Florida,Fall,41,15,3.3,1,No,0,No,0,Cash,Express,Every 3 Months,3,0.19999999999999998,Low Engagement,0.2741071428571429,Low Value,0,0
2676,24,Female,Clothing,Virginia,Winter,38,38,3.4,1,No,0,No,0,Cash,Free Shipping,Bi-Weekly,6,0.5,Medium Engagement,0.49005102040816323,Mid Value,0,0
2677,43,Female,Accessories,Kentucky,Spring,77,3,3.6,1,No,0,No,0,Cash,Free Shipping,Fortnightly,5,0.39999999999999997,Medium Engagement,0.37665816326530616,Low Value,0,0
2678,45,Female,Clothing,Connecticut,Spring,43,6,3.8,1,No,0,No,0,PayPal,Next Day Air,Every 3 Months,3,0.19999999999999998,Low Engagement,0.1947704081632653,Low Value,0,0
2679,33,Female,Accessories,Montana,Spring,91,34,3.4,1,No,0,No,0,Credit Card,2-Day Shipping,Bi-Weekly,6,0.5,Medium Engagement,0.7804846938775509,High Value,0,0
2680,53,Female,Clothing,Montana,Spring,68,7,3.8,1,No,0,No,0,Debit Card,Express,Quarterly,3,0.19999999999999998,Low Engagement,0.36122448979591837,Low Value,0,0
2681,44,Female,Clothing,Nebraska,Fall,37,21,3.3,1,No,0,No,0,Venmo,Next Day Air,Annually,1,0.0,Low Engagement,0.31033163265306124,Low Value,0,0
2682,23,Female,Footwear,Massachusetts,Summer,23,17,4.8,1,No,0,No,0,Debit Card,Standard,Monthly,4,0.3,Low Engagement,0.18201530612244896,Low Value,0,1
2683,59,Female,Footwear,North Carolina,Winter,65,5,3.9,1,No,0,No,0,Venmo,2-Day Shipping,Every 3 Months,3,0.19999999999999998,Low Engagement,0.32206632653061223,Low Value,0,0
2684,68,Female,Accessories,Montana,Summer,30,21,4.2,1,No,0,No,0,Cash,Next Day Air,Fortnightly,5,0.39999999999999997,Medium Engagement,0.26658163265306123,Low Value,0,1
2685,46,Female,Clothing,Washington,Summer,45,42,4.7,1,No,0,No,0,Credit Card,Free Shipping,Bi-Weekly,6,0.5,Medium Engagement,0.5746173469387755,Mid Value,0,1
2686,56,Female,Footwear,Virginia,Winter,25,49,2.7,1,No,0,No,0,Credit Card,Express,Quarterly,3,0.19999999999999998,Low Engagement,0.5210459183673469,Mid Value,0,0
2687,40,Female,Clothing,Georgia,Winter,72,33,3.8,1,No,0,No,0,Cash,2-Day Shipping,Fortnightly,5,0.39999999999999997,Medium Engagement,0.6515306122448979,High Value,0,0
2688,61,Female,Clothing,Delaware,Fall,75,12,3.6,1,No,0,No,0,Debit Card,2-Day Shipping,Bi-Weekly,6,0.5,Medium Engagement,0.4559948979591837,Mid Value,0,0
2689,53,Female,Accessories,West Virginia,Spring,63,18,2.9,1,No,0,No,0,Credit Card,2-Day Shipping,Every 3 Months,3,0.19999999999999998,Low Engagement,0.44221938775510206,Mid Value,0,0
2690,29,Female,Clothing,Wyoming,Fall,35,47,3.9,1,No,0,No,0,PayPal,Standard,Quarterly,3,0.19999999999999998,Low Engagement,0.5631377551020409,Mid Value,0,0
2691,44,Female,Accessories,New Mexico,Summer,32,18,4.7,1,No,0,No,0,Bank Transfer,Free Shipping,Weekly,7,0.6,Medium Engagement,0.24846938775510202,Low Value,0,1
2692,43,Female,Clothing,Nebraska,Winter,25,48,3.3,1,No,0,No,0,Cash,2-Day Shipping,Monthly,4,0.3,Low Engagement,0.5108418367346939,Mid Value,0,0
2693,40,Female,Footwear,Washington,Spring,90,18,4.2,1,No,0,No,0,Debit Card,Free Shipping,Every 3 Months,3,0.19999999999999998,Low Engagement,0.610969387755102,High Value,0,1
2694,55,Female,Footwear,Hawaii,Summer,70,46,2.6,1,No,0,No,0,Cash,Standard,Quarterly,3,0.19999999999999998,Low Engagement,0.7716836734693877,High Value,0,0
2695,66,Female,Accessories,Louisiana,Spring,27,34,4.9,1,No,0,No,0,Credit Card,Express,Every 3 Months,3,0.19999999999999998,Low Engagement,0.380484693877551,Low Value,0,1
2696,50,Female,Accessories,Tennessee,Fall,92,10,3.6,1,No,0,No,0,PayPal,Standard,Bi-Weekly,6,0.5,Medium Engagement,0.5418367346938776,Mid Value,0,0
2697,57,Female,Outerwear,South Dakota,Spring,20,12,4.7,1,No,0,No,0,Debit Card,Free Shipping,Monthly,4,0.3,Low Engagement,0.11224489795918367,Low Value,0,1
2698,42,Female,Outerwear,Delaware,Winter,52,36,3.2,1,No,0,No,0,Bank Transfer,Standard,Quarterly,3,0.19999999999999998,Low Engagement,0.5571428571428572,Mid Value,0,0
2699,55,Female,Clothing,Virginia,Summer,57,34,3.6,1,No,0,No,0,Venmo,Store Pickup,Quarterly,3,0.19999999999999998,Low Engagement,0.567984693877551,Mid Value,0,0
2700,25,Female,Footwear,Utah,Fall,96,49,3.6,1,No,0,No,0,Debit Card,2-Day Shipping,Annually,1,0.0,Low Engagement,0.9647959183673469,High Value,0,0
2701,22,Female,Clothing,California,Winter,68,36,3.2,1,No,0,No,0,Cash,Standard,Weekly,7,0.6,Medium Engagement,0.6571428571428571,High Value,0,0
2702,49,Female,Clothing,Idaho,Summer,30,18,2.8,1,No,0,No,0,Bank Transfer,Store Pickup,Fortnightly,5,0.39999999999999997,Medium Engagement,0.23596938775510204,Low Value,0,0
2703,70,Female,Footwear,Texas,Fall,37,39,4.0,1,No,0,No,0,Debit Card,Next Day Air,Fortnightly,5,0.39999999999999997,Medium Engagement,0.4940051020408163,Mid Value,0,1
2704,56,Female,Accessories,Tennessee,Winter,42,34,4.4,1,No,0,No,0,PayPal,Free Shipping,Weekly,7,0.6,Medium Engagement,0.474234693877551,Mid Value,0,1
2705,52,Female,Clothing,Tennessee,Spring,54,35,3.4,1,No,0,No,0,Debit Card,Next Day Air,Weekly,7,0.6,Medium Engagement,0.559438775510204,Mid Value,0,0
2706,65,Female,Outerwear,Washington,Spring,81,1,5.0,1,No,0,No,0,Credit Card,Store Pickup,Bi-Weekly,6,0.5,Medium Engagement,0.38125,Low Value,0,1
2707,24,Female,Footwear,Alabama,Spring,40,48,3.1,1,No,0,No,0,Debit Card,Express,Quarterly,3,0.19999999999999998,Low Engagement,0.6045918367346939,High Value,0,0
2708,32,Female,Accessories,Nebraska,Fall,88,19,4.2,1,No,0,No,0,Cash,Standard,Weekly,7,0.6,Medium Engagement,0.6086734693877551,High Value,0,1
2709,57,Female,Clothing,Alabama,Summer,94,44,3.3,1,No,0,No,0,Debit Card,Store Pickup,Weekly,7,0.6,Medium Engagement,0.9012755102040817,High Value,0,0
2710,35,Female,Clothing,Illinois,Winter,54,9,2.9,1,No,0,No,0,Credit Card,Standard,Bi-Weekly,6,0.5,Medium Engagement,0.2941326530612245,Low Value,0,0
2711,69,Female,Outerwear,Wisconsin,Summer,51,3,4.7,1,No,0,No,0,Bank Transfer,Standard,Fortnightly,5,0.39999999999999997,Medium Engagement,0.21415816326530612,Low Value,0,1
2712,30,Female,Accessories,Nebraska,Spring,22,50,4.0,1,No,0,No,0,Venmo,Standard,Monthly,4,0.3,Low Engagement,0.5125,Mid Value,0,1
2713,37,Female,Outerwear,North Dakota,Fall,95,7,4.6,1,No,0,No,0,Debit Card,Standard,Quarterly,3,0.19999999999999998,Low Engagement,0.5299744897959183,Mid Value,0,1
2714,19,Female,Outerwear,Mississippi,Fall,57,20,3.8,1,No,0,No,0,Debit Card,2-Day Shipping,Annually,1,0.0,Low Engagement,0.42512755102040817,Mid Value,0,0
2715,53,Female,Clothing,Iowa,Winter,45,16,3.6,1,No,0,No,0,Credit Card,Store Pickup,Bi-Weekly,6,0.5,Medium Engagement,0.3093112244897959,Low Value,0,0
2716,25,Female,Footwear,Mississippi,Winter,92,29,4.1,1,No,0,No,0,PayPal,Express,Fortnightly,5,0.39999999999999997,Medium Engagement,0.7357142857142858,High Value,0,1
2717,47,Female,Footwear,Colorado,Spring,40,21,2.7,1,No,0,No,0,Debit Card,Store Pickup,Weekly,7,0.6,Medium Engagement,0.32908163265306123,Low Value,0,0
2718,18,Female,Accessories,Nebraska,Winter,62,19,4.3,1,No,0,No,0,Credit Card,Free Shipping,Every 3 Months,3,0.19999999999999998,Low Engagement,0.44617346938775515,Mid Value,0,1
2719,22,Female,Clothing,Virginia,Winter,90,10,4.9,1,No,0,No,0,Venmo,Next Day Air,Bi-Weekly,6,0.5,Medium Engagement,0.5293367346938775,Mid Value,0,1
2720,69,Female,Clothing,Louisiana,Fall,82,4,4.2,1,No,0,No,0,Bank Transfer,Free Shipping,Monthly,4,0.3,Low Engagement,0.4181122448979592,Mid Value,0,1
2721,55,Female,Accessories,Maryland,Spring,52,45,2.8,1,No,0,No,0,Bank Transfer,Store Pickup,Quarterly,3,0.19999999999999998,Low Engagement,0.6489795918367347,High Value,0,0
2722,19,Female,Footwear,Minnesota,Spring,70,17,4.9,1,No,0,No,0,PayPal,Free Shipping,Fortnightly,5,0.39999999999999997,Medium Engagement,0.47576530612244894,Mid Value,0,1
2723,23,Female,Accessories,Maine,Spring,83,22,2.8,1,No,0,No,0,PayPal,2-Day Shipping,Fortnightly,5,0.39999999999999997,Medium Engagement,0.6080357142857142,High Value,0,0
2724,54,Female,Footwear,Texas,Summer,49,3,2.9,1,No,0,No,0,PayPal,Store Pickup,Every 3 Months,3,0.19999999999999998,Low Engagement,0.2016581632653061,Low Value,0,0
2725,52,Female,Footwear,Missouri,Spring,91,11,2.5,1,No,0,No,0,Debit Card,Next Day Air,Fortnightly,5,0.39999999999999997,Medium Engagement,0.5457908163265306,Mid Value,0,0
2726,64,Female,Accessories,Mississippi,Summer,99,4,2.7,1,No,0,No,0,Debit Card,Free Shipping,Annually,1,0.0,Low Engagement,0.5243622448979592,Mid Value,0,0
2727,33,Female,Accessories,Michigan,Winter,92,11,3.3,1,No,0,No,0,PayPal,Free Shipping,Bi-Weekly,6,0.5,Medium Engagement,0.5520408163265307,Mid Value,0,0
2728,40,Female,Clothing,Colorado,Winter,87,47,3.7,1,No,0,No,0,Credit Card,2-Day Shipping,Fortnightly,5,0.39999999999999997,Medium Engagement,0.8881377551020408,High Value,0,0
2729,26,Female,Clothing,Florida,Winter,28,17,4.0,1,No,0,No,0,Debit Card,Express,Weekly,7,0.6,Medium Engagement,0.21326530612244898,Low Value,0,1
2730,31,Female,Accessories,Montana,Summer,71,32,4.1,1,No,0,No,0,Credit Card,Free Shipping,Monthly,4,0.3,Low Engagement,0.6350765306122449,High Value,0,1
2731,23,Female,Accessories,Wisconsin,Winter,32,37,4.1,1,No,0,No,0,Bank Transfer,Store Pickup,Annually,1,0.0,Low Engagement,0.44234693877551023,Mid Value,0,1
2732,52,Female,Accessories,Wisconsin,Summer,33,44,2.5,1,No,0,No,0,Bank Transfer,2-Day Shipping,Quarterly,3,0.19999999999999998,Low Engagement,0.5200255102040816,Mid Value,0,0
2733,21,Female,Clothing,Delaware,Winter,75,27,4.2,1,No,0,No,0,Debit Card,Store Pickup,Every 3 Months,3,0.19999999999999998,Low Engagement,0.6090561224489797,High Value,0,1
2734,31,Female,Accessories,North Carolina,Summer,83,46,4.7,1,No,0,No,0,PayPal,Express,Annually,1,0.0,Low Engagement,0.8529336734693878,High Value,0,1
2735,63,Female,Clothing,New York,Summer,93,13,2.7,1,No,0,No,0,Cash,2-Day Shipping,Bi-Weekly,6,0.5,Medium Engagement,0.5786989795918367,Mid Value,0,0
2736,46,Female,Clothing,California,Spring,29,2,3.0,1,No,0,No,0,PayPal,Express,Bi-Weekly,6,0.5,Medium Engagement,0.06645408163265307,Low Value,0,0
2737,44,Female,Clothing,Montana,Spring,25,45,4.8,1,No,0,No,0,Credit Card,Store Pickup,Annually,1,0.0,Low Engagement,0.4802295918367347,Mid Value,0,1
2738,57,Female,Accessories,North Carolina,Spring,76,35,4.4,1,No,0,No,0,Cash,Free Shipping,Every 3 Months,3,0.19999999999999998,Low Engagement,0.6969387755102041,High Value,0,1
2739,50,Female,Footwear,Ohio,Summer,81,39,4.3,1,No,0,No,0,Venmo,2-Day Shipping,Every 3 Months,3,0.19999999999999998,Low Engagement,0.7690051020408163,High Value,0,1
2740,33,Female,Clothing,Alaska,Winter,80,39,2.5,1,No,0,No,0,Credit Card,Store Pickup,Every 3 Months,3,0.19999999999999998,Low Engagement,0.7627551020408163,High Value,0,0
2741,19,Female,Accessories,Pennsylvania,Summer,70,34,4.9,1,No,0,No,0,Bank Transfer,Free Shipping,Fortnightly,5,0.39999999999999997,Medium Engagement,0.6492346938775511,High Value,0,1
2742,68,Female,Clothing,Maine,Fall,81,41,4.9,1,No,0,No,0,Venmo,2-Day Shipping,Monthly,4,0.3,Low Engagement,0.7894132653061224,High Value,0,1
2743,27,Female,Footwear,Texas,Spring,86,47,3.9,1,No,0,No,0,Debit Card,Free Shipping,Annually,1,0.0,Low Engagement,0.8818877551020408,High Value,0,0
2744,61,Female,Accessories,New Jersey,Fall,94,17,4.1,1,No,0,No,0,Venmo,2-Day Shipping,Quarterly,3,0.19999999999999998,Low Engagement,0.625765306122449,High Value,0,1
2745,38,Female,Clothing,Wyoming,Winter,66,40,3.3,1,No,0,No,0,Credit Card,Store Pickup,Monthly,4,0.3,Low Engagement,0.6854591836734694,High Value,0,0
2746,28,Female,Footwear,Michigan,Summer,98,44,4.1,1,No,0,No,0,PayPal,Standard,Bi-Weekly,6,0.5,Medium Engagement,0.9262755102040816,High Value,0,1
2747,39,Female,Clothing,Ohio,Fall,25,21,3.7,1,No,0,No,0,PayPal,Standard,Every 3 Months,3,0.19999999999999998,Low Engagement,0.23533163265306123,Low Value,0,0
2748,18,Female,Clothing,West Virginia,Winter,62,21,3.1,1,No,0,No,0,Credit Card,Free Shipping,Every 3 Months,3,0.19999999999999998,Low Engagement,0.46658163265306124,Mid Value,0,0
2749,24,Female,Outerwear,Virginia,Spring,98,16,3.0,1,No,0,No,0,Venmo,Free Shipping,Annually,1,0.0,Low Engagement,0.6405612244897959,High Value,0,0
2750,64,Female,Outerwear,Vermont,Spring,53,15,3.4,1,No,0,No,0,Bank Transfer,Standard,Annually,1,0.0,Low Engagement,0.34910714285714284,Low Value,0,0
2751,51,Female,Footwear,Alaska,Spring,66,26,2.7,1,No,0,No,0,PayPal,2-Day Shipping,Every 3 Months,3,0.19999999999999998,Low Engagement,0.5426020408163266,Mid Value,0,0
2752,27,Female,Clothing,Minnesota,Fall,52,50,3.1,1,No,0,No,0,Venmo,Free Shipping,Monthly,4,0.3,Low Engagement,0.7,High Value,0,0
2753,48,Female,Clothing,Colorado,Winter,64,30,4.0,1,No,0,No,0,Venmo,Free Shipping,Bi-Weekly,6,0.5,Medium Engagement,0.5709183673469388,Mid Value,0,1
2754,69,Female,Accessories,Rhode Island,Spring,59,48,3.6,1,No,0,No,0,PayPal,Next Day Air,Quarterly,3,0.19999999999999998,Low Engagement,0.7233418367346939,High Value,0,0
2755,59,Female,Accessories,New Jersey,Summer,61,21,3.6,1,No,0,No,0,Venmo,Free Shipping,Bi-Weekly,6,0.5,Medium Engagement,0.4603316326530612,Mid Value,0,0
2756,59,Female,Accessories,Nevada,Winter,97,18,3.3,1,No,0,No,0,Credit Card,Store Pickup,Annually,1,0.0,Low Engagement,0.6547193877551021,High Value,0,0
2757,42,Female,Accessories,Minnesota,Winter,23,41,4.1,1,No,0,No,0,PayPal,Free Shipping,Monthly,4,0.3,Low Engagement,0.42691326530612245,Mid Value,0,1
2758,39,Female,Accessories,Delaware,Fall,98,11,4.3,1,No,0,No,0,Venmo,Next Day Air,Monthly,4,0.3,Low Engagement,0.5895408163265305,High Value,0,1
2759,32,Female,Clothing,Illinois,Summer,98,8,3.2,1,No,0,No,0,Bank Transfer,Standard,Bi-Weekly,6,0.5,Medium Engagement,0.5589285714285714,Mid Value,0,0
2760,68,Female,Footwear,Washington,Summer,59,42,3.9,1,No,0,No,0,Cash,Free Shipping,Every 3 Months,3,0.19999999999999998,Low Engagement,0.6621173469387756,High Value,0,0
2761,41,Female,Clothing,Alaska,Fall,82,41,5.0,1,No,0,No,0,Credit Card,Next Day Air,Bi-Weekly,6,0.5,Medium Engagement,0.7956632653061224,High Value,0,1
2762,31,Female,Footwear,Michigan,Fall,82,3,3.4,1,No,0,No,0,Credit Card,Next Day Air,Every 3 Months,3,0.19999999999999998,Low Engagement,0.40790816326530616,Mid Value,0,0
2763,58,Female,Clothing,Georgia,Fall,41,10,3.8,1,No,0,No,0,Debit Card,Store Pickup,Every 3 Months,3,0.19999999999999998,Low Engagement,0.22308673469387758,Low Value,0,0
2764,28,Female,Accessories,West Virginia,Fall,52,35,2.9,1,No,0,No,0,Venmo,2-Day Shipping,Quarterly,3,0.19999999999999998,Low Engagement,0.5469387755102041,Mid Value,0,0
2765,63,Female,Clothing,Arizona,Spring,41,2,2.6,1,No,0,No,0,Debit Card,Next Day Air,Weekly,7,0.6,Medium Engagement,0.14145408163265308,Low Value,0,0
2766,64,Female,Accessories,Colorado,Summer,70,24,4.3,1,No,0,No,0,Credit Card,2-Day Shipping,Quarterly,3,0.19999999999999998,Low Engagement,0.5471938775510204,Mid Value,0,1
2767,66,Female,Clothing,Tennessee,Winter,91,47,2.8,1,No,0,No,0,Credit Card,Standard,Monthly,4,0.3,Low Engagement,0.9131377551020408,High Value,0,0
2768,31,Female,Clothing,Iowa,Spring,95,31,4.5,1,No,0,No,0,Cash,Free Shipping,Monthly,4,0.3,Low Engagement,0.7748724489795918,High Value,0,1
2769,55,Female,Clothing,Kansas,Spring,25,28,3.8,1,No,0,No,0,PayPal,2-Day Shipping,Bi-Weekly,6,0.5,Medium Engagement,0.3067602040816326,Low Value,0,0
2770,32,Female,Clothing,Oklahoma,Fall,89,13,3.0,1,No,0,No,0,Cash,Standard,Weekly,7,0.6,Medium Engagement,0.5536989795918368,Mid Value,0,0
2771,50,Female,Footwear,Nebraska,Fall,44,22,3.3,1,No,0,No,0,Bank Transfer,Express,Quarterly,3,0.19999999999999998,Low Engagement,0.36428571428571427,Low Value,0,0
2772,58,Female,Outerwear,Maryland,Summer,52,12,3.1,1,No,0,No,0,Bank Transfer,2-Day Shipping,Fortnightly,5,0.39999999999999997,Medium Engagement,0.3122448979591837,Low Value,0,0
2773,18,Female,Accessories,Pennsylvania,Spring,94,10,3.5,1,No,0,No,0,Bank Transfer,Store Pickup,Every 3 Months,3,0.19999999999999998,Low Engagement,0.5543367346938776,Mid Value,0,0
2774,39,Female,Clothing,Arizona,Spring,98,45,4.6,1,No,0,No,0,Bank Transfer,Express,Quarterly,3,0.19999999999999998,Low Engagement,0.9364795918367347,High Value,0,1
2775,56,Female,Footwear,Oklahoma,Fall,40,42,4.1,1,No,0,No,0,Credit Card,Standard,Quarterly,3,0.19999999999999998,Low Engagement,0.5433673469387755,Mid Value,0,1
2776,37,Female,Clothing,Montana,Fall,25,16,3.6,1,No,0,No,0,Debit Card,Free Shipping,Weekly,7,0.6,Medium Engagement,0.18431122448979592,Low Value,0,0
2777,46,Female,Accessories,Wyoming,Fall,62,6,2.9,1,No,0,No,0,Bank Transfer,Free Shipping,Annually,1,0.0,Low Engagement,0.3135204081632653,Low Value,0,0
2778,52,Female,Clothing,Idaho,Fall,24,28,4.8,1,No,0,No,0,Credit Card,Standard,Every 3 Months,3,0.19999999999999998,Low Engagement,0.30051020408163265,Low Value,0,1
2779,70,Female,Accessories,Pennsylvania,Spring,57,24,3.2,1,No,0,No,0,Credit Card,Standard,Bi-Weekly,6,0.5,Medium Engagement,0.4659438775510204,Mid Value,0,0
2780,61,Female,Accessories,Montana,Winter,66,14,4.3,1,No,0,No,0,Credit Card,Express,Fortnightly,5,0.39999999999999997,Medium Engagement,0.4201530612244898,Mid Value,0,1
2781,33,Female,Footwear,Ohio,Winter,70,29,4.1,1,No,0,No,0,PayPal,Next Day Air,Fortnightly,5,0.39999999999999997,Medium Engagement,0.5982142857142857,High Value,0,1
2782,65,Female,Footwear,Mississippi,Spring,39,33,4.6,1,No,0,No,0,PayPal,Standard,Weekly,7,0.6,Medium Engagement,0.4452806122448979,Mid Value,0,1
2783,41,Female,Accessories,Idaho,Spring,34,30,3.8,1,No,0,No,0,PayPal,Free Shipping,Annually,1,0.0,Low Engagement,0.3834183673469388,Low Value,0,0
2784,19,Female,Clothing,Virginia,Spring,38,26,4.5,1,No,0,No,0,Credit Card,Next Day Air,Quarterly,3,0.19999999999999998,Low Engagement,0.3676020408163265,Low Value,0,1
2785,33,Female,Clothing,Idaho,Winter,70,12,3.1,1,No,0,No,0,PayPal,Express,Every 3 Months,3,0.19999999999999998,Low Engagement,0.4247448979591837,Mid Value,0,0
2786,53,Female,Clothing,Louisiana,Summer,80,13,2.9,1,No,0,No,0,Bank Transfer,Next Day Air,Monthly,4,0.3,Low Engagement,0.49744897959183676,Mid Value,0,0
2787,54,Female,Accessories,Colorado,Spring,51,41,3.8,1,No,0,No,0,Debit Card,Next Day Air,Every 3 Months,3,0.19999999999999998,Low Engagement,0.6019132653061224,High Value,0,0
2788,36,Female,Footwear,West Virginia,Spring,79,4,4.1,1,No,0,No,0,Venmo,Next Day Air,Fortnightly,5,0.39999999999999997,Medium Engagement,0.3993622448979592,Low Value,0,1
2789,56,Female,Footwear,Rhode Island,Summer,92,2,3.1,1,No,0,No,0,Credit Card,Free Shipping,Annually,1,0.0,Low Engagement,0.4602040816326531,Mid Value,0,0
2790,28,Female,Clothing,North Carolina,Fall,85,28,5.0,1,No,0,No,0,Credit Card,Express,Bi-Weekly,6,0.5,Medium Engagement,0.6817602040816326,High Value,0,1
2791,34,Female,Clothing,Maine,Spring,63,24,4.5,1,No,0,No,0,Debit Card,Free Shipping,Annually,1,0.0,Low Engagement,0.5034438775510204,Mid Value,0,1
2792,43,Female,Accessories,Iowa,Fall,60,14,2.8,1,No,0,No,0,Venmo,Express,Fortnightly,5,0.39999999999999997,Medium Engagement,0.38265306122448983,Low Value,0,0
2793,54,Female,Clothing,Kentucky,Winter,44,11,3.2,1,No,0,No,0,Credit Card,Express,Weekly,7,0.6,Medium Engagement,0.25204081632653064,Low Value,0,0
2794,37,Female,Footwear,Massachusetts,Spring,57,27,3.1,1,No,0,No,0,Debit Card,Standard,Bi-Weekly,6,0.5,Medium Engagement,0.4965561224489796,Mid Value,0,0
2795,33,Female,Outerwear,New York,Fall,24,7,3.3,1,No,0,No,0,Cash,Standard,Fortnightly,5,0.39999999999999997,Medium Engagement,0.08622448979591837,Low Value,0,0
2796,33,Female,Accessories,Nebraska,Winter,35,49,3.4,1,No,0,No,0,PayPal,Store Pickup,Annually,1,0.0,Low Engagement,0.5835459183673469,Mid Value,0,0
2797,55,Female,Outerwear,Oklahoma,Winter,73,21,3.8,1,No,0,No,0,Cash,Store Pickup,Annually,1,0.0,Low Engagement,0.5353316326530613,Mid Value,0,0
2798,63,Female,Accessories,Oklahoma,Winter,42,10,3.5,1,No,0,No,0,Venmo,Express,Every 3 Months,3,0.19999999999999998,Low Engagement,0.22933673469387755,Low Value,0,0
2799,52,Female,Clothing,Rhode Island,Winter,20,37,4.8,1,No,0,No,0,PayPal,Store Pickup,Weekly,7,0.6,Medium Engagement,0.3673469387755102,Low Value,0,1
2800,23,Female,Clothing,Maine,Spring,89,9,3.9,1,No,0,No,0,Bank Transfer,Free Shipping,Every 3 Months,3,0.19999999999999998,Low Engagement,0.5128826530612245,Mid Value,0,0
2801,70,Female,Clothing,Arkansas,Fall,76,14,3.4,1,No,0,No,0,Cash,Free Shipping,Bi-Weekly,6,0.5,Medium Engagement,0.4826530612244898,Mid Value,0,0
2802,64,Female,Clothing,New Mexico,Winter,56,30,2.6,1,No,0,No,0,PayPal,Express,Annually,1,0.0,Low Engagement,0.5209183673469387,Mid Value,0,0
2803,22,Female,Outerwear,Hawaii,Fall,100,42,3.1,1,No,0,No,0,Credit Card,Store Pickup,Fortnightly,5,0.39999999999999997,Medium Engagement,0.9183673469387755,High Value,0,0
2804,46,Female,Clothing,Idaho,Winter,44,31,3.3,1,No,0,No,0,Bank Transfer,Free Shipping,Monthly,4,0.3,Low Engagement,0.45612244897959187,Mid Value,0,0
2805,65,Female,Clothing,South Carolina,Spring,76,48,2.8,1,No,0,No,0,Bank Transfer,Standard,Every 3 Months,3,0.19999999999999998,Low Engagement,0.8295918367346938,High Value,0,0
2806,18,Female,Accessories,Nevada,Fall,97,48,4.3,1,No,0,No,0,Cash,Standard,Quarterly,3,0.19999999999999998,Low Engagement,0.9608418367346938,High Value,0,1
2807,45,Female,Clothing,South Carolina,Spring,39,50,2.7,1,No,0,No,0,Credit Card,Standard,Annually,1,0.0,Low Engagement,0.61875,High Value,0,0
2808,56,Female,Clothing,Maryland,Spring,100,10,4.4,1,No,0,No,0,Debit Card,2-Day Shipping,Fortnightly,5,0.39999999999999997,Medium Engagement,0.5918367346938775,High Value,0,1
2809,49,Female,Clothing,Tennessee,Spring,62,45,3.9,1,No,0,No,0,PayPal,Free Shipping,Every 3 Months,3,0.19999999999999998,Low Engagement,0.7114795918367347,High Value,0,0
2810,66,Female,Clothing,Arkansas,Summer,98,27,3.0,1,No,0,No,0,Debit Card,Standard,Quarterly,3,0.19999999999999998,Low Engagement,0.7528061224489796,High Value,0,0
2811,27,Female,Clothing,Arizona,Summer,31,10,4.0,1,No,0,No,0,Debit Card,Standard,Fortnightly,5,0.39999999999999997,Medium Engagement,0.16058673469387758,Low Value,0,1
2812,69,Female,Outerwear,Ohio,Fall,89,19,3.7,1,No,0,No,0,Credit Card,Store Pickup,Quarterly,3,0.19999999999999998,Low Engagement,0.6149234693877551,High Value,0,0
2813,66,Female,Clothing,North Dakota,Fall,91,1,3.8,1,No,0,No,0,Credit Card,Store Pickup,Every 3 Months,3,0.19999999999999998,Low Engagement,0.44375,Mid Value,0,0
2814,45,Female,Clothing,Vermont,Summer,50,39,3.3,1,No,0,No,0,Debit Card,2-Day Shipping,Quarterly,3,0.19999999999999998,Low Engagement,0.5752551020408163,Mid Value,0,0
2815,31,Female,Clothing,Minnesota,Winter,32,14,3.6,1,No,0,No,0,Bank Transfer,Standard,Monthly,4,0.3,Low Engagement,0.2076530612244898,Low Value,0,0
2816,33,Female,Clothing,Idaho,Fall,67,40,3.9,1,No,0,No,0,Venmo,Free Shipping,Every 3 Months,3,0.19999999999999998,Low Engagement,0.6917091836734695,High Value,0,0
2817,43,Female,Clothing,Maryland,Spring,28,45,3.5,1,No,0,No,0,Venmo,Free Shipping,Weekly,7,0.6,Medium Engagement,0.4989795918367347,Mid Value,0,0
2818,25,Female,Accessories,South Carolina,Winter,65,6,3.4,1,No,0,No,0,Venmo,Standard,Weekly,7,0.6,Medium Engagement,0.3322704081632653,Low Value,0,0
2819,46,Female,Clothing,California,Fall,73,12,4.7,1,No,0,No,0,Debit Card,Next Day Air,Annually,1,0.0,Low Engagement,0.4434948979591837,Mid Value,0,1
2820,67,Female,Clothing,Georgia,Spring,27,19,3.0,1,No,0,No,0,Cash,Free Shipping,Monthly,4,0.3,Low Engagement,0.2274234693877551,Low Value,0,0
2821,26,Female,Accessories,Vermont,Summer,89,5,3.9,1,No,0,No,0,Cash,Free Shipping,Bi-Weekly,6,0.5,Medium Engagement,0.47206632653061226,Mid Value,0,0
2822,35,Female,Footwear,Georgia,Summer,72,37,4.5,1,No,0,No,0,Venmo,Standard,Monthly,4,0.3,Low Engagement,0.6923469387755102,High Value,0,1
2823,61,Female,Clothing,New Jersey,Fall,37,33,4.1,1,No,0,No,0,PayPal,Standard,Quarterly,3,0.19999999999999998,Low Engagement,0.43278061224489794,Mid Value,0,1
2824,26,Female,Clothing,Utah,Summer,63,47,4.5,1,No,0,No,0,Debit Card,Standard,Bi-Weekly,6,0.5,Medium Engagement,0.7381377551020408,High Value,0,1
2825,39,Female,Accessories,Utah,Fall,90,49,4.0,1,No,0,No,0,Debit Card,Free Shipping,Quarterly,3,0.19999999999999998,Low Engagement,0.9272959183673469,High Value,0,1
2826,69,Female,Accessories,North Carolina,Winter,62,28,4.3,1,No,0,No,0,Bank Transfer,2-Day Shipping,Annually,1,0.0,Low Engagement,0.5380102040816326,Mid Value,0,1
2827,32,Female,Accessories,Florida,Fall,43,23,3.6,1,No,0,No,0,Venmo,Express,Annually,1,0.0,Low Engagement,0.3682397959183673,Low Value,0,0
2828,20,Female,Clothing,Wisconsin,Fall,96,11,3.1,1,No,0,No,0,Bank Transfer,Next Day Air,Bi-Weekly,6,0.5,Medium Engagement,0.5770408163265306,Mid Value,0,0
2829,25,Female,Accessories,Tennessee,Fall,83,33,2.6,1,No,0,No,0,PayPal,Standard,Quarterly,3,0.19999999999999998,Low Engagement,0.7202806122448979,High Value,0,0
2830,56,Female,Accessories,Arizona,Fall,67,47,3.4,1,No,0,No,0,Cash,Next Day Air,Weekly,7,0.6,Medium Engagement,0.7631377551020408,High Value,0,0
2831,63,Female,Clothing,Oregon,Spring,90,13,2.9,1,No,0,No,0,Venmo,Store Pickup,Every 3 Months,3,0.19999999999999998,Low Engagement,0.5599489795918368,Mid Value,0,0
2832,34,Female,Clothing,Virginia,Winter,53,4,5.0,1,No,0,No,0,Credit Card,Express,Weekly,7,0.6,Medium Engagement,0.23686224489795918,Low Value,0,1
2833,29,Female,Accessories,Maryland,Summer,37,40,4.6,1,No,0,No,0,PayPal,Standard,Quarterly,3,0.19999999999999998,Low Engagement,0.5042091836734693,Mid Value,0,1
2834,43,Female,Clothing,Arkansas,Fall,56,19,3.3,1,No,0,No,0,Cash,Free Shipping,Monthly,4,0.3,Low Engagement,0.4086734693877551,Mid Value,0,0
2835,39,Female,Outerwear,Texas,Fall,43,17,2.9,1,No,0,No,0,Credit Card,2-Day Shipping,Weekly,7,0.6,Medium Engagement,0.307015306122449,Low Value,0,0
2836,33,Female,Clothing,Vermont,Winter,84,7,4.9,1,No,0,No,0,Venmo,Free Shipping,Annually,1,0.0,Low Engagement,0.4612244897959184,Mid Value,0,1
2837,51,Female,Clothing,Wyoming,Winter,50,21,5.0,1,No,0,No,0,Cash,2-Day Shipping,Bi-Weekly,6,0.5,Medium Engagement,0.39158163265306123,Low Value,0,1
2838,65,Female,Footwear,Alabama,Summer,88,44,4.5,1,No,0,No,0,PayPal,Express,Weekly,7,0.6,Medium Engagement,0.8637755102040816,High Value,0,1
2839,51,Female,Outerwear,Maine,Fall,50,2,3.7,1,No,0,No,0,Bank Transfer,Free Shipping,Weekly,7,0.6,Medium Engagement,0.19770408163265307,Low Value,0,0
2840,70,Female,Accessories,South Dakota,Summer,80,30,2.8,1,No,0,No,0,Bank Transfer,Store Pickup,Monthly,4,0.3,Low Engagement,0.6709183673469388,High Value,0,0
2841,40,Female,Clothing,West Virginia,Spring,47,41,3.5,1,No,0,No,0,Cash,Store Pickup,Annually,1,0.0,Low Engagement,0.5769132653061224,Mid Value,0,0
2842,19,Female,Clothing,Ohio,Winter,33,31,3.0,1,No,0,No,0,Cash,2-Day Shipping,Weekly,7,0.6,Medium Engagement,0.38737244897959183,Low Value,0,0
2843,28,Female,Outerwear,Arizona,Fall,100,48,4.3,1,No,0,No,0,Debit Card,Standard,Quarterly,3,0.19999999999999998,Low Engagement,0.9795918367346939,High Value,0,1
2844,51,Female,Clothing,Ohio,Summer,26,41,3.6,1,No,0,No,0,Venmo,Store Pickup,Weekly,7,0.6,Medium Engagement,0.44566326530612244,Mid Value,0,0
2845,32,Female,Accessories,New Mexico,Summer,79,42,4.4,1,No,0,No,0,Venmo,Standard,Annually,1,0.0,Low Engagement,0.7871173469387756,High Value,0,1
2846,26,Female,Accessories,South Dakota,Summer,77,39,4.1,1,No,0,No,0,Debit Card,Express,Every 3 Months,3,0.19999999999999998,Low Engagement,0.7440051020408163,High Value,0,1
2847,50,Female,Clothing,Oklahoma,Fall,36,15,2.8,1,No,0,No,0,PayPal,Next Day Air,Bi-Weekly,6,0.5,Medium Engagement,0.24285714285714285,Low Value,0,0
2848,68,Female,Accessories,Connecticut,Winter,21,3,2.8,1,No,0,No,0,PayPal,Free Shipping,Every 3 Months,3,0.19999999999999998,Low Engagement,0.026658163265306123,Low Value,0,0
2849,33,Female,Footwear,Wisconsin,Fall,72,28,4.9,1,No,0,No,0,Bank Transfer,Store Pickup,Quarterly,3,0.19999999999999998,Low Engagement,0.6005102040816326,High Value,0,1
2850,56,Female,Outerwear,New Hampshire,Spring,25,27,4.1,1,No,0,No,0,PayPal,Express,Bi-Weekly,6,0.5,Medium Engagement,0.2965561224489796,Low Value,0,1
2851,57,Female,Clothing,Nebraska,Spring,79,36,3.0,1,No,0,No,0,Debit Card,Store Pickup,Annually,1,0.0,Low Engagement,0.7258928571428571,High Value,0,0
2852,58,Female,Clothing,Nevada,Summer,73,42,3.0,1,No,0,No,0,Debit Card,Store Pickup,Monthly,4,0.3,Low Engagement,0.7496173469387755,High Value,0,0
2853,40,Female,Accessories,New York,Spring,71,30,3.0,1,No,0,No,0,Venmo,Store Pickup,Weekly,7,0.6,Medium Engagement,0.6146683673469387,High Value,0,0
2854,37,Female,Accessories,Pennsylvania,Winter,48,9,3.2,1,No,0,No,0,PayPal,Next Day Air,Weekly,7,0.6,Medium Engagement,0.25663265306122446,Low Value,0,0
2855,36,Female,Footwear,Delaware,Fall,28,25,2.7,1,No,0,No,0,Venmo,Store Pickup,Monthly,4,0.3,Low Engagement,0.29489795918367345,Low Value,0,0
2856,29,Female,Footwear,Mississippi,Winter,95,33,3.8,1,No,0,No,0,PayPal,2-Day Shipping,Quarterly,3,0.19999999999999998,Low Engagement,0.7952806122448979,High Value,0,0
2857,65,Female,Outerwear,Iowa,Winter,48,31,3.5,1,No,0,No,0,Credit Card,2-Day Shipping,Monthly,4,0.3,Low Engagement,0.48112244897959183,Mid Value,0,0
2858,44,Female,Clothing,Utah,Spring,93,35,3.8,1,No,0,No,0,Debit Card,Next Day Air,Monthly,4,0.3,Low Engagement,0.8031887755102041,High Value,0,0
2859,34,Female,Clothing,Maryland,Summer,87,46,3.8,1,No,0,No,0,Bank Transfer,2-Day Shipping,Monthly,4,0.3,Low Engagement,0.8779336734693878,High Value,0,0
2860,31,Female,Clothing,Utah,Fall,32,29,3.4,1,No,0,No,0,Bank Transfer,Express,Annually,1,0.0,Low Engagement,0.3607142857142857,Low Value,0,0
2861,28,Female,Clothing,Rhode Island,Spring,38,49,2.9,1,No,0,No,0,Bank Transfer,Next Day Air,Weekly,7,0.6,Medium Engagement,0.602295918367347,High Value,0,0
2862,66,Female,Outerwear,Maryland,Fall,54,27,3.4,1,No,0,No,0,Credit Card,Free Shipping,Monthly,4,0.3,Low Engagement,0.4778061224489796,Mid Value,0,0
2863,68,Female,Outerwear,Hawaii,Summer,75,5,4.7,1,No,0,No,0,Bank Transfer,Store Pickup,Every 3 Months,3,0.19999999999999998,Low Engagement,0.38456632653061223,Low Value,0,1
2864,37,Female,Clothing,Connecticut,Fall,56,18,3.9,1,No,0,No,0,Venmo,2-Day Shipping,Monthly,4,0.3,Low Engagement,0.39846938775510204,Low Value,0,0
2865,58,Female,Clothing,Illinois,Fall,43,31,3.6,1,No,0,No,0,Venmo,Store Pickup,Weekly,7,0.6,Medium Engagement,0.44987244897959183,Mid Value,0,0
2866,28,Female,Clothing,California,Fall,97,27,3.7,1,No,0,No,0,Cash,Free Shipping,Fortnightly,5,0.39999999999999997,Medium Engagement,0.7465561224489796,High Value,0,0
2867,54,Female,Clothing,Connecticut,Summer,75,19,3.1,1,No,0,No,0,Cash,Free Shipping,Annually,1,0.0,Low Engagement,0.5274234693877551,Mid Value,0,0
2868,21,Female,Footwear,Colorado,Summer,55,33,4.9,1,No,0,No,0,Cash,Next Day Air,Fortnightly,5,0.39999999999999997,Medium Engagement,0.5452806122448979,Mid Value,0,1
2869,45,Female,Accessories,Colorado,Winter,49,42,2.6,1,No,0,No,0,PayPal,Next Day Air,Every 3 Months,3,0.19999999999999998,Low Engagement,0.5996173469387756,High Value,0,0
2870,57,Female,Clothing,Georgia,Summer,58,16,4.2,1,No,0,No,0,Bank Transfer,Standard,Weekly,7,0.6,Medium Engagement,0.3905612244897959,Low Value,0,1
2871,47,Female,Accessories,North Dakota,Winter,34,49,4.8,1,No,0,No,0,Debit Card,Free Shipping,Every 3 Months,3,0.19999999999999998,Low Engagement,0.577295918367347,Mid Value,0,1
2872,46,Female,Clothing,Idaho,Summer,43,40,2.7,1,No,0,No,0,Venmo,2-Day Shipping,Bi-Weekly,6,0.5,Medium Engagement,0.5417091836734693,Mid Value,0,0
2873,63,Female,Accessories,Connecticut,Fall,48,5,2.6,1,No,0,No,0,Cash,Next Day Air,Annually,1,0.0,Low Engagement,0.21581632653061222,Low Value,0,0
2874,44,Female,Clothing,Montana,Spring,40,8,2.6,1,No,0,No,0,Bank Transfer,Free Shipping,Monthly,4,0.3,Low Engagement,0.19642857142857142,Low Value,0,0
2875,36,Female,Clothing,Colorado,Summer,29,2,3.1,1,No,0,No,0,Debit Card,Standard,Annually,1,0.0,Low Engagement,0.06645408163265307,Low Value,0,0
2876,24,Female,Clothing,Kentucky,Fall,81,14,2.6,1,No,0,No,0,Debit Card,Free Shipping,Weekly,7,0.6,Medium Engagement,0.5139030612244898,Mid Value,0,0
2877,65,Female,Clothing,New Mexico,Spring,84,5,3.4,1,No,0,No,0,Bank Transfer,2-Day Shipping,Fortnightly,5,0.39999999999999997,Medium Engagement,0.44081632653061226,Mid Value,0,0
2878,32,Female,Clothing,New Jersey,Summer,46,34,3.6,1,No,0,No,0,Venmo,Standard,Monthly,4,0.3,Low Engagement,0.49923469387755104,Mid Value,0,0
2879,63,Female,Clothing,California,Summer,86,13,4.3,1,No,0,No,0,Bank Transfer,Next Day Air,Annually,1,0.0,Low Engagement,0.5349489795918367,Mid Value,0,1
2880,62,Female,Clothing,North Dakota,Winter,57,31,4.9,1,No,0,No,0,Venmo,Free Shipping,Annually,1,0.0,Low Engagement,0.5373724489795919,Mid Value,0,1
2881,19,Female,Clothing,Florida,Winter,61,43,4.8,1,No,0,No,0,PayPal,Store Pickup,Quarterly,3,0.19999999999999998,Low Engagement,0.6848214285714285,High Value,0,1
2882,38,Female,Accessories,Texas,Winter,90,6,4.2,1,No,0,No,0,Bank Transfer,Free Shipping,Annually,1,0.0,Low Engagement,0.4885204081632653,Mid Value,0,1
2883,59,Female,Clothing,Oklahoma,Winter,51,23,2.6,1,No,0,No,0,Credit Card,Store Pickup,Bi-Weekly,6,0.5,Medium Engagement,0.41823979591836735,Mid Value,0,0
2884,22,Female,Clothing,Rhode Island,Spring,48,10,3.2,1,No,0,No,0,PayPal,Standard,Weekly,7,0.6,Medium Engagement,0.26683673469387753,Low Value,0,0
2885,55,Female,Footwear,Arkansas,Summer,50,47,3.4,1,No,0,No,0,Credit Card,2-Day Shipping,Every 3 Months,3,0.19999999999999998,Low Engagement,0.6568877551020409,High Value,0,0
2886,29,Female,Accessories,Nevada,Summer,82,14,3.5,1,No,0,No,0,Credit Card,Next Day Air,Bi-Weekly,6,0.5,Medium Engagement,0.5201530612244898,Mid Value,0,0
2887,42,Female,Accessories,Utah,Spring,33,29,4.2,1,No,0,No,0,PayPal,Free Shipping,Weekly,7,0.6,Medium Engagement,0.3669642857142857,Low Value,0,1
2888,23,Female,Footwear,Kentucky,Winter,28,12,2.8,1,No,0,No,0,Cash,Express,Bi-Weekly,6,0.5,Medium Engagement,0.16224489795918368,Low Value,0,0
2889,70,Female,Clothing,Wisconsin,Spring,42,25,5.0,1,No,0,No,0,Debit Card,2-Day Shipping,Quarterly,3,0.19999999999999998,Low Engagement,0.3823979591836735,Low Value,0,1
2890,64,Female,Accessories,Minnesota,Fall,43,21,3.3,1,No,0,No,0,Venmo,Store Pickup,Annually,1,0.0,Low Engagement,0.3478316326530612,Low Value,0,0
2891,39,Female,Clothing,North Dakota,Winter,55,23,3.7,1,No,0,No,0,Credit Card,Free Shipping,Monthly,4,0.3,Low Engagement,0.4432397959183674,Mid Value,0,0
2892,47,Female,Clothing,Ohio,Winter,73,10,2.5,1,No,0,No,0,PayPal,Free Shipping,Monthly,4,0.3,Low Engagement,0.42308673469387753,Mid Value,0,0
2893,22,Female,Clothing,Nevada,Spring,39,47,3.2,1,No,0,No,0,Credit Card,Standard,Monthly,4,0.3,Low Engagement,0.5881377551020408,High Value,0,0
2894,69,Female,Accessories,Kentucky,Spring,20,44,3.1,1,No,0,No,0,Debit Card,Free Shipping,Every 3 Months,3,0.19999999999999998,Low Engagement,0.4387755102040816,Mid Value,0,0
2895,35,Female,Accessories,Kentucky,Spring,32,41,3.5,1,No,0,No,0,Venmo,Standard,Annually,1,0.0,Low Engagement,0.48316326530612247,Mid Value,0,0
2896,56,Female,Clothing,Montana,Summer,86,29,4.6,1,No,0,No,0,Bank Transfer,Standard,Monthly,4,0.3,Low Engagement,0.6982142857142857,High Value,0,1
2897,30,Female,Clothing,Delaware,Summer,91,2,3.3,1,No,0,No,0,Venmo,Free Shipping,Every 3 Months,3,0.19999999999999998,Low Engagement,0.45395408163265305,Mid Value,0,0
2898,43,Female,Outerwear,Montana,Fall,59,2,2.5,1,No,0,No,0,Cash,Free Shipping,Fortnightly,5,0.39999999999999997,Medium Engagement,0.25395408163265304,Low Value,0,0
2899,23,Female,Footwear,New Jersey,Summer,33,29,4.6,1,No,0,No,0,Credit Card,Express,Annually,1,0.0,Low Engagement,0.3669642857142857,Low Value,0,1
2900,50,Female,Footwear,Nebraska,Spring,64,22,4.2,1,No,0,No,0,Bank Transfer,2-Day Shipping,Fortnightly,5,0.39999999999999997,Medium Engagement,0.4892857142857143,Mid Value,0,1
2901,41,Female,Clothing,Maryland,Winter,67,23,4.0,1,No,0,No,0,Cash,Standard,Bi-Weekly,6,0.5,Medium Engagement,0.5182397959183673,Mid Value,0,1
2902,41,Female,Clothing,Alabama,Winter,43,46,2.6,1,No,0,No,0,Credit Card,Free Shipping,Quarterly,3,0.19999999999999998,Low Engagement,0.6029336734693878,High Value,0,0
2903,27,Female,Footwear,North Carolina,Spring,32,19,4.6,1,No,0,No,0,PayPal,Standard,Bi-Weekly,6,0.5,Medium Engagement,0.2586734693877551,Low Value,0,1
2904,38,Female,Accessories,Delaware,Spring,39,24,3.5,1,No,0,No,0,Credit Card,2-Day Shipping,Every 3 Months,3,0.19999999999999998,Low Engagement,0.3534438775510204,Low Value,0,0
2905,41,Female,Footwear,Iowa,Spring,41,43,4.0,1,No,0,No,0,Venmo,2-Day Shipping,Monthly,4,0.3,Low Engagement,0.5598214285714286,Mid Value,0,1
2906,58,Female,Accessories,New York,Winter,53,14,4.8,1,No,0,No,0,Debit Card,Standard,Fortnightly,5,0.39999999999999997,Medium Engagement,0.33890306122448977,Low Value,0,1
2907,58,Female,Outerwear,Virginia,Spring,27,7,3.9,1,No,0,No,0,Venmo,Standard,Annually,1,0.0,Low Engagement,0.10497448979591836,Low Value,0,0
2908,19,Female,Accessories,Maryland,Summer,82,50,3.7,1,No,0,No,0,PayPal,Next Day Air,Bi-Weekly,6,0.5,Medium Engagement,0.8875,High Value,0,0
2909,43,Female,Clothing,Texas,Winter,87,15,3.1,1,No,0,No,0,Debit Card,Store Pickup,Every 3 Months,3,0.19999999999999998,Low Engagement,0.5616071428571429,Mid Value,0,0
2910,27,Female,Accessories,Louisiana,Winter,78,40,3.0,1,No,0,No,0,Credit Card,Next Day Air,Every 3 Months,3,0.19999999999999998,Low Engagement,0.7604591836734693,High Value,0,0
2911,32,Female,Accessories,Mississippi,Summer,32,41,2.9,1,No,0,No,0,Credit Card,Store Pickup,Monthly,4,0.3,Low Engagement,0.48316326530612247,Mid Value,0,0
2912,28,Female,Clothing,Ohio,Fall,38,34,2.9,1,No,0,No,0,Venmo,Next Day Air,Quarterly,3,0.19999999999999998,Low Engagement,0.449234693877551,Mid Value,0,0
2913,48,Female,Footwear,Oregon,Winter,37,27,4.0,1,No,0,No,0,Cash,Standard,Bi-Weekly,6,0.5,Medium Engagement,0.3715561224489796,Low Value,0,1
2914,43,Female,Outerwear,Wyoming,Winter,83,12,3.5,1,No,0,No,0,Cash,Express,Every 3 Months,3,0.19999999999999998,Low Engagement,0.5059948979591836,Mid Value,0,0
2915,45,Female,Clothing,Pennsylvania,Fall,72,1,3.8,1,No,0,No,0,Debit Card,Express,Bi-Weekly,6,0.5,Medium Engagement,0.325,Low Value,0,0
2916,26,Female,Clothing,Oregon,Fall,30,39,4.5,1,No,0,No,0,Debit Card,Express,Bi-Weekly,6,0.5,Medium Engagement,0.4502551020408163,Mid Value,0,1
2917,62,Female,Clothing,Oklahoma,Winter,66,13,2.7,1,No,0,No,0,Credit Card,Express,Bi-Weekly,6,0.5,Medium Engagement,0.40994897959183674,Mid Value,0,0
2918,58,Female,Clothing,Colorado,Winter,45,50,2.9,1,No,0,No,0,Venmo,Store Pickup,Annually,1,0.0,Low Engagement,0.65625,High Value,0,0
2919,19,Female,Accessories,New York,Fall,73,36,4.9,1,No,0,No,0,Cash,Free Shipping,Weekly,7,0.6,Medium Engagement,0.6883928571428571,High Value,0,1
2920,64,Female,Footwear,Minnesota,Winter,67,31,3.8,1,No,0,No,0,Debit Card,Standard,Monthly,4,0.3,Low Engagement,0.5998724489795919,High Value,0,0
2921,33,Female,Accessories,Texas,Spring,72,3,4.9,1,No,0,No,0,Debit Card,Free Shipping,Bi-Weekly,6,0.5,Medium Engagement,0.34540816326530616,Low Value,0,1
2922,20,Female,Accessories,Wisconsin,Fall,24,11,4.6,1,No,0,No,0,Cash,Standard,Fortnightly,5,0.39999999999999997,Medium Engagement,0.1270408163265306,Low Value,0,1
2923,45,Female,Accessories,Kentucky,Winter,68,16,3.5,1,No,0,No,0,PayPal,Express,Quarterly,3,0.19999999999999998,Low Engagement,0.4530612244897959,Mid Value,0,0
2924,28,Female,Clothing,Pennsylvania,Spring,70,12,4.2,1,No,0,No,0,Cash,2-Day Shipping,Quarterly,3,0.19999999999999998,Low Engagement,0.4247448979591837,Mid Value,0,1
2925,47,Female,Clothing,Rhode Island,Winter,64,37,3.7,1,No,0,No,0,Debit Card,Free Shipping,Every 3 Months,3,0.19999999999999998,Low Engagement,0.6423469387755103,High Value,0,0
2926,54,Female,Clothing,Illinois,Spring,91,43,2.8,1,No,0,No,0,Credit Card,Store Pickup,Every 3 Months,3,0.19999999999999998,Low Engagement,0.8723214285714285,High Value,0,0
2927,64,Female,Accessories,Maryland,Winter,82,9,4.8,1,No,0,No,0,Cash,2-Day Shipping,Weekly,7,0.6,Medium Engagement,0.4691326530612245,Mid Value,0,1
2928,45,Female,Clothing,Missouri,Summer,24,15,2.7,1,No,0,No,0,Venmo,Express,Bi-Weekly,6,0.5,Medium Engagement,0.16785714285714284,Low Value,0,0
2929,40,Female,Accessories,Alabama,Spring,80,17,3.6,1,No,0,No,0,Credit Card,Store Pickup,Weekly,7,0.6,Medium Engagement,0.5382653061224489,Mid Value,0,0
2930,31,Female,Clothing,Maine,Winter,53,42,4.5,1,No,0,No,0,Venmo,Next Day Air,Fortnightly,5,0.39999999999999997,Medium Engagement,0.6246173469387755,High Value,0,1
2931,38,Female,Clothing,Mississippi,Spring,50,14,4.0,1,No,0,No,0,Venmo,Free Shipping,Monthly,4,0.3,Low Engagement,0.32015306122448983,Low Value,0,1
2932,36,Female,Accessories,Alabama,Fall,31,49,4.5,1,No,0,No,0,Credit Card,2-Day Shipping,Bi-Weekly,6,0.5,Medium Engagement,0.5585459183673469,Mid Value,0,1
2933,65,Female,Accessories,Alaska,Spring,88,3,3.9,1,No,0,No,0,PayPal,Express,Quarterly,3,0.19999999999999998,Low Engagement,0.44540816326530613,Mid Value,0,0
2934,27,Female,Accessories,Illinois,Summer,52,28,3.8,1,No,0,No,0,Venmo,Standard,Monthly,4,0.3,Low Engagement,0.47551020408163264,Mid Value,0,0
2935,38,Female,Accessories,Idaho,Fall,22,41,4.7,1,No,0,No,0,Bank Transfer,Next Day Air,Quarterly,3,0.19999999999999998,Low Engagement,0.42066326530612247,Mid Value,0,1
2936,58,Female,Footwear,North Carolina,Spring,27,11,4.6,1,No,0,No,0,Venmo,Standard,Weekly,7,0.6,Medium Engagement,0.14579081632653063,Low Value,0,1
2937,31,Female,Clothing,Washington,Spring,34,46,3.6,1,No,0,No,0,PayPal,Express,Weekly,7,0.6,Medium Engagement,0.5466836734693877,Mid Value,0,0
2938,28,Female,Accessories,West Virginia,Spring,39,15,4.3,1,No,0,No,0,Credit Card,2-Day Shipping,Weekly,7,0.6,Medium Engagement,0.2616071428571428,Low Value,0,1
2939,28,Female,Accessories,Maine,Fall,53,15,3.0,1,No,0,No,0,Cash,Standard,Monthly,4,0.3,Low Engagement,0.34910714285714284,Low Value,0,0
2940,32,Female,Clothing,Kentucky,Winter,46,34,4.3,1,No,0,No,0,Venmo,Express,Weekly,7,0.6,Medium Engagement,0.49923469387755104,Mid Value,0,1
2941,61,Female,Accessories,Massachusetts,Summer,85,13,4.8,1,No,0,No,0,Cash,Next Day Air,Monthly,4,0.3,Low Engagement,0.5286989795918368,Mid Value,0,1
2942,38,Female,Clothing,Pennsylvania,Spring,86,27,3.7,1,No,0,No,0,PayPal,Free Shipping,Monthly,4,0.3,Low Engagement,0.6778061224489795,High Value,0,0
2943,54,Female,Clothing,Hawaii,Summer,63,37,2.6,1,No,0,No,0,Bank Transfer,Free Shipping,Weekly,7,0.6,Medium Engagement,0.6360969387755102,High Value,0,0
2944,29,Female,Clothing,Virginia,Spring,44,37,3.4,1,No,0,No,0,Credit Card,Standard,Monthly,4,0.3,Low Engagement,0.5173469387755102,Mid Value,0,0
2945,50,Female,Footwear,New York,Summer,95,4,3.9,1,No,0,No,0,Venmo,Free Shipping,Every 3 Months,3,0.19999999999999998,Low Engagement,0.49936224489795916,Mid Value,0,0
2946,32,Female,Accessories,Delaware,Summer,49,1,4.8,1,No,0,No,0,Credit Card,Free Shipping,Every 3 Months,3,0.19999999999999998,Low Engagement,0.18125,Low Value,0,1
2947,38,Female,Clothing,Hawaii,Spring,77,29,2.8,1,No,0,No,0,Bank Transfer,Free Shipping,Quarterly,3,0.19999999999999998,Low Engagement,0.6419642857142858,High Value,0,0
2948,52,Female,Accessories,Nebraska,Spring,63,50,4.4,1,No,0,No,0,Venmo,Standard,Annually,1,0.0,Low Engagement,0.76875,High Value,0,1
2949,61,Female,Clothing,Vermont,Winter,83,38,3.1,1,No,0,No,0,Debit Card,Standard,Bi-Weekly,6,0.5,Medium Engagement,0.7713010204081632,High Value,0,0
2950,25,Female,Accessories,Iowa,Spring,93,15,3.8,1,No,0,No,0,PayPal,Store Pickup,Annually,1,0.0,Low Engagement,0.5991071428571428,High Value,0,0
2951,22,Female,Clothing,Iowa,Winter,91,44,4.1,1,No,0,No,0,Debit Card,2-Day Shipping,Every 3 Months,3,0.19999999999999998,Low Engagement,0.8825255102040817,High Value,0,1
2952,47,Female,Accessories,Arkansas,Fall,99,14,4.6,1,No,0,No,0,Cash,Free Shipping,Weekly,7,0.6,Medium Engagement,0.6264030612244899,High Value,0,1
2953,50,Female,Accessories,Alabama,Spring,24,5,4.9,1,No,0,No,0,Debit Card,Next Day Air,Monthly,4,0.3,Low Engagement,0.06581632653061224,Low Value,0,1
2954,45,Female,Clothing,Maryland,Summer,82,11,4.8,1,No,0,No,0,Credit Card,Next Day Air,Annually,1,0.0,Low Engagement,0.4895408163265306,Mid Value,0,1
2955,33,Female,Clothing,South Dakota,Winter,28,15,3.9,1,No,0,No,0,Credit Card,Express,Annually,1,0.0,Low Engagement,0.19285714285714284,Low Value,0,0
2956,42,Female,Footwear,Vermont,Winter,67,46,2.6,1,No,0,No,0,Credit Card,Free Shipping,Annually,1,0.0,Low Engagement,0.7529336734693878,High Value,0,0
2957,52,Female,Clothing,Montana,Fall,88,30,3.7,1,No,0,No,0,Venmo,Standard,Monthly,4,0.3,Low Engagement,0.7209183673469388,High Value,0,0
2958,69,Female,Accessories,South Dakota,Fall,70,2,4.7,1,No,0,No,0,Cash,Standard,Annually,1,0.0,Low Engagement,0.3227040816326531,Low Value,0,1
2959,55,Female,Clothing,Ohio,Summer,100,28,4.5,1,No,0,No,0,PayPal,Standard,Monthly,4,0.3,Low Engagement,0.7755102040816326,High Value,0,1
2960,38,Female,Accessories,Texas,Summer,28,9,4.7,1,No,0,No,0,PayPal,Free Shipping,Quarterly,3,0.19999999999999998,Low Engagement,0.13163265306122449,Low Value,0,1
2961,57,Female,Outerwear,Indiana,Spring,48,47,3.6,1,No,0,No,0,Credit Card,Standard,Weekly,7,0.6,Medium Engagement,0.6443877551020408,High Value,0,0
2962,33,Female,Clothing,New Hampshire,Fall,43,21,2.8,1,No,0,No,0,Debit Card,Free Shipping,Bi-Weekly,6,0.5,Medium Engagement,0.3478316326530612,Low Value,0,0
2963,57,Female,Clothing,California,Fall,40,42,4.0,1,No,0,No,0,Credit Card,Express,Every 3 Months,3,0.19999999999999998,Low Engagement,0.5433673469387755,Mid Value,0,1
2964,52,Female,Footwear,Maine,Spring,97,28,3.6,1,No,0,No,0,Credit Card,Free Shipping,Weekly,7,0.6,Medium Engagement,0.7567602040816326,High Value,0,0
2965,44,Female,Outerwear,Ohio,Fall,25,13,3.8,1,No,0,No,0,Venmo,2-Day Shipping,Fortnightly,5,0.39999999999999997,Medium Engagement,0.15369897959183673,Low Value,0,0
2966,48,Female,Accessories,Delaware,Summer,45,25,4.4,1,No,0,No,0,PayPal,Standard,Fortnightly,5,0.39999999999999997,Medium Engagement,0.40114795918367346,Low Value,0,1
2967,52,Female,Footwear,Oklahoma,Fall,49,38,2.8,1,No,0,No,0,Debit Card,Store Pickup,Every 3 Months,3,0.19999999999999998,Low Engagement,0.5588010204081633,Mid Value,0,0
2968,34,Female,Footwear,Indiana,Summer,36,40,3.4,1,No,0,No,0,Venmo,Free Shipping,Annually,1,0.0,Low Engagement,0.49795918367346936,Mid Value,0,0
2969,26,Female,Clothing,South Carolina,Fall,48,25,4.9,1,No,0,No,0,Cash,Express,Every 3 Months,3,0.19999999999999998,Low Engagement,0.41989795918367345,Mid Value,0,1
2970,36,Female,Accessories,Vermont,Fall,62,20,4.3,1,No,0,No,0,Cash,Next Day Air,Every 3 Months,3,0.19999999999999998,Low Engagement,0.45637755102040817,Mid Value,0,1
2971,24,Female,Accessories,Kansas,Winter,74,44,3.4,1,No,0,No,0,Credit Card,Free Shipping,Bi-Weekly,6,0.5,Medium Engagement,0.7762755102040817,High Value,0,0
2972,30,Female,Accessories,Utah,Fall,100,9,3.9,1,No,0,No,0,PayPal,Next Day Air,Every 3 Months,3,0.19999999999999998,Low Engagement,0.5816326530612245,Mid Value,0,0
2973,31,Female,Outerwear,New York,Fall,39,11,4.2,1,No,0,No,0,Venmo,Free Shipping,Every 3 Months,3,0.19999999999999998,Low Engagement,0.2207908163265306,Low Value,0,1
2974,25,Female,Footwear,Indiana,Summer,65,3,2.7,1,No,0,No,0,Bank Transfer,Store Pickup,Fortnightly,5,0.39999999999999997,Medium Engagement,0.30165816326530615,Low Value,0,0
2975,57,Female,Footwear,Tennessee,Summer,99,34,4.1,1,No,0,No,0,Credit Card,Store Pickup,Weekly,7,0.6,Medium Engagement,0.830484693877551,High Value,0,1
2976,61,Female,Accessories,Georgia,Winter,68,48,4.5,1,No,0,No,0,Cash,2-Day Shipping,Every 3 Months,3,0.19999999999999998,Low Engagement,0.7795918367346939,High Value,0,1
2977,30,Female,Outerwear,Nebraska,Summer,97,28,2.8,1,No,0,No,0,Cash,Express,Fortnightly,5,0.39999999999999997,Medium Engagement,0.7567602040816326,High Value,0,0
2978,38,Female,Clothing,Washington,Winter,47,20,3.4,1,No,0,No,0,Venmo,Standard,Annually,1,0.0,Low Engagement,0.36262755102040817,Low Value,0,0
2979,53,Female,Clothing,Idaho,Spring,56,49,3.9,1,No,0,No,0,Bank Transfer,Free Shipping,Fortnightly,5,0.39999999999999997,Medium Engagement,0.7147959183673469,High Value,0,0
2980,31,Female,Clothing,Louisiana,Fall,91,14,2.6,1,No,0,No,0,PayPal,Next Day Air,Weekly,7,0.6,Medium Engagement,0.5764030612244898,Mid Value,0,0
2981,70,Female,Accessories,New Jersey,Fall,93,9,4.4,1,No,0,No,0,Bank Transfer,2-Day Shipping,Monthly,4,0.3,Low Engagement,0.5378826530612245,Mid Value,0,1
2982,21,Female,Clothing,Delaware,Winter,36,37,4.9,1,No,0,No,0,Venmo,Standard,Annually,1,0.0,Low Engagement,0.46734693877551026,Mid Value,0,1
2983,33,Female,Clothing,Wisconsin,Summer,45,4,3.6,1,No,0,No,0,Credit Card,Store Pickup,Weekly,7,0.6,Medium Engagement,0.1868622448979592,Low Value,0,0
2984,60,Female,Clothing,West Virginia,Winter,44,1,2.8,1,No,0,No,0,Credit Card,2-Day Shipping,Quarterly,3,0.19999999999999998,Low Engagement,0.15,Low Value,0,0
2985,45,Female,Accessories,Texas,Spring,32,36,4.3,1,No,0,No,0,Debit Card,2-Day Shipping,Bi-Weekly,6,0.5,Medium Engagement,0.43214285714285716,Mid Value,0,1
2986,46,Female,Accessories,Hawaii,Summer,36,21,3.0,1,No,0,No,0,Cash,Express,Bi-Weekly,6,0.5,Medium Engagement,0.3040816326530612,Low Value,0,0
2987,62,Female,Accessories,Arizona,Summer,85,16,3.3,1,No,0,No,0,Credit Card,2-Day Shipping,Monthly,4,0.3,Low Engagement,0.559311224489796,Mid Value,0,0
2988,63,Female,Clothing,Louisiana,Winter,36,42,2.5,1,No,0,No,0,Cash,Store Pickup,Monthly,4,0.3,Low Engagement,0.5183673469387755,Mid Value,0,0
2989,69,Female,Clothing,Nevada,Spring,55,31,5.0,1,No,0,No,0,Debit Card,2-Day Shipping,Monthly,4,0.3,Low Engagement,0.5248724489795918,Mid Value,0,1
2990,46,Female,Accessories,Rhode Island,Summer,20,6,4.3,1,No,0,No,0,Credit Card,2-Day Shipping,Weekly,7,0.6,Medium Engagement,0.05102040816326531,Low Value,0,1
2991,69,Female,Clothing,Illinois,Fall,91,24,4.2,1,No,0,No,0,Venmo,Free Shipping,Monthly,4,0.3,Low Engagement,0.6784438775510204,High Value,0,1
2992,66,Female,Clothing,Utah,Summer,71,7,3.9,1,No,0,No,0,PayPal,Standard,Bi-Weekly,6,0.5,Medium Engagement,0.37997448979591836,Low Value,0,0
2993,41,Female,Clothing,North Dakota,Spring,64,25,3.9,1,No,0,No,0,Venmo,Store Pickup,Weekly,7,0.6,Medium Engagement,0.5198979591836734,Mid Value,0,0
2994,32,Female,Outerwear,Kansas,Spring,21,18,4.2,1,No,0,No,0,Cash,Free Shipping,Bi-Weekly,6,0.5,Medium Engagement,0.17971938775510204,Low Value,0,1
2995,69,Female,Clothing,Nevada,Winter,100,14,3.5,1,No,0,No,0,Bank Transfer,Store Pickup,Quarterly,3,0.19999999999999998,Low Engagement,0.6326530612244898,High Value,0,0
2996,29,Female,Clothing,Virginia,Summer,96,42,2.5,1,No,0,No,0,Debit Card,Standard,Bi-Weekly,6,0.5,Medium Engagement,0.8933673469387755,High Value,0,0
2997,70,Female,Accessories,Utah,Spring,91,6,2.9,1,No,0,No,0,Venmo,Express,Every 3 Months,3,0.19999999999999998,Low Engagement,0.4947704081632653,Mid Value,0,0
2998,41,Female,Clothing,Idaho,Spring,40,14,2.7,1,No,0,No,0,Venmo,Next Day Air,Every 3 Months,3,0.19999999999999998,Low Engagement,0.25765306122448983,Low Value,0,0
2999,31,Female,Clothing,Alaska,Summer,53,30,4.7,1,No,0,No,0,Debit Card,Express,Quarterly,3,0.19999999999999998,Low Engagement,0.5021683673469388,Mid Value,0,1
3000,31,Female,Accessories,New Hampshire,Winter,48,10,3.8,1,No,0,No,0,Cash,Standard,Monthly,4,0.3,Low Engagement,0.26683673469387753,Low Value,0,0
3001,57,Female,Footwear,Ohio,Winter,70,7,3.7,1,No,0,No,0,PayPal,Express,Weekly,7,0.6,Medium Engagement,0.3737244897959184,Low Value,0,0
3002,29,Female,Outerwear,Montana,Summer,29,28,4.7,1,No,0,No,0,Credit Card,Express,Quarterly,3,0.19999999999999998,Low Engagement,0.33176020408163265,Low Value,0,1
3003,70,Female,Accessories,Louisiana,Fall,29,19,3.6,1,No,0,No,0,Bank Transfer,Next Day Air,Quarterly,3,0.19999999999999998,Low Engagement,0.2399234693877551,Low Value,0,0
3004,51,Female,Clothing,Oregon,Fall,53,13,2.8,1,No,0,No,0,Credit Card,Express,Every 3 Months,3,0.19999999999999998,Low Engagement,0.3286989795918367,Low Value,0,0
3005,45,Female,Clothing,Arizona,Winter,79,23,3.7,1,No,0,No,0,Venmo,Store Pickup,Fortnightly,5,0.39999999999999997,Medium Engagement,0.5932397959183674,High Value,0,0
3006,18,Female,Clothing,Alaska,Spring,65,5,3.5,1,No,0,No,0,Venmo,Express,Weekly,7,0.6,Medium Engagement,0.32206632653061223,Low Value,0,0
3007,37,Female,Clothing,Utah,Summer,99,17,3.7,1,No,0,No,0,Venmo,Store Pickup,Bi-Weekly,6,0.5,Medium Engagement,0.657015306122449,High Value,0,0
3008,23,Female,Accessories,New York,Winter,60,31,3.0,1,No,0,No,0,Venmo,Next Day Air,Weekly,7,0.6,Medium Engagement,0.5561224489795918,Mid Value,0,0
3009,39,Female,Footwear,New Mexico,Winter,86,19,4.9,1,No,0,No,0,PayPal,Free Shipping,Weekly,7,0.6,Medium Engagement,0.5961734693877551,High Value,0,1
3010,62,Female,Accessories,Louisiana,Winter,73,8,4.6,1,No,0,No,0,Venmo,Free Shipping,Fortnightly,5,0.39999999999999997,Medium Engagement,0.40267857142857144,Low Value,0,1
3011,70,Female,Accessories,Ohio,Winter,45,15,3.3,1,No,0,No,0,Credit Card,Free Shipping,Annually,1,0.0,Low Engagement,0.29910714285714285,Low Value,0,0
3012,20,Female,Accessories,Nevada,Summer,70,18,3.0,1,No,0,No,0,Credit Card,Next Day Air,Every 3 Months,3,0.19999999999999998,Low Engagement,0.485969387755102,Mid Value,0,0
3013,42,Female,Accessories,Idaho,Fall,65,16,3.5,1,No,0,No,0,PayPal,Standard,Annually,1,0.0,Low Engagement,0.4343112244897959,Mid Value,0,0
3014,41,Female,Clothing,Arizona,Summer,55,13,4.2,1,No,0,No,0,Cash,Store Pickup,Monthly,4,0.3,Low Engagement,0.34119897959183676,Low Value,0,1
3015,24,Female,Clothing,Utah,Spring,65,38,4.5,1,No,0,No,0,PayPal,Express,Every 3 Months,3,0.19999999999999998,Low Engagement,0.6588010204081632,High Value,0,1
3016,37,Female,Accessories,Wyoming,Spring,21,27,2.8,1,No,0,No,0,Bank Transfer,Express,Bi-Weekly,6,0.5,Medium Engagement,0.2715561224489796,Low Value,0,0
3017,30,Female,Clothing,Indiana,Summer,26,31,4.9,1,No,0,No,0,Bank Transfer,Store Pickup,Quarterly,3,0.19999999999999998,Low Engagement,0.3436224489795918,Low Value,0,1
3018,58,Female,Accessories,Wisconsin,Summer,71,24,3.3,1,No,0,No,0,Cash,Next Day Air,Bi-Weekly,6,0.5,Medium Engagement,0.5534438775510204,Mid Value,0,0
3019,43,Female,Footwear,Texas,Summer,41,21,3.0,1,No,0,No,0,Debit Card,Free Shipping,Bi-Weekly,6,0.5,Medium Engagement,0.3353316326530612,Low Value,0,0
3020,19,Female,Outerwear,Utah,Winter,44,15,3.9,1,No,0,No,0,PayPal,2-Day Shipping,Annually,1,0.0,Low Engagement,0.2928571428571428,Low Value,0,0
3021,23,Female,Clothing,Arkansas,Fall,81,48,2.8,1,No,0,No,0,Venmo,Store Pickup,Every 3 Months,3,0.19999999999999998,Low Engagement,0.8608418367346938,High Value,0,0
3022,65,Female,Accessories,Pennsylvania,Summer,77,47,4.5,1,No,0,No,0,Cash,2-Day Shipping,Quarterly,3,0.19999999999999998,Low Engagement,0.8256377551020408,High Value,0,1
3023,58,Female,Footwear,Georgia,Fall,26,23,4.0,1,No,0,No,0,PayPal,Free Shipping,Weekly,7,0.6,Medium Engagement,0.26198979591836735,Low Value,0,1
3024,50,Female,Accessories,Indiana,Summer,31,4,2.9,1,No,0,No,0,PayPal,Express,Quarterly,3,0.19999999999999998,Low Engagement,0.0993622448979592,Low Value,0,0
3025,67,Female,Clothing,Idaho,Spring,82,47,4.0,1,No,0,No,0,Credit Card,Free Shipping,Every 3 Months,3,0.19999999999999998,Low Engagement,0.8568877551020408,High Value,0,1
3026,40,Female,Footwear,Montana,Summer,60,7,3.4,1,No,0,No,0,PayPal,Store Pickup,Monthly,4,0.3,Low Engagement,0.3112244897959184,Low Value,0,0
3027,55,Female,Clothing,Tennessee,Fall,70,6,2.5,1,No,0,No,0,Credit Card,Free Shipping,Annually,1,0.0,Low Engagement,0.3635204081632653,Low Value,0,0
3028,52,Female,Clothing,West Virginia,Winter,26,47,2.8,1,No,0,No,0,Credit Card,2-Day Shipping,Quarterly,3,0.19999999999999998,Low Engagement,0.5068877551020409,Mid Value,0,0
3029,62,Female,Clothing,California,Summer,100,7,3.0,1,No,0,No,0,PayPal,Free Shipping,Every 3 Months,3,0.19999999999999998,Low Engagement,0.5612244897959183,Mid Value,0,0
3030,64,Female,Clothing,Georgia,Summer,82,1,3.1,1,No,0,No,0,Debit Card,Free Shipping,Quarterly,3,0.19999999999999998,Low Engagement,0.3875,Low Value,0,0
3031,43,Female,Footwear,Maryland,Spring,24,23,2.6,1,No,0,No,0,Credit Card,2-Day Shipping,Weekly,7,0.6,Medium Engagement,0.24948979591836734,Low Value,0,0
3032,61,Female,Clothing,Idaho,Summer,74,30,4.9,1,No,0,No,0,Credit Card,2-Day Shipping,Monthly,4,0.3,Low Engagement,0.6334183673469388,High Value,0,1
3033,26,Female,Accessories,California,Summer,58,24,3.5,1,No,0,No,0,Credit Card,Next Day Air,Quarterly,3,0.19999999999999998,Low Engagement,0.4721938775510204,Mid Value,0,0
3034,22,Female,Clothing,Alabama,Spring,56,9,2.6,1,No,0,No,0,PayPal,Store Pickup,Weekly,7,0.6,Medium Engagement,0.3066326530612245,Low Value,0,0
3035,51,Female,Footwear,Utah,Spring,37,25,3.5,1,No,0,No,0,Credit Card,2-Day Shipping,Quarterly,3,0.19999999999999998,Low Engagement,0.3511479591836735,Low Value,0,0
3036,69,Female,Accessories,Kentucky,Spring,64,18,4.5,1,No,0,No,0,Cash,Free Shipping,Bi-Weekly,6,0.5,Medium Engagement,0.44846938775510203,Mid Value,0,1
3037,50,Female,Clothing,Vermont,Spring,58,7,4.3,1,No,0,No,0,Venmo,Next Day Air,Fortnightly,5,0.39999999999999997,Medium Engagement,0.29872448979591837,Low Value,0,1
3038,51,Female,Accessories,Iowa,Summer,44,2,4.8,1,No,0,No,0,Cash,Next Day Air,Annually,1,0.0,Low Engagement,0.16020408163265307,Low Value,0,1
3039,56,Female,Accessories,Georgia,Summer,39,36,4.2,1,No,0,No,0,Debit Card,Free Shipping,Annually,1,0.0,Low Engagement,0.4758928571428571,Mid Value,0,1
3040,59,Female,Clothing,Alabama,Spring,48,31,3.2,1,No,0,No,0,PayPal,Next Day Air,Bi-Weekly,6,0.5,Medium Engagement,0.48112244897959183,Mid Value,0,0
3041,18,Female,Accessories,Nebraska,Fall,32,10,4.1,1,No,0,No,0,Cash,Express,Fortnightly,5,0.39999999999999997,Medium Engagement,0.16683673469387755,Low Value,0,1
3042,48,Female,Accessories,Rhode Island,Winter,79,27,4.0,1,No,0,No,0,PayPal,Express,Monthly,4,0.3,Low Engagement,0.6340561224489796,High Value,0,1
3043,53,Female,Outerwear,South Dakota,Winter,27,14,2.9,1,No,0,No,0,PayPal,Next Day Air,Every 3 Months,3,0.19999999999999998,Low Engagement,0.1764030612244898,Low Value,0,0
3044,45,Female,Accessories,Illinois,Fall,98,17,2.6,1,No,0,No,0,Credit Card,Store Pickup,Monthly,4,0.3,Low Engagement,0.650765306122449,High Value,0,0
3045,21,Female,Footwear,North Carolina,Winter,67,10,2.7,1,No,0,No,0,Bank Transfer,Free Shipping,Quarterly,3,0.19999999999999998,Low Engagement,0.38558673469387755,Low Value,0,0
3046,42,Female,Clothing,Florida,Winter,37,4,4.6,1,No,0,No,0,PayPal,2-Day Shipping,Bi-Weekly,6,0.5,Medium Engagement,0.13686224489795917,Low Value,0,1
3047,60,Female,Footwear,Pennsylvania,Spring,49,25,3.2,1,No,0,No,0,Cash,Store Pickup,Every 3 Months,3,0.19999999999999998,Low Engagement,0.42614795918367343,Mid Value,0,0
3048,21,Female,Footwear,Vermont,Fall,74,3,4.1,1,No,0,No,0,PayPal,2-Day Shipping,Bi-Weekly,6,0.5,Medium Engagement,0.35790816326530617,Low Value,0,1
3049,69,Female,Accessories,Colorado,Summer,93,47,3.9,1,No,0,No,0,Venmo,Standard,Fortnightly,5,0.39999999999999997,Medium Engagement,0.9256377551020408,High Value,0,0
3050,40,Female,Accessories,Utah,Summer,60,41,3.0,1,No,0,No,0,Bank Transfer,Next Day Air,Bi-Weekly,6,0.5,Medium Engagement,0.6581632653061225,High Value,0,0
3051,31,Female,Outerwear,Kentucky,Spring,76,28,3.6,1,No,0,No,0,Venmo,Standard,Every 3 Months,3,0.19999999999999998,Low Engagement,0.6255102040816326,High Value,0,0
3052,44,Female,Accessories,Wyoming,Summer,64,49,4.6,1,No,0,No,0,Debit Card,Express,Every 3 Months,3,0.19999999999999998,Low Engagement,0.764795918367347,High Value,0,1
3053,48,Female,Footwear,Maine,Spring,38,7,4.5,1,No,0,No,0,Bank Transfer,Store Pickup,Fortnightly,5,0.39999999999999997,Medium Engagement,0.17372448979591837,Low Value,0,1
3054,32,Female,Footwear,Maine,Winter,91,22,3.2,1,No,0,No,0,Bank Transfer,Next Day Air,Monthly,4,0.3,Low Engagement,0.6580357142857143,High Value,0,0
3055,42,Female,Footwear,New Hampshire,Summer,70,34,4.9,1,No,0,No,0,Venmo,2-Day Shipping,Monthly,4,0.3,Low Engagement,0.6492346938775511,High Value,0,1
3056,27,Female,Footwear,Kansas,Fall,22,5,5.0,1,No,0,No,0,Debit Card,Standard,Bi-Weekly,6,0.5,Medium Engagement,0.053316326530612246,Low Value,0,1
3057,69,Female,Accessories,New Jersey,Spring,59,15,3.8,1,No,0,No,0,Cash,Standard,Bi-Weekly,6,0.5,Medium Engagement,0.3866071428571428,Low Value,0,0
3058,67,Female,Accessories,North Carolina,Spring,22,26,3.4,1,No,0,No,0,Bank Transfer,Next Day Air,Weekly,7,0.6,Medium Engagement,0.26760204081632655,Low Value,0,0
3059,41,Female,Accessories,West Virginia,Winter,74,3,3.8,1,No,0,No,0,Bank Transfer,Store Pickup,Fortnightly,5,0.39999999999999997,Medium Engagement,0.35790816326530617,Low Value,0,0
3060,46,Female,Clothing,Kentucky,Spring,71,42,3.2,1,No,0,No,0,Credit Card,Express,Quarterly,3,0.19999999999999998,Low Engagement,0.7371173469387755,High Value,0,0
3061,47,Female,Outerwear,California,Summer,80,1,4.7,1,No,0,No,0,Venmo,Store Pickup,Monthly,4,0.3,Low Engagement,0.375,Low Value,0,1
3062,33,Female,Clothing,South Dakota,Fall,59,20,4.5,1,No,0,No,0,PayPal,Express,Every 3 Months,3,0.19999999999999998,Low Engagement,0.4376275510204082,Mid Value,0,1
3063,51,Female,Accessories,California,Fall,96,39,3.3,1,No,0,No,0,PayPal,Standard,Monthly,4,0.3,Low Engagement,0.8627551020408163,High Value,0,0
3064,26,Female,Accessories,Connecticut,Winter,43,24,3.9,1,No,0,No,0,Credit Card,Store Pickup,Fortnightly,5,0.39999999999999997,Medium Engagement,0.3784438775510204,Low Value,0,0
3065,22,Female,Accessories,Idaho,Winter,76,49,3.6,1,No,0,No,0,Bank Transfer,Express,Quarterly,3,0.19999999999999998,Low Engagement,0.8397959183673469,High Value,0,0
3066,49,Female,Outerwear,North Dakota,Fall,59,7,2.8,1,No,0,No,0,Venmo,Store Pickup,Bi-Weekly,6,0.5,Medium Engagement,0.30497448979591835,Low Value,0,0
3067,58,Female,Clothing,Michigan,Summer,48,13,4.3,1,No,0,No,0,Venmo,Free Shipping,Every 3 Months,3,0.19999999999999998,Low Engagement,0.2974489795918367,Low Value,0,1
3068,70,Female,Accessories,Missouri,Spring,22,2,3.5,1,No,0,No,0,Cash,Free Shipping,Weekly,7,0.6,Medium Engagement,0.022704081632653063,Low Value,0,0
3069,32,Female,Footwear,California,Winter,40,4,4.2,1,No,0,No,0,Debit Card,Express,Weekly,7,0.6,Medium Engagement,0.1556122448979592,Low Value,0,1
3070,62,Female,Clothing,Delaware,Spring,73,17,4.6,1,No,0,No,0,Debit Card,Express,Quarterly,3,0.19999999999999998,Low Engagement,0.494515306122449,Mid Value,0,1
3071,52,Female,Footwear,Alabama,Fall,26,43,2.6,1,No,0,No,0,PayPal,Free Shipping,Bi-Weekly,6,0.5,Medium Engagement,0.4660714285714285,Mid Value,0,0
3072,23,Female,Clothing,New Hampshire,Spring,41,6,3.4,1,No,0,No,0,PayPal,Next Day Air,Monthly,4,0.3,Low Engagement,0.1822704081632653,Low Value,0,0
3073,26,Female,Accessories,New York,Spring,98,46,3.1,1,No,0,No,0,PayPal,Standard,Quarterly,3,0.19999999999999998,Low Engagement,0.9466836734693878,High Value,0,0
3074,58,Female,Clothing,Oregon,Winter,63,7,3.6,1,No,0,No,0,Debit Card,Free Shipping,Bi-Weekly,6,0.5,Medium Engagement,0.32997448979591837,Low Value,0,0
3075,26,Female,Footwear,Massachusetts,Winter,55,34,4.2,1,No,0,No,0,Debit Card,Next Day Air,Fortnightly,5,0.39999999999999997,Medium Engagement,0.5554846938775511,Mid Value,0,1
3076,54,Female,Clothing,Utah,Winter,90,21,3.6,1,No,0,No,0,PayPal,Standard,Every 3 Months,3,0.19999999999999998,Low Engagement,0.6415816326530612,High Value,0,0
3077,66,Female,Accessories,New Hampshire,Summer,46,13,3.6,1,No,0,No,0,Venmo,Express,Bi-Weekly,6,0.5,Medium Engagement,0.28494897959183674,Low Value,0,0
3078,60,Female,Clothing,Illinois,Spring,88,33,3.0,1,No,0,No,0,Debit Card,Store Pickup,Bi-Weekly,6,0.5,Medium Engagement,0.7515306122448979,High Value,0,0
3079,32,Female,Accessories,Alaska,Spring,95,24,2.5,1,No,0,No,0,Bank Transfer,2-Day Shipping,Bi-Weekly,6,0.5,Medium Engagement,0.7034438775510204,High Value,0,0
3080,48,Female,Accessories,Wyoming,Fall,31,4,4.0,1,No,0,No,0,Bank Transfer,Store Pickup,Annually,1,0.0,Low Engagement,0.0993622448979592,Low Value,0,1
3081,69,Female,Clothing,Colorado,Spring,42,5,4.1,1,No,0,No,0,Cash,Next Day Air,Bi-Weekly,6,0.5,Medium Engagement,0.17831632653061225,Low Value,0,1
3082,64,Female,Footwear,Vermont,Winter,44,11,4.9,1,No,0,No,0,Credit Card,Next Day Air,Weekly,7,0.6,Medium Engagement,0.25204081632653064,Low Value,0,1
3083,56,Female,Clothing,Utah,Spring,99,20,4.0,1,No,0,No,0,Bank Transfer,Next Day Air,Annually,1,0.0,Low Engagement,0.6876275510204082,High Value,0,1
3084,22,Female,Clothing,Illinois,Summer,20,28,3.5,1,No,0,No,0,PayPal,Store Pickup,Quarterly,3,0.19999999999999998,Low Engagement,0.2755102040816326,Low Value,0,0
3085,46,Female,Accessories,Idaho,Spring,37,43,3.2,1,No,0,No,0,PayPal,Store Pickup,Monthly,4,0.3,Low Engagement,0.5348214285714286,Mid Value,0,0
3086,24,Female,Clothing,Nevada,Winter,50,10,2.8,1,No,0,No,0,Venmo,Store Pickup,Every 3 Months,3,0.19999999999999998,Low Engagement,0.27933673469387754,Low Value,0,0
3087,47,Female,Accessories,Utah,Summer,73,26,3.5,1,No,0,No,0,Venmo,Next Day Air,Every 3 Months,3,0.19999999999999998,Low Engagement,0.5863520408163265,Mid Value,0,0
3088,62,Female,Clothing,North Carolina,Spring,84,29,3.1,1,No,0,No,0,Bank Transfer,Free Shipping,Monthly,4,0.3,Low Engagement,0.6857142857142857,High Value,0,0
3089,34,Female,Clothing,Arkansas,Spring,64,35,3.3,1,No,0,No,0,Bank Transfer,Store Pickup,Quarterly,3,0.19999999999999998,Low Engagement,0.6219387755102042,High Value,0,0
3090,50,Female,Footwear,North Carolina,Fall,21,23,4.6,1,No,0,No,0,Cash,Free Shipping,Bi-Weekly,6,0.5,Medium Engagement,0.23073979591836735,Low Value,0,1
3091,29,Female,Clothing,Texas,Summer,36,15,4.9,1,No,0,No,0,Bank Transfer,Store Pickup,Quarterly,3,0.19999999999999998,Low Engagement,0.24285714285714285,Low Value,0,1
3092,68,Female,Clothing,Nevada,Winter,81,46,3.4,1,No,0,No,0,Credit Card,2-Day Shipping,Annually,1,0.0,Low Engagement,0.8404336734693878,High Value,0,0
3093,52,Female,Accessories,Utah,Fall,54,14,3.5,1,No,0,No,0,Bank Transfer,Next Day Air,Bi-Weekly,6,0.5,Medium Engagement,0.3451530612244898,Low Value,0,0
3094,29,Female,Clothing,Pennsylvania,Summer,63,17,4.8,1,No,0,No,0,Cash,Store Pickup,Every 3 Months,3,0.19999999999999998,Low Engagement,0.432015306122449,Mid Value,0,1
3095,22,Female,Footwear,Georgia,Summer,59,9,2.7,1,No,0,No,0,Cash,Store Pickup,Weekly,7,0.6,Medium Engagement,0.3253826530612245,Low Value,0,0
3096,62,Female,Accessories,Minnesota,Fall,53,13,3.4,1,No,0,No,0,Venmo,Standard,Fortnightly,5,0.39999999999999997,Medium Engagement,0.3286989795918367,Low Value,0,0
3097,69,Female,Clothing,Kansas,Winter,63,20,3.5,1,No,0,No,0,Bank Transfer,Next Day Air,Monthly,4,0.3,Low Engagement,0.46262755102040815,Mid Value,0,0
3098,48,Female,Footwear,Delaware,Fall,33,39,3.7,1,No,0,No,0,Bank Transfer,Free Shipping,Quarterly,3,0.19999999999999998,Low Engagement,0.4690051020408163,Mid Value,0,0
3099,66,Female,Clothing,New Mexico,Summer,64,50,3.3,1,No,0,No,0,Bank Transfer,Next Day Air,Quarterly,3,0.19999999999999998,Low Engagement,0.775,High Value,0,0
3100,42,Female,Clothing,Michigan,Fall,98,21,2.9,1,No,0,No,0,Bank Transfer,Free Shipping,Bi-Weekly,6,0.5,Medium Engagement,0.6915816326530613,High Value,0,0
3101,50,Female,Accessories,Vermont,Winter,85,3,3.9,1,No,0,No,0,Bank Transfer,Express,Weekly,7,0.6,Medium Engagement,0.42665816326530615,Mid Value,0,0
3102,32,Female,Accessories,Idaho,Summer,82,9,2.7,1,No,0,No,0,PayPal,Express,Fortnightly,5,0.39999999999999997,Medium Engagement,0.4691326530612245,Mid Value,0,0
3103,51,Female,Outerwear,South Dakota,Summer,85,29,4.3,1,No,0,No,0,Cash,Standard,Bi-Weekly,6,0.5,Medium Engagement,0.6919642857142857,High Value,0,1
3104,27,Female,Clothing,Illinois,Winter,37,42,3.0,1,No,0,No,0,Bank Transfer,2-Day Shipping,Weekly,7,0.6,Medium Engagement,0.5246173469387755,Mid Value,0,0
3105,43,Female,Clothing,Georgia,Summer,56,41,5.0,1,No,0,No,0,Debit Card,2-Day Shipping,Fortnightly,5,0.39999999999999997,Medium Engagement,0.6331632653061224,High Value,0,1
3106,48,Female,Clothing,Oregon,Fall,33,17,2.7,1,No,0,No,0,Debit Card,Express,Monthly,4,0.3,Low Engagement,0.24451530612244898,Low Value,0,0
3107,62,Female,Footwear,Alabama,Winter,57,20,4.7,1,No,0,No,0,PayPal,Next Day Air,Annually,1,0.0,Low Engagement,0.42512755102040817,Mid Value,0,1
3108,65,Female,Clothing,Hawaii,Winter,31,18,4.6,1,No,0,No,0,Credit Card,Standard,Bi-Weekly,6,0.5,Medium Engagement,0.24221938775510204,Low Value,0,1
3109,50,Female,Clothing,Oregon,Fall,69,7,3.2,1,No,0,No,0,PayPal,2-Day Shipping,Monthly,4,0.3,Low Engagement,0.3674744897959184,Low Value,0,0
3110,60,Female,Outerwear,Illinois,Winter,92,47,4.3,1,No,0,No,0,Bank Transfer,Free Shipping,Fortnightly,5,0.39999999999999997,Medium Engagement,0.9193877551020408,High Value,0,1
3111,19,Female,Accessories,Texas,Fall,46,2,4.6,1,No,0,No,0,Bank Transfer,Next Day Air,Bi-Weekly,6,0.5,Medium Engagement,0.17270408163265308,Low Value,0,1
3112,21,Female,Accessories,Kansas,Spring,81,25,4.9,1,No,0,No,0,Debit Card,Free Shipping,Quarterly,3,0.19999999999999998,Low Engagement,0.6261479591836734,High Value,0,1
3113,19,Female,Clothing,Texas,Fall,97,26,3.8,1,No,0,No,0,Venmo,Express,Annually,1,0.0,Low Engagement,0.7363520408163265,High Value,0,0
3114,46,Female,Clothing,Nebraska,Summer,93,2,2.6,1,No,0,No,0,Debit Card,Express,Weekly,7,0.6,Medium Engagement,0.46645408163265306,Mid Value,0,0
3115,21,Female,Accessories,Arkansas,Spring,56,45,4.7,1,No,0,No,0,Venmo,Store Pickup,Bi-Weekly,6,0.5,Medium Engagement,0.6739795918367347,High Value,0,1
3116,26,Female,Accessories,South Dakota,Fall,53,9,4.1,1,No,0,No,0,Bank Transfer,Free Shipping,Bi-Weekly,6,0.5,Medium Engagement,0.28788265306122446,Low Value,0,1
3117,50,Female,Outerwear,Montana,Spring,66,1,3.7,1,No,0,No,0,Venmo,Store Pickup,Weekly,7,0.6,Medium Engagement,0.2875,Low Value,0,0
3118,43,Female,Clothing,Florida,Fall,50,4,3.0,1,No,0,No,0,PayPal,Free Shipping,Bi-Weekly,6,0.5,Medium Engagement,0.2181122448979592,Low Value,0,0
3119,61,Female,Clothing,Virginia,Summer,97,31,4.7,1,No,0,No,0,Debit Card,Standard,Quarterly,3,0.19999999999999998,Low Engagement,0.7873724489795919,High Value,0,1
3120,63,Female,Footwear,Louisiana,Winter,79,21,4.7,1,No,0,No,0,Credit Card,2-Day Shipping,Every 3 Months,3,0.19999999999999998,Low Engagement,0.5728316326530613,Mid Value,0,1
3121,46,Female,Clothing,Louisiana,Fall,76,32,4.0,1,No,0,No,0,Debit Card,Store Pickup,Fortnightly,5,0.39999999999999997,Medium Engagement,0.6663265306122449,High Value,0,1
3122,63,Female,Clothing,Louisiana,Fall,38,16,2.6,1,No,0,No,0,Venmo,Standard,Weekly,7,0.6,Medium Engagement,0.2655612244897959,Low Value,0,0
3123,23,Female,Clothing,Georgia,Fall,45,34,3.0,1,No,0,No,0,Credit Card,Express,Fortnightly,5,0.39999999999999997,Medium Engagement,0.492984693877551,Mid Value,0,0
3124,57,Female,Accessories,Iowa,Fall,77,40,3.3,1,No,0,No,0,Venmo,Next Day Air,Bi-Weekly,6,0.5,Medium Engagement,0.7542091836734695,High Value,0,0
3125,57,Female,Accessories,California,Summer,51,4,3.4,1,No,0,No,0,Cash,Standard,Every 3 Months,3,0.19999999999999998,Low Engagement,0.2243622448979592,Low Value,0,0
3126,33,Female,Outerwear,Oregon,Spring,26,3,4.0,1,No,0,No,0,Cash,Standard,Quarterly,3,0.19999999999999998,Low Engagement,0.05790816326530612,Low Value,0,1
3127,57,Female,Accessories,Maine,Winter,76,28,2.6,1,No,0,No,0,Bank Transfer,Store Pickup,Bi-Weekly,6,0.5,Medium Engagement,0.6255102040816326,High Value,0,0
3128,55,Female,Accessories,Louisiana,Winter,94,43,3.4,1,No,0,No,0,Credit Card,Free Shipping,Every 3 Months,3,0.19999999999999998,Low Engagement,0.8910714285714285,High Value,0,0
3129,65,Female,Outerwear,Arkansas,Fall,32,20,4.4,1,No,0,No,0,Cash,Standard,Annually,1,0.0,Low Engagement,0.26887755102040817,Low Value,0,1
3130,60,Female,Footwear,Maryland,Summer,20,40,4.7,1,No,0,No,0,Venmo,Express,Every 3 Months,3,0.19999999999999998,Low Engagement,0.3979591836734694,Low Value,0,1
3131,52,Female,Clothing,Vermont,Summer,20,34,4.5,1,No,0,No,0,Venmo,Store Pickup,Every 3 Months,3,0.19999999999999998,Low Engagement,0.336734693877551,Low Value,0,1
3132,34,Female,Outerwear,North Dakota,Fall,59,11,2.9,1,No,0,No,0,Bank Transfer,Store Pickup,Every 3 Months,3,0.19999999999999998,Low Engagement,0.34579081632653064,Low Value,0,0
3133,33,Female,Clothing,Michigan,Summer,97,26,4.2,1,No,0,No,0,Cash,Express,Quarterly,3,0.19999999999999998,Low Engagement,0.7363520408163265,High Value,0,1
3134,58,Female,Clothing,Arkansas,Spring,68,29,4.1,1,No,0,No,0,Cash,Next Day Air,Bi-Weekly,6,0.5,Medium Engagement,0.5857142857142856,Mid Value,0,1
3135,35,Female,Footwear,Kentucky,Spring,66,47,4.4,1,No,0,No,0,Bank Transfer,Store Pickup,Weekly,7,0.6,Medium Engagement,0.7568877551020408,High Value,0,1
3136,68,Female,Footwear,Indiana,Spring,85,48,4.7,1,No,0,No,0,Venmo,Free Shipping,Fortnightly,5,0.39999999999999997,Medium Engagement,0.8858418367346939,High Value,0,1
3137,58,Female,Clothing,Minnesota,Fall,32,29,3.1,1,No,0,No,0,Cash,Next Day Air,Bi-Weekly,6,0.5,Medium Engagement,0.3607142857142857,Low Value,0,0
3138,34,Female,Outerwear,Louisiana,Spring,44,14,2.7,1,No,0,No,0,Bank Transfer,2-Day Shipping,Monthly,4,0.3,Low Engagement,0.2826530612244898,Low Value,0,0
3139,47,Female,Clothing,Kentucky,Fall,95,40,4.6,1,No,0,No,0,Cash,Next Day Air,Every 3 Months,3,0.19999999999999998,Low Engagement,0.8667091836734694,High Value,0,1
3140,35,Female,Accessories,Georgia,Winter,85,4,4.4,1,No,0,No,0,Venmo,Next Day Air,Weekly,7,0.6,Medium Engagement,0.43686224489795916,Mid Value,0,1
3141,34,Female,Accessories,Alaska,Summer,44,37,4.6,1,No,0,No,0,Bank Transfer,Free Shipping,Weekly,7,0.6,Medium Engagement,0.5173469387755102,Mid Value,0,1
3142,36,Female,Accessories,Mississippi,Winter,30,47,4.9,1,No,0,No,0,Credit Card,Express,Bi-Weekly,6,0.5,Medium Engagement,0.5318877551020409,Mid Value,0,1
3143,23,Female,Footwear,Kansas,Winter,21,1,4.0,1,No,0,No,0,Venmo,2-Day Shipping,Quarterly,3,0.19999999999999998,Low Engagement,0.00625,Low Value,0,1
3144,68,Female,Clothing,Arizona,Summer,22,26,2.9,1,No,0,No,0,Cash,Store Pickup,Quarterly,3,0.19999999999999998,Low Engagement,0.26760204081632655,Low Value,0,0
3145,23,Female,Footwear,Maine,Spring,70,12,2.6,1,No,0,No,0,Debit Card,Free Shipping,Quarterly,3,0.19999999999999998,Low Engagement,0.4247448979591837,Mid Value,0,0
3146,57,Female,Accessories,Texas,Spring,29,16,4.6,1,No,0,No,0,PayPal,Standard,Fortnightly,5,0.39999999999999997,Medium Engagement,0.20931122448979592,Low Value,0,1
3147,21,Female,Clothing,Virginia,Winter,83,19,4.9,1,No,0,No,0,PayPal,Free Shipping,Annually,1,0.0,Low Engagement,0.5774234693877551,Mid Value,0,1
3148,45,Female,Clothing,North Dakota,Winter,99,21,4.3,1,No,0,No,0,Credit Card,Express,Weekly,7,0.6,Medium Engagement,0.6978316326530613,High Value,0,1
3149,37,Female,Clothing,West Virginia,Fall,35,15,4.3,1,No,0,No,0,Venmo,Free Shipping,Weekly,7,0.6,Medium Engagement,0.23660714285714285,Low Value,0,1
3150,18,Female,Accessories,North Carolina,Winter,40,9,4.6,1,No,0,No,0,Venmo,Free Shipping,Annually,1,0.0,Low Engagement,0.20663265306122447,Low Value,0,1
3151,55,Female,Clothing,Georgia,Spring,25,7,2.6,1,No,0,No,0,Bank Transfer,Express,Bi-Weekly,6,0.5,Medium Engagement,0.09247448979591837,Low Value,0,0
3152,52,Female,Clothing,New Mexico,Fall,64,47,3.1,1,No,0,No,0,Bank Transfer,2-Day Shipping,Quarterly,3,0.19999999999999998,Low Engagement,0.7443877551020408,High Value,0,0
3153,49,Female,Accessories,North Carolina,Fall,90,17,3.1,1,No,0,No,0,PayPal,Store Pickup,Monthly,4,0.3,Low Engagement,0.6007653061224489,High Value,0,0
3154,56,Female,Clothing,Alabama,Fall,88,46,3.1,1,No,0,No,0,Venmo,Next Day Air,Fortnightly,5,0.39999999999999997,Medium Engagement,0.8841836734693878,High Value,0,0
3155,27,Female,Accessories,Connecticut,Winter,55,32,4.4,1,No,0,No,0,Cash,Standard,Quarterly,3,0.19999999999999998,Low Engagement,0.5350765306122449,Mid Value,0,1
3156,22,Female,Accessories,Montana,Fall,90,34,4.3,1,No,0,No,0,Cash,Free Shipping,Annually,1,0.0,Low Engagement,0.7742346938775511,High Value,0,1
3157,18,Female,Clothing,Montana,Winter,50,18,3.1,1,No,0,No,0,Cash,2-Day Shipping,Monthly,4,0.3,Low Engagement,0.360969387755102,Low Value,0,0
3158,21,Female,Accessories,Maine,Fall,34,5,3.1,1,No,0,No,0,Debit Card,Store Pickup,Fortnightly,5,0.39999999999999997,Medium Engagement,0.12831632653061223,Low Value,0,0
3159,30,Female,Accessories,Mississippi,Winter,77,44,4.9,1,No,0,No,0,Credit Card,2-Day Shipping,Monthly,4,0.3,Low Engagement,0.7950255102040816,High Value,0,1
3160,62,Female,Accessories,Louisiana,Winter,89,4,2.9,1,No,0,No,0,Bank Transfer,Store Pickup,Quarterly,3,0.19999999999999998,Low Engagement,0.4618622448979592,Mid Value,0,0
3161,28,Female,Accessories,Nebraska,Fall,87,37,3.8,1,No,0,No,0,Cash,Next Day Air,Fortnightly,5,0.39999999999999997,Medium Engagement,0.7860969387755102,High Value,0,0
3162,66,Female,Clothing,Massachusetts,Winter,77,43,4.2,1,No,0,No,0,Cash,2-Day Shipping,Monthly,4,0.3,Low Engagement,0.7848214285714286,High Value,0,1
3163,66,Female,Footwear,Wisconsin,Winter,85,28,3.9,1,No,0,No,0,Bank Transfer,Standard,Quarterly,3,0.19999999999999998,Low Engagement,0.6817602040816326,High Value,0,0
3164,49,Female,Clothing,Nebraska,Summer,66,36,2.8,1,No,0,No,0,Cash,Express,Monthly,4,0.3,Low Engagement,0.6446428571428571,High Value,0,0
3165,40,Female,Clothing,Arizona,Winter,32,16,2.6,1,No,0,No,0,Credit Card,Standard,Annually,1,0.0,Low Engagement,0.22806122448979593,Low Value,0,0
3166,49,Female,Outerwear,Hawaii,Spring,92,38,3.0,1,No,0,No,0,Bank Transfer,Store Pickup,Every 3 Months,3,0.19999999999999998,Low Engagement,0.8275510204081633,High Value,0,0
3167,19,Female,Clothing,Georgia,Winter,80,37,2.7,1,No,0,No,0,Bank Transfer,Next Day Air,Fortnightly,5,0.39999999999999997,Medium Engagement,0.7423469387755102,High Value,0,0
3168,24,Female,Clothing,Oregon,Fall,78,9,2.8,1,No,0,No,0,Cash,2-Day Shipping,Bi-Weekly,6,0.5,Medium Engagement,0.44413265306122446,Mid Value,0,0
3169,31,Female,Clothing,Montana,Spring,24,14,2.9,1,No,0,No,0,PayPal,2-Day Shipping,Fortnightly,5,0.39999999999999997,Medium Engagement,0.1576530612244898,Low Value,0,0
3170,35,Female,Clothing,Georgia,Fall,59,3,3.8,1,No,0,No,0,Venmo,Free Shipping,Weekly,7,0.6,Medium Engagement,0.2641581632653061,Low Value,0,0
3171,65,Female,Accessories,Rhode Island,Spring,41,10,4.4,1,No,0,No,0,Credit Card,Express,Fortnightly,5,0.39999999999999997,Medium Engagement,0.22308673469387758,Low Value,0,1
3172,68,Female,Accessories,Tennessee,Spring,26,26,3.1,1,No,0,No,0,Bank Transfer,Express,Bi-Weekly,6,0.5,Medium Engagement,0.2926020408163265,Low Value,0,0
3173,57,Female,Clothing,Missouri,Fall,52,30,3.7,1,No,0,No,0,Debit Card,Standard,Bi-Weekly,6,0.5,Medium Engagement,0.4959183673469388,Mid Value,0,0
3174,69,Female,Clothing,Washington,Summer,46,32,4.9,1,No,0,No,0,PayPal,Next Day Air,Fortnightly,5,0.39999999999999997,Medium Engagement,0.4788265306122449,Mid Value,0,1
3175,45,Female,Clothing,Oklahoma,Winter,52,35,3.8,1,No,0,No,0,PayPal,Store Pickup,Monthly,4,0.3,Low Engagement,0.5469387755102041,Mid Value,0,0
3176,35,Female,Clothing,Connecticut,Fall,42,26,3.4,1,No,0,No,0,Debit Card,Store Pickup,Every 3 Months,3,0.19999999999999998,Low Engagement,0.39260204081632655,Low Value,0,0
3177,36,Female,Footwear,Arkansas,Spring,37,39,4.6,1,No,0,No,0,Credit Card,2-Day Shipping,Monthly,4,0.3,Low Engagement,0.4940051020408163,Mid Value,0,1
3178,55,Female,Accessories,Missouri,Fall,52,31,3.2,1,No,0,No,0,Credit Card,Standard,Monthly,4,0.3,Low Engagement,0.5061224489795919,Mid Value,0,0
3179,66,Female,Footwear,Washington,Spring,34,28,2.7,1,No,0,No,0,Credit Card,Free Shipping,Annually,1,0.0,Low Engagement,0.36301020408163265,Low Value,0,0
3180,57,Female,Clothing,Idaho,Spring,88,12,4.3,1,No,0,No,0,Debit Card,Free Shipping,Bi-Weekly,6,0.5,Medium Engagement,0.5372448979591836,Mid Value,0,1
3181,18,Female,Accessories,Montana,Fall,88,46,3.8,1,No,0,No,0,PayPal,Standard,Weekly,7,0.6,Medium Engagement,0.8841836734693878,High Value,0,0
3182,31,Female,Outerwear,Montana,Summer,51,27,4.4,1,No,0,No,0,PayPal,Free Shipping,Every 3 Months,3,0.19999999999999998,Low Engagement,0.45905612244897964,Mid Value,0,1
3183,50,Female,Accessories,Georgia,Fall,97,4,3.6,1,No,0,No,0,Credit Card,Free Shipping,Annually,1,0.0,Low Engagement,0.5118622448979592,Mid Value,0,0
3184,50,Female,Footwear,Mississippi,Winter,56,14,3.5,1,No,0,No,0,Cash,Standard,Every 3 Months,3,0.19999999999999998,Low Engagement,0.3576530612244898,Low Value,0,0
3185,61,Female,Clothing,Hawaii,Spring,53,30,4.2,1,No,0,No,0,Venmo,2-Day Shipping,Quarterly,3,0.19999999999999998,Low Engagement,0.5021683673469388,Mid Value,0,1
3186,52,Female,Clothing,Ohio,Fall,71,6,4.7,1,No,0,No,0,PayPal,Express,Annually,1,0.0,Low Engagement,0.3697704081632653,Low Value,0,1
3187,38,Female,Accessories,Virginia,Winter,93,43,4.8,1,No,0,No,0,Venmo,Store Pickup,Annually,1,0.0,Low Engagement,0.8848214285714285,High Value,0,1
3188,67,Female,Clothing,Texas,Winter,72,28,3.2,1,No,0,No,0,Debit Card,Free Shipping,Weekly,7,0.6,Medium Engagement,0.6005102040816326,High Value,0,0
3189,42,Female,Clothing,Vermont,Winter,59,39,3.5,1,No,0,No,0,Bank Transfer,Standard,Monthly,4,0.3,Low Engagement,0.6315051020408163,High Value,0,0
3190,25,Female,Footwear,Kansas,Summer,87,30,4.2,1,No,0,No,0,PayPal,Store Pickup,Bi-Weekly,6,0.5,Medium Engagement,0.7146683673469387,High Value,0,1
3191,41,Female,Clothing,California,Fall,78,5,3.4,1,No,0,No,0,Credit Card,Free Shipping,Fortnightly,5,0.39999999999999997,Medium Engagement,0.4033163265306122,Low Value,0,0
3192,62,Female,Clothing,Mississippi,Winter,68,42,4.7,1,No,0,No,0,Credit Card,Store Pickup,Every 3 Months,3,0.19999999999999998,Low Engagement,0.7183673469387755,High Value,0,1
3193,19,Female,Clothing,Iowa,Fall,76,20,3.0,1,No,0,No,0,Cash,Free Shipping,Fortnightly,5,0.39999999999999997,Medium Engagement,0.5438775510204081,Mid Value,0,0
3194,63,Female,Accessories,Virginia,Winter,99,35,4.0,1,No,0,No,0,Credit Card,Express,Fortnightly,5,0.39999999999999997,Medium Engagement,0.8406887755102042,High Value,0,1
3195,43,Female,Footwear,Maryland,Summer,52,10,4.6,1,No,0,No,0,Credit Card,Standard,Bi-Weekly,6,0.5,Medium Engagement,0.29183673469387755,Low Value,0,1
3196,68,Female,Accessories,Missouri,Spring,58,36,4.9,1,No,0,No,0,Credit Card,Next Day Air,Quarterly,3,0.19999999999999998,Low Engagement,0.5946428571428571,High Value,0,1
3197,24,Female,Accessories,Wisconsin,Winter,59,21,2.8,1,No,0,No,0,Debit Card,Express,Fortnightly,5,0.39999999999999997,Medium Engagement,0.44783163265306125,Mid Value,0,0
3198,27,Female,Clothing,Maine,Spring,71,29,3.2,1,No,0,No,0,Credit Card,Free Shipping,Every 3 Months,3,0.19999999999999998,Low Engagement,0.6044642857142857,High Value,0,0
3199,61,Female,Accessories,Pennsylvania,Winter,94,39,2.8,1,No,0,No,0,Debit Card,Free Shipping,Weekly,7,0.6,Medium Engagement,0.8502551020408163,High Value,0,0
3200,59,Female,Accessories,Maine,Winter,40,16,4.2,1,No,0,No,0,PayPal,Express,Monthly,4,0.3,Low Engagement,0.2780612244897959,Low Value,0,1
3201,67,Female,Clothing,Missouri,Spring,24,32,4.8,1,No,0,No,0,Credit Card,Free Shipping,Monthly,4,0.3,Low Engagement,0.34132653061224494,Low Value,0,1
3202,46,Female,Clothing,Vermont,Fall,38,34,2.8,1,No,0,No,0,Cash,2-Day Shipping,Monthly,4,0.3,Low Engagement,0.449234693877551,Mid Value,0,0
3203,65,Female,Accessories,Wisconsin,Fall,37,38,4.5,1,No,0,No,0,Venmo,Standard,Annually,1,0.0,Low Engagement,0.48380102040816325,Mid Value,0,1
3204,63,Female,Outerwear,New Jersey,Spring,29,14,4.1,1,No,0,No,0,Venmo,Express,Annually,1,0.0,Low Engagement,0.1889030612244898,Low Value,0,1
3205,57,Female,Outerwear,New Mexico,Fall,92,23,4.3,1,No,0,No,0,Debit Card,Free Shipping,Bi-Weekly,6,0.5,Medium Engagement,0.6744897959183673,High Value,0,1
3206,40,Female,Clothing,Colorado,Fall,24,50,4.4,1,No,0,No,0,Bank Transfer,2-Day Shipping,Every 3 Months,3,0.19999999999999998,Low Engagement,0.525,Mid Value,0,1
3207,36,Female,Footwear,California,Winter,52,49,3.0,1,No,0,No,0,PayPal,Free Shipping,Monthly,4,0.3,Low Engagement,0.689795918367347,High Value,0,0
3208,67,Female,Clothing,Arizona,Summer,29,14,2.7,1,No,0,No,0,PayPal,Next Day Air,Annually,1,0.0,Low Engagement,0.1889030612244898,Low Value,0,0
3209,61,Female,Accessories,Indiana,Winter,30,42,3.3,1,No,0,No,0,PayPal,2-Day Shipping,Weekly,7,0.6,Medium Engagement,0.48086734693877553,Mid Value,0,0
3210,64,Female,Footwear,Arkansas,Fall,31,39,4.3,1,No,0,No,0,Debit Card,Standard,Annually,1,0.0,Low Engagement,0.4565051020408163,Mid Value,0,1
3211,30,Female,Clothing,Nevada,Summer,67,43,2.9,1,No,0,No,0,Venmo,Express,Bi-Weekly,6,0.5,Medium Engagement,0.7223214285714286,High Value,0,0
3212,53,Female,Clothing,Rhode Island,Winter,65,12,4.9,1,No,0,No,0,Cash,Standard,Monthly,4,0.3,Low Engagement,0.3934948979591837,Low Value,0,1
3213,27,Female,Footwear,Wyoming,Winter,22,21,3.6,1,No,0,No,0,Debit Card,2-Day Shipping,Weekly,7,0.6,Medium Engagement,0.21658163265306124,Low Value,0,0
3214,27,Female,Accessories,Texas,Winter,56,33,3.3,1,No,0,No,0,Credit Card,Standard,Monthly,4,0.3,Low Engagement,0.551530612244898,Mid Value,0,0
3215,53,Female,Clothing,Washington,Spring,78,6,3.1,1,No,0,No,0,Debit Card,Free Shipping,Annually,1,0.0,Low Engagement,0.4135204081632653,Mid Value,0,0
3216,34,Female,Outerwear,Rhode Island,Summer,90,10,2.7,1,No,0,No,0,PayPal,Free Shipping,Every 3 Months,3,0.19999999999999998,Low Engagement,0.5293367346938775,Mid Value,0,0
3217,39,Female,Clothing,Illinois,Winter,85,18,3.4,1,No,0,No,0,Cash,Next Day Air,Weekly,7,0.6,Medium Engagement,0.579719387755102,Mid Value,0,0
3218,44,Female,Accessories,Oregon,Fall,58,46,3.4,1,No,0,No,0,Venmo,Express,Weekly,7,0.6,Medium Engagement,0.6966836734693878,High Value,0,0
3219,37,Female,Clothing,Florida,Fall,34,49,3.9,1,No,0,No,0,PayPal,Express,Monthly,4,0.3,Low Engagement,0.577295918367347,Mid Value,0,0
3220,57,Female,Outerwear,Kansas,Summer,40,39,3.5,1,No,0,No,0,Credit Card,2-Day Shipping,Weekly,7,0.6,Medium Engagement,0.5127551020408163,Mid Value,0,0
3221,38,Female,Accessories,North Dakota,Fall,29,16,4.1,1,No,0,No,0,Cash,Free Shipping,Monthly,4,0.3,Low Engagement,0.20931122448979592,Low Value,0,1
3222,21,Female,Clothing,New Hampshire,Winter,76,28,3.2,1,No,0,No,0,Cash,Standard,Annually,1,0.0,Low Engagement,0.6255102040816326,High Value,0,0
3223,45,Female,Accessories,Texas,Fall,84,22,4.6,1,No,0,No,0,PayPal,Store Pickup,Quarterly,3,0.19999999999999998,Low Engagement,0.6142857142857143,High Value,0,1
3224,68,Female,Clothing,Montana,Spring,65,36,3.9,1,No,0,No,0,Venmo,Standard,Bi-Weekly,6,0.5,Medium Engagement,0.6383928571428572,High Value,0,0
3225,37,Female,Clothing,Delaware,Winter,80,18,2.7,1,No,0,No,0,PayPal,Free Shipping,Monthly,4,0.3,Low Engagement,0.548469387755102,Mid Value,0,0
3226,53,Female,Clothing,New Hampshire,Fall,98,31,3.0,1,No,0,No,0,Credit Card,Store Pickup,Weekly,7,0.6,Medium Engagement,0.7936224489795918,High Value,0,0
3227,57,Female,Footwear,Minnesota,Spring,71,38,3.3,1,No,0,No,0,Bank Transfer,Next Day Air,Fortnightly,5,0.39999999999999997,Medium Engagement,0.6963010204081632,High Value,0,0
3228,28,Female,Accessories,Alaska,Fall,69,42,2.7,1,No,0,No,0,Debit Card,Free Shipping,Quarterly,3,0.19999999999999998,Low Engagement,0.7246173469387756,High Value,0,0
3229,37,Female,Accessories,Connecticut,Spring,95,27,4.6,1,No,0,No,0,PayPal,2-Day Shipping,Annually,1,0.0,Low Engagement,0.7340561224489797,High Value,0,1
3230,54,Female,Clothing,Connecticut,Fall,67,24,2.7,1,No,0,No,0,Cash,Express,Monthly,4,0.3,Low Engagement,0.5284438775510204,Mid Value,0,0
3231,49,Female,Footwear,Kansas,Summer,49,38,2.5,1,No,0,No,0,Debit Card,Next Day Air,Annually,1,0.0,Low Engagement,0.5588010204081633,Mid Value,0,0
3232,62,Female,Footwear,Nevada,Winter,97,9,4.4,1,No,0,No,0,Credit Card,Free Shipping,Annually,1,0.0,Low Engagement,0.5628826530612245,Mid Value,0,1
3233,45,Female,Clothing,Massachusetts,Spring,34,19,4.0,1,No,0,No,0,Bank Transfer,Next Day Air,Monthly,4,0.3,Low Engagement,0.2711734693877551,Low Value,0,1
3234,45,Female,Accessories,Indiana,Fall,74,11,3.8,1,No,0,No,0,Debit Card,Express,Bi-Weekly,6,0.5,Medium Engagement,0.43954081632653064,Mid Value,0,0
3235,49,Female,Accessories,Washington,Winter,96,16,2.5,1,No,0,No,0,Debit Card,2-Day Shipping,Quarterly,3,0.19999999999999998,Low Engagement,0.6280612244897958,High Value,0,0
3236,27,Female,Accessories,Kansas,Summer,68,18,4.0,1,No,0,No,0,Venmo,Free Shipping,Monthly,4,0.3,Low Engagement,0.47346938775510206,Mid Value,0,1
3237,63,Female,Accessories,South Carolina,Fall,84,8,4.1,1,No,0,No,0,Cash,Next Day Air,Monthly,4,0.3,Low Engagement,0.4714285714285714,Mid Value,0,1
3238,61,Female,Clothing,Vermont,Summer,57,4,2.8,1,No,0,No,0,Cash,Express,Weekly,7,0.6,Medium Engagement,0.2618622448979592,Low Value,0,0
3239,25,Female,Footwear,Wyoming,Fall,84,37,3.4,1,No,0,No,0,Cash,2-Day Shipping,Quarterly,3,0.19999999999999998,Low Engagement,0.7673469387755103,High Value,0,0
3240,33,Female,Accessories,Colorado,Fall,32,30,2.7,1,No,0,No,0,Cash,2-Day Shipping,Monthly,4,0.3,Low Engagement,0.3709183673469388,Low Value,0,0
3241,56,Female,Footwear,West Virginia,Fall,37,37,3.8,1,No,0,No,0,Bank Transfer,2-Day Shipping,Monthly,4,0.3,Low Engagement,0.47359693877551023,Mid Value,0,0
3242,50,Female,Accessories,Connecticut,Summer,58,30,4.4,1,No,0,No,0,PayPal,Store Pickup,Quarterly,3,0.19999999999999998,Low Engagement,0.5334183673469388,Mid Value,0,1
3243,45,Female,Clothing,Oregon,Fall,74,17,2.8,1,No,0,No,0,Venmo,Express,Weekly,7,0.6,Medium Engagement,0.500765306122449,Mid Value,0,0
3244,45,Female,Clothing,Idaho,Summer,99,11,5.0,1,No,0,No,0,Bank Transfer,Store Pickup,Every 3 Months,3,0.19999999999999998,Low Engagement,0.5957908163265306,High Value,0,1
3245,65,Female,Clothing,Arkansas,Fall,81,42,4.7,1,No,0,No,0,Credit Card,Express,Annually,1,0.0,Low Engagement,0.7996173469387755,High Value,0,1
3246,63,Female,Clothing,Kansas,Fall,76,20,3.2,1,No,0,No,0,Cash,Next Day Air,Weekly,7,0.6,Medium Engagement,0.5438775510204081,Mid Value,0,0
3247,70,Female,Footwear,Michigan,Summer,98,37,2.9,1,No,0,No,0,Cash,Store Pickup,Monthly,4,0.3,Low Engagement,0.8548469387755102,High Value,0,0
3248,53,Female,Accessories,Arkansas,Summer,91,12,3.7,1,No,0,No,0,PayPal,Express,Fortnightly,5,0.39999999999999997,Medium Engagement,0.5559948979591837,Mid Value,0,0
3249,22,Female,Clothing,Pennsylvania,Summer,79,41,4.2,1,No,0,No,0,Bank Transfer,Free Shipping,Quarterly,3,0.19999999999999998,Low Engagement,0.7769132653061225,High Value,0,1
3250,26,Female,Accessories,Virginia,Summer,83,32,3.4,1,No,0,No,0,Credit Card,Express,Quarterly,3,0.19999999999999998,Low Engagement,0.710076530612245,High Value,0,0
3251,23,Female,Outerwear,Minnesota,Spring,90,15,2.9,1,No,0,No,0,Venmo,2-Day Shipping,Weekly,7,0.6,Medium Engagement,0.5803571428571428,Mid Value,0,0
3252,25,Female,Outerwear,Nevada,Winter,20,39,3.7,1,No,0,No,0,Venmo,Standard,Quarterly,3,0.19999999999999998,Low Engagement,0.3877551020408163,Low Value,0,0
3253,69,Female,Footwear,Montana,Spring,21,48,2.7,1,No,0,No,0,Credit Card,Store Pickup,Fortnightly,5,0.39999999999999997,Medium Engagement,0.48584183673469383,Mid Value,0,0
3254,36,Female,Accessories,Nebraska,Fall,60,8,3.2,1,No,0,No,0,Venmo,2-Day Shipping,Fortnightly,5,0.39999999999999997,Medium Engagement,0.3214285714285714,Low Value,0,0
3255,21,Female,Clothing,Indiana,Winter,31,11,4.9,1,No,0,No,0,Bank Transfer,Store Pickup,Every 3 Months,3,0.19999999999999998,Low Engagement,0.17079081632653062,Low Value,0,1
3256,57,Female,Clothing,New Jersey,Fall,40,36,2.8,1,No,0,No,0,Bank Transfer,Next Day Air,Monthly,4,0.3,Low Engagement,0.48214285714285715,Mid Value,0,0
3257,60,Female,Accessories,Wisconsin,Winter,26,50,4.7,1,No,0,No,0,Venmo,Free Shipping,Every 3 Months,3,0.19999999999999998,Low Engagement,0.5375,Mid Value,0,1
3258,44,Female,Clothing,Minnesota,Fall,98,39,3.3,1,No,0,No,0,Venmo,Express,Every 3 Months,3,0.19999999999999998,Low Engagement,0.8752551020408164,High Value,0,0
3259,31,Female,Footwear,New Jersey,Spring,51,11,4.3,1,No,0,No,0,Credit Card,Express,Bi-Weekly,6,0.5,Medium Engagement,0.2957908163265306,Low Value,0,1
3260,57,Female,Accessories,Oklahoma,Fall,95,5,3.7,1,No,0,No,0,Debit Card,2-Day Shipping,Every 3 Months,3,0.19999999999999998,Low Engagement,0.5095663265306123,Mid Value,0,0
3261,39,Female,Accessories,Wisconsin,Summer,36,7,4.5,1,No,0,No,0,Credit Card,2-Day Shipping,Annually,1,0.0,Low Engagement,0.16122448979591836,Low Value,0,1
3262,48,Female,Accessories,Rhode Island,Winter,52,50,3.4,1,No,0,No,0,Debit Card,Store Pickup,Weekly,7,0.6,Medium Engagement,0.7,High Value,0,0
3263,42,Female,Clothing,Indiana,Spring,35,21,2.7,1,No,0,No,0,Cash,Standard,Every 3 Months,3,0.19999999999999998,Low Engagement,0.29783163265306123,Low Value,0,0
3264,56,Female,Clothing,Vermont,Fall,68,31,4.4,1,No,0,No,0,Debit Card,Express,Fortnightly,5,0.39999999999999997,Medium Engagement,0.6061224489795918,High Value,0,1
3265,28,Female,Clothing,Maine,Winter,50,39,4.0,1,No,0,No,0,Cash,Express,Bi-Weekly,6,0.5,Medium Engagement,0.5752551020408163,Mid Value,0,1
3266,40,Female,Accessories,Alabama,Winter,100,28,3.2,1,No,0,No,0,Credit Card,Express,Fortnightly,5,0.39999999999999997,Medium Engagement,0.7755102040816326,High Value,0,0
3267,49,Female,Outerwear,Alabama,Winter,74,33,4.2,1,No,0,No,0,Bank Transfer,Next Day Air,Weekly,7,0.6,Medium Engagement,0.664030612244898,High Value,0,1
3268,37,Female,Clothing,Idaho,Winter,45,42,3.0,1,No,0,No,0,Credit Card,Store Pickup,Quarterly,3,0.19999999999999998,Low Engagement,0.5746173469387755,Mid Value,0,0
3269,22,Female,Clothing,Arkansas,Fall,97,5,2.8,1,No,0,No,0,Bank Transfer,Free Shipping,Every 3 Months,3,0.19999999999999998,Low Engagement,0.5220663265306122,Mid Value,0,0
3270,27,Female,Clothing,Ohio,Winter,60,25,4.9,1,No,0,No,0,Cash,Express,Monthly,4,0.3,Low Engagement,0.49489795918367346,Mid Value,0,1
3271,59,Female,Clothing,Illinois,Winter,25,48,4.7,1,No,0,No,0,PayPal,Express,Annually,1,0.0,Low Engagement,0.5108418367346939,Mid Value,0,1
3272,35,Female,Clothing,Nevada,Spring,55,30,4.4,1,No,0,No,0,Credit Card,Standard,Weekly,7,0.6,Medium Engagement,0.5146683673469388,Mid Value,0,1
3273,58,Female,Footwear,Texas,Winter,99,34,3.1,1,No,0,No,0,PayPal,Next Day Air,Quarterly,3,0.19999999999999998,Low Engagement,0.830484693877551,High Value,0,0
3274,58,Female,Accessories,Nevada,Summer,45,34,2.6,1,No,0,No,0,PayPal,Free Shipping,Every 3 Months,3,0.19999999999999998,Low Engagement,0.492984693877551,Mid Value,0,0
3275,46,Female,Clothing,Oklahoma,Spring,20,14,3.9,1,No,0,No,0,Cash,Store Pickup,Fortnightly,5,0.39999999999999997,Medium Engagement,0.1326530612244898,Low Value,0,0
3276,43,Female,Clothing,Alabama,Summer,88,2,2.6,1,No,0,No,0,Debit Card,2-Day Shipping,Weekly,7,0.6,Medium Engagement,0.43520408163265306,Mid Value,0,0
3277,39,Female,Accessories,South Dakota,Summer,99,41,4.0,1,No,0,No,0,PayPal,Store Pickup,Every 3 Months,3,0.19999999999999998,Low Engagement,0.9019132653061225,High Value,0,1
3278,59,Female,Clothing,Texas,Spring,86,3,4.9,1,No,0,No,0,Credit Card,Store Pickup,Monthly,4,0.3,Low Engagement,0.4329081632653061,Mid Value,0,1
3279,59,Female,Clothing,Montana,Summer,70,18,3.3,1,No,0,No,0,Bank Transfer,2-Day Shipping,Weekly,7,0.6,Medium Engagement,0.485969387755102,Mid Value,0,0
3280,59,Female,Accessories,Wyoming,Fall,50,1,3.0,1,No,0,No,0,Debit Card,Express,Fortnightly,5,0.39999999999999997,Medium Engagement,0.1875,Low Value,0,0
3281,45,Female,Accessories,New York,Winter,57,5,2.7,1,No,0,No,0,PayPal,Next Day Air,Monthly,4,0.3,Low Engagement,0.27206632653061225,Low Value,0,0
3282,27,Female,Clothing,Oregon,Winter,69,41,3.1,1,No,0,No,0,Bank Transfer,Free Shipping,Annually,1,0.0,Low Engagement,0.7144132653061225,High Value,0,0
3283,24,Female,Clothing,California,Fall,94,5,4.8,1,No,0,No,0,Credit Card,Next Day Air,Monthly,4,0.3,Low Engagement,0.5033163265306123,Mid Value,0,1
3284,47,Female,Outerwear,North Carolina,Spring,24,10,2.9,1,No,0,No,0,Debit Card,Express,Every 3 Months,3,0.19999999999999998,Low Engagement,0.11683673469387756,Low Value,0,0
3285,70,Female,Accessories,Kentucky,Spring,79,20,4.5,1,No,0,No,0,Venmo,2-Day Shipping,Annually,1,0.0,Low Engagement,0.5626275510204082,Mid Value,0,1
3286,58,Female,Accessories,Hawaii,Fall,31,11,4.6,1,No,0,No,0,Cash,Free Shipping,Weekly,7,0.6,Medium Engagement,0.17079081632653062,Low Value,0,1
3287,45,Female,Outerwear,Illinois,Winter,67,4,5.0,1,No,0,No,0,Venmo,Express,Fortnightly,5,0.39999999999999997,Medium Engagement,0.3243622448979592,Low Value,0,1
3288,24,Female,Clothing,West Virginia,Spring,63,38,4.3,1,No,0,No,0,Credit Card,2-Day Shipping,Weekly,7,0.6,Medium Engagement,0.6463010204081632,High Value,0,1
3289,67,Female,Accessories,South Carolina,Spring,61,19,4.9,1,No,0,No,0,Credit Card,Next Day Air,Bi-Weekly,6,0.5,Medium Engagement,0.43992346938775506,Mid Value,0,1
3290,31,Female,Accessories,Montana,Summer,50,16,4.0,1,No,0,No,0,Venmo,2-Day Shipping,Every 3 Months,3,0.19999999999999998,Low Engagement,0.3405612244897959,Low Value,0,1
3291,52,Female,Outerwear,North Dakota,Spring,82,2,3.1,1,No,0,No,0,PayPal,Free Shipping,Monthly,4,0.3,Low Engagement,0.3977040816326531,Low Value,0,0
3292,29,Female,Accessories,New Mexico,Fall,51,11,2.6,1,No,0,No,0,Cash,2-Day Shipping,Monthly,4,0.3,Low Engagement,0.2957908163265306,Low Value,0,0
3293,62,Female,Accessories,Missouri,Spring,23,18,4.9,1,No,0,No,0,Bank Transfer,Standard,Fortnightly,5,0.39999999999999997,Medium Engagement,0.19221938775510203,Low Value,0,1
3294,19,Female,Outerwear,West Virginia,Spring,91,47,3.5,1,No,0,No,0,Credit Card,2-Day Shipping,Fortnightly,5,0.39999999999999997,Medium Engagement,0.9131377551020408,High Value,0,0
3295,62,Female,Clothing,South Carolina,Spring,60,15,4.5,1,No,0,No,0,Bank Transfer,Store Pickup,Bi-Weekly,6,0.5,Medium Engagement,0.39285714285714285,Low Value,0,1
3296,70,Female,Clothing,West Virginia,Summer,34,15,2.8,1,No,0,No,0,Cash,Next Day Air,Weekly,7,0.6,Medium Engagement,0.23035714285714284,Low Value,0,0
3297,20,Female,Clothing,Alaska,Spring,23,47,4.2,1,No,0,No,0,Venmo,Next Day Air,Quarterly,3,0.19999999999999998,Low Engagement,0.4881377551020408,Mid Value,0,1
3298,67,Female,Accessories,West Virginia,Fall,82,47,4.1,1,No,0,No,0,PayPal,Free Shipping,Monthly,4,0.3,Low Engagement,0.8568877551020408,High Value,0,1
3299,65,Female,Outerwear,New Mexico,Fall,73,6,3.5,1,No,0,No,0,Bank Transfer,Express,Every 3 Months,3,0.19999999999999998,Low Engagement,0.3822704081632653,Low Value,0,0
3300,45,Female,Clothing,South Dakota,Spring,32,18,4.0,1,No,0,No,0,Venmo,2-Day Shipping,Monthly,4,0.3,Low Engagement,0.24846938775510202,Low Value,0,1
3301,26,Female,Accessories,Oklahoma,Spring,80,40,4.0,1,No,0,No,0,Bank Transfer,Express,Bi-Weekly,6,0.5,Medium Engagement,0.7729591836734694,High Value,0,1
3302,36,Female,Clothing,Oklahoma,Summer,58,31,2.5,1,No,0,No,0,Credit Card,Free Shipping,Fortnightly,5,0.39999999999999997,Medium Engagement,0.5436224489795918,Mid Value,0,0
3303,36,Female,Clothing,Alabama,Winter,82,31,4.2,1,No,0,No,0,Venmo,Standard,Bi-Weekly,6,0.5,Medium Engagement,0.6936224489795919,High Value,0,1
3304,20,Female,Accessories,Mississippi,Summer,60,4,3.4,1,No,0,No,0,Credit Card,Next Day Air,Fortnightly,5,0.39999999999999997,Medium Engagement,0.28061224489795916,Low Value,0,0
3305,30,Female,Accessories,Mississippi,Fall,79,36,4.8,1,No,0,No,0,Bank Transfer,Next Day Air,Every 3 Months,3,0.19999999999999998,Low Engagement,0.7258928571428571,High Value,0,1
3306,34,Female,Clothing,Nebraska,Summer,41,31,4.9,1,No,0,No,0,PayPal,Standard,Bi-Weekly,6,0.5,Medium Engagement,0.4373724489795918,Mid Value,0,1
3307,63,Female,Outerwear,Colorado,Summer,39,6,3.6,1,No,0,No,0,Venmo,Store Pickup,Fortnightly,5,0.39999999999999997,Medium Engagement,0.1697704081632653,Low Value,0,0
3308,18,Female,Accessories,Pennsylvania,Winter,36,1,4.0,1,No,0,No,0,Cash,Store Pickup,Monthly,4,0.3,Low Engagement,0.1,Low Value,0,1
3309,55,Female,Clothing,Utah,Fall,70,29,2.6,1,No,0,No,0,Cash,Express,Monthly,4,0.3,Low Engagement,0.5982142857142857,High Value,0,0
3310,48,Female,Accessories,Massachusetts,Summer,47,19,3.1,1,No,0,No,0,PayPal,Store Pickup,Monthly,4,0.3,Low Engagement,0.35242346938775515,Low Value,0,0
3311,45,Female,Outerwear,Iowa,Winter,27,12,3.6,1,No,0,No,0,PayPal,Free Shipping,Fortnightly,5,0.39999999999999997,Medium Engagement,0.15599489795918367,Low Value,0,0
3312,29,Female,Accessories,Florida,Summer,52,18,4.0,1,No,0,No,0,Bank Transfer,Express,Annually,1,0.0,Low Engagement,0.3734693877551021,Low Value,0,1
3313,55,Female,Footwear,Louisiana,Summer,75,45,3.9,1,No,0,No,0,Cash,Next Day Air,Quarterly,3,0.19999999999999998,Low Engagement,0.7927295918367347,High Value,0,0
3314,55,Female,Accessories,Kansas,Fall,30,45,3.9,1,No,0,No,0,Credit Card,Express,Monthly,4,0.3,Low Engagement,0.5114795918367347,Mid Value,0,0
3315,55,Female,Clothing,Kansas,Spring,94,8,3.3,1,No,0,No,0,Credit Card,Standard,Quarterly,3,0.19999999999999998,Low Engagement,0.5339285714285714,Mid Value,0,0
3316,48,Female,Accessories,Kentucky,Summer,68,4,2.9,1,No,0,No,0,PayPal,Standard,Every 3 Months,3,0.19999999999999998,Low Engagement,0.33061224489795915,Low Value,0,0
3317,42,Female,Clothing,New Mexico,Summer,45,5,3.1,1,No,0,No,0,Debit Card,Free Shipping,Fortnightly,5,0.39999999999999997,Medium Engagement,0.19706632653061223,Low Value,0,0
3318,21,Female,Accessories,North Carolina,Summer,67,30,4.7,1,No,0,No,0,Cash,Standard,Quarterly,3,0.19999999999999998,Low Engagement,0.5896683673469387,High Value,0,1
3319,45,Female,Outerwear,North Dakota,Summer,46,15,3.9,1,No,0,No,0,PayPal,Free Shipping,Monthly,4,0.3,Low Engagement,0.3053571428571429,Low Value,0,0
3320,23,Female,Clothing,North Dakota,Summer,31,17,4.3,1,No,0,No,0,Credit Card,Next Day Air,Every 3 Months,3,0.19999999999999998,Low Engagement,0.23201530612244897,Low Value,0,1
3321,66,Female,Clothing,Illinois,Fall,44,45,4.2,1,No,0,No,0,Cash,2-Day Shipping,Every 3 Months,3,0.19999999999999998,Low Engagement,0.5989795918367347,High Value,0,1
3322,32,Female,Outerwear,Maine,Winter,100,3,4.3,1,No,0,No,0,Venmo,Next Day Air,Annually,1,0.0,Low Engagement,0.5204081632653061,Mid Value,0,1
3323,52,Female,Clothing,Indiana,Winter,92,43,4.6,1,No,0,No,0,PayPal,Next Day Air,Weekly,7,0.6,Medium Engagement,0.8785714285714286,High Value,0,1
3324,54,Female,Accessories,North Dakota,Winter,78,4,3.8,1,No,0,No,0,Credit Card,Free Shipping,Monthly,4,0.3,Low Engagement,0.39311224489795915,Low Value,0,0
3325,37,Female,Clothing,Missouri,Fall,32,41,3.3,1,No,0,No,0,Venmo,Standard,Weekly,7,0.6,Medium Engagement,0.48316326530612247,Mid Value,0,0
3326,29,Female,Footwear,Alaska,Fall,97,16,3.7,1,No,0,No,0,Venmo,2-Day Shipping,Monthly,4,0.3,Low Engagement,0.6343112244897959,High Value,0,0
3327,47,Female,Accessories,North Dakota,Summer,95,10,4.3,1,No,0,No,0,Debit Card,Standard,Annually,1,0.0,Low Engagement,0.5605867346938775,Mid Value,0,1
3328,47,Female,Clothing,Connecticut,Spring,64,2,4.1,1,No,0,No,0,Debit Card,Express,Quarterly,3,0.19999999999999998,Low Engagement,0.2852040816326531,Low Value,0,1
3329,42,Female,Footwear,Wisconsin,Spring,35,11,3.2,1,No,0,No,0,Cash,Free Shipping,Bi-Weekly,6,0.5,Medium Engagement,0.19579081632653061,Low Value,0,0
3330,34,Female,Accessories,New Jersey,Winter,54,1,3.8,1,No,0,No,0,Debit Card,Express,Bi-Weekly,6,0.5,Medium Engagement,0.2125,Low Value,0,0
3331,38,Female,Footwear,Missouri,Spring,96,41,3.2,1,No,0,No,0,Bank Transfer,2-Day Shipping,Quarterly,3,0.19999999999999998,Low Engagement,0.8831632653061224,High Value,0,0
3332,55,Female,Accessories,California,Summer,58,39,3.5,1,No,0,No,0,PayPal,Free Shipping,Quarterly,3,0.19999999999999998,Low Engagement,0.6252551020408164,High Value,0,0
3333,27,Female,Clothing,Washington,Summer,23,1,3.1,1,No,0,No,0,PayPal,2-Day Shipping,Bi-Weekly,6,0.5,Medium Engagement,0.01875,Low Value,0,0
3334,55,Female,Clothing,Minnesota,Spring,35,3,4.2,1,No,0,No,0,PayPal,Express,Monthly,4,0.3,Low Engagement,0.11415816326530612,Low Value,0,1
3335,66,Female,Clothing,California,Summer,23,21,3.4,1,No,0,No,0,Credit Card,Free Shipping,Annually,1,0.0,Low Engagement,0.22283163265306122,Low Value,0,0
3336,44,Female,Accessories,Texas,Winter,94,48,3.5,1,No,0,No,0,Bank Transfer,Express,Quarterly,3,0.19999999999999998,Low Engagement,0.9420918367346939,High Value,0,0
3337,39,Female,Clothing,Montana,Fall,45,24,4.0,1,No,0,No,0,Debit Card,Free Shipping,Annually,1,0.0,Low Engagement,0.39094387755102045,Low Value,0,1
3338,23,Female,Outerwear,Arizona,Winter,23,45,4.4,1,No,0,No,0,Bank Transfer,2-Day Shipping,Bi-Weekly,6,0.5,Medium Engagement,0.4677295918367347,Mid Value,0,1
3339,29,Female,Clothing,Minnesota,Winter,94,46,2.9,1,No,0,No,0,Credit Card,2-Day Shipping,Monthly,4,0.3,Low Engagement,0.9216836734693878,High Value,0,0
3340,20,Female,Accessories,Nebraska,Fall,99,35,3.6,1,No,0,No,0,Cash,Store Pickup,Fortnightly,5,0.39999999999999997,Medium Engagement,0.8406887755102042,High Value,0,0
3341,42,Female,Clothing,Virginia,Fall,36,47,4.4,1,No,0,No,0,Credit Card,Free Shipping,Fortnightly,5,0.39999999999999997,Medium Engagement,0.5693877551020409,Mid Value,0,1
3342,55,Female,Outerwear,Connecticut,Summer,50,35,4.5,1,No,0,No,0,Credit Card,Standard,Monthly,4,0.3,Low Engagement,0.534438775510204,Mid Value,0,1
3343,66,Female,Outerwear,New Jersey,Spring,81,45,3.8,1,No,0,No,0,Credit Card,Free Shipping,Weekly,7,0.6,Medium Engagement,0.8302295918367346,High Value,0,0
3344,24,Female,Clothing,Kentucky,Winter,31,6,3.6,1,No,0,No,0,Cash,2-Day Shipping,Bi-Weekly,6,0.5,Medium Engagement,0.11977040816326531,Low Value,0,0
3345,62,Female,Accessories,Washington,Fall,48,20,4.3,1,No,0,No,0,Cash,Free Shipping,Annually,1,0.0,Low Engagement,0.36887755102040815,Low Value,0,1
3346,28,Female,Accessories,Florida,Summer,91,3,4.0,1,No,0,No,0,Venmo,2-Day Shipping,Bi-Weekly,6,0.5,Medium Engagement,0.4641581632653061,Mid Value,0,1
3347,30,Female,Clothing,Oklahoma,Summer,99,30,3.4,1,No,0,No,0,Venmo,Express,Quarterly,3,0.19999999999999998,Low Engagement,0.7896683673469388,High Value,0,0
3348,22,Female,Footwear,Iowa,Summer,70,28,4.4,1,No,0,No,0,PayPal,Standard,Bi-Weekly,6,0.5,Medium Engagement,0.5880102040816326,High Value,0,1
3349,28,Female,Clothing,New Hampshire,Winter,74,15,2.8,1,No,0,No,0,Cash,Standard,Every 3 Months,3,0.19999999999999998,Low Engagement,0.48035714285714287,Mid Value,0,0
3350,35,Female,Accessories,Georgia,Fall,79,29,2.8,1,No,0,No,0,PayPal,Store Pickup,Quarterly,3,0.19999999999999998,Low Engagement,0.6544642857142857,High Value,0,0
3351,45,Female,Accessories,Mississippi,Fall,33,15,4.9,1,No,0,No,0,Cash,2-Day Shipping,Bi-Weekly,6,0.5,Medium Engagement,0.22410714285714284,Low Value,0,1
3352,43,Female,Clothing,New Hampshire,Spring,49,18,4.2,1,No,0,No,0,Bank Transfer,2-Day Shipping,Fortnightly,5,0.39999999999999997,Medium Engagement,0.35471938775510203,Low Value,0,1
3353,55,Female,Accessories,Washington,Summer,96,7,2.9,1,No,0,No,0,Bank Transfer,Next Day Air,Bi-Weekly,6,0.5,Medium Engagement,0.5362244897959183,Mid Value,0,0
3354,31,Female,Clothing,Ohio,Fall,66,19,4.6,1,No,0,No,0,Credit Card,Free Shipping,Every 3 Months,3,0.19999999999999998,Low Engagement,0.47117346938775506,Mid Value,0,1
3355,42,Female,Clothing,Maryland,Fall,45,15,2.8,1,No,0,No,0,PayPal,Next Day Air,Weekly,7,0.6,Medium Engagement,0.29910714285714285,Low Value,0,0
3356,40,Female,Clothing,Delaware,Spring,28,3,2.6,1,No,0,No,0,Bank Transfer,Store Pickup,Bi-Weekly,6,0.5,Medium Engagement,0.07040816326530612,Low Value,0,0
3357,39,Female,Clothing,Tennessee,Summer,48,13,3.5,1,No,0,No,0,PayPal,Store Pickup,Bi-Weekly,6,0.5,Medium Engagement,0.2974489795918367,Low Value,0,0
3358,41,Female,Clothing,Arkansas,Winter,67,37,3.5,1,No,0,No,0,Credit Card,Free Shipping,Monthly,4,0.3,Low Engagement,0.6610969387755102,High Value,0,0
3359,56,Female,Clothing,Tennessee,Fall,59,26,3.4,1,No,0,No,0,Cash,2-Day Shipping,Annually,1,0.0,Low Engagement,0.4988520408163265,Mid Value,0,0
3360,43,Female,Accessories,New Hampshire,Fall,74,29,3.9,1,No,0,No,0,Debit Card,Next Day Air,Monthly,4,0.3,Low Engagement,0.6232142857142857,High Value,0,0
3361,22,Female,Outerwear,Minnesota,Spring,81,47,3.3,1,No,0,No,0,Cash,2-Day Shipping,Every 3 Months,3,0.19999999999999998,Low Engagement,0.8506377551020408,High Value,0,0
3362,47,Female,Footwear,Florida,Spring,26,47,4.1,1,No,0,No,0,Credit Card,Free Shipping,Bi-Weekly,6,0.5,Medium Engagement,0.5068877551020409,Mid Value,0,1
3363,50,Female,Accessories,Tennessee,Summer,61,48,3.0,1,No,0,No,0,Venmo,Next Day Air,Fortnightly,5,0.39999999999999997,Medium Engagement,0.7358418367346938,High Value,0,0
3364,58,Female,Clothing,California,Winter,23,46,3.0,1,No,0,No,0,Bank Transfer,Next Day Air,Bi-Weekly,6,0.5,Medium Engagement,0.47793367346938775,Mid Value,0,0
3365,50,Female,Accessories,Oregon,Fall,33,7,3.2,1,No,0,No,0,Credit Card,Standard,Monthly,4,0.3,Low Engagement,0.14247448979591837,Low Value,0,0
3366,43,Female,Clothing,Tennessee,Fall,58,45,3.9,1,No,0,No,0,Credit Card,Express,Every 3 Months,3,0.19999999999999998,Low Engagement,0.6864795918367347,High Value,0,0
3367,38,Female,Accessories,North Carolina,Spring,65,47,3.6,1,No,0,No,0,Debit Card,2-Day Shipping,Quarterly,3,0.19999999999999998,Low Engagement,0.7506377551020409,High Value,0,0
3368,44,Female,Clothing,Tennessee,Summer,48,6,3.1,1,No,0,No,0,Venmo,Store Pickup,Fortnightly,5,0.39999999999999997,Medium Engagement,0.2260204081632653,Low Value,0,0
3369,30,Female,Footwear,Nebraska,Spring,25,29,4.8,1,No,0,No,0,Bank Transfer,Express,Every 3 Months,3,0.19999999999999998,Low Engagement,0.3169642857142857,Low Value,0,1
3370,47,Female,Clothing,Maine,Winter,51,42,3.8,1,No,0,No,0,Cash,2-Day Shipping,Monthly,4,0.3,Low Engagement,0.6121173469387755,High Value,0,0
3371,30,Female,Accessories,Illinois,Summer,31,46,2.8,1,No,0,No,0,Cash,Store Pickup,Fortnightly,5,0.39999999999999997,Medium Engagement,0.5279336734693878,Mid Value,0,0
3372,49,Female,Clothing,Colorado,Winter,99,28,4.0,1,No,0,No,0,PayPal,Next Day Air,Annually,1,0.0,Low Engagement,0.7692602040816326,High Value,0,1
3373,56,Female,Clothing,Pennsylvania,Winter,25,14,4.6,1,No,0,No,0,Credit Card,Free Shipping,Every 3 Months,3,0.19999999999999998,Low Engagement,0.1639030612244898,Low Value,0,1
3374,70,Female,Footwear,Minnesota,Spring,52,12,3.5,1,No,0,No,0,Debit Card,Store Pickup,Every 3 Months,3,0.19999999999999998,Low Engagement,0.3122448979591837,Low Value,0,0
3375,22,Female,Clothing,Nevada,Spring,47,41,3.7,1,No,0,No,0,Debit Card,2-Day Shipping,Annually,1,0.0,Low Engagement,0.5769132653061224,Mid Value,0,0
3376,51,Female,Footwear,Connecticut,Fall,98,8,4.9,1,No,0,No,0,Credit Card,Express,Annually,1,0.0,Low Engagement,0.5589285714285714,Mid Value,0,1
3377,22,Female,Accessories,Ohio,Winter,46,24,4.1,1,No,0,No,0,Cash,Store Pickup,Quarterly,3,0.19999999999999998,Low Engagement,0.3971938775510204,Low Value,0,1
3378,37,Female,Clothing,Kentucky,Winter,32,18,4.6,1,No,0,No,0,PayPal,Next Day Air,Fortnightly,5,0.39999999999999997,Medium Engagement,0.24846938775510202,Low Value,0,1
3379,49,Female,Clothing,Minnesota,Fall,75,6,4.5,1,No,0,No,0,Cash,Next Day Air,Quarterly,3,0.19999999999999998,Low Engagement,0.3947704081632653,Low Value,0,1
3380,61,Female,Accessories,Tennessee,Summer,51,40,5.0,1,No,0,No,0,Cash,Store Pickup,Weekly,7,0.6,Medium Engagement,0.5917091836734694,High Value,0,1
3381,41,Female,Clothing,North Dakota,Summer,52,6,3.8,1,No,0,No,0,PayPal,Standard,Every 3 Months,3,0.19999999999999998,Low Engagement,0.2510204081632653,Low Value,0,0
3382,57,Female,Accessories,Minnesota,Winter,66,27,4.7,1,No,0,No,0,Credit Card,Standard,Quarterly,3,0.19999999999999998,Low Engagement,0.5528061224489795,Mid Value,0,1
3383,34,Female,Clothing,Nebraska,Spring,35,2,2.8,1,No,0,No,0,Bank Transfer,Express,Weekly,7,0.6,Medium Engagement,0.10395408163265306,Low Value,0,0
3384,27,Female,Outerwear,Delaware,Fall,43,39,2.6,1,No,0,No,0,Venmo,Next Day Air,Bi-Weekly,6,0.5,Medium Engagement,0.5315051020408164,Mid Value,0,0
3385,39,Female,Clothing,Minnesota,Summer,24,9,3.8,1,No,0,No,0,Venmo,Free Shipping,Quarterly,3,0.19999999999999998,Low Engagement,0.10663265306122449,Low Value,0,0
3386,62,Female,Accessories,Rhode Island,Winter,83,16,2.8,1,No,0,No,0,Credit Card,Standard,Every 3 Months,3,0.19999999999999998,Low Engagement,0.5468112244897959,Mid Value,0,0
3387,34,Female,Clothing,Michigan,Fall,62,36,2.6,1,No,0,No,0,Cash,2-Day Shipping,Quarterly,3,0.19999999999999998,Low Engagement,0.6196428571428572,High Value,0,0
3388,53,Female,Clothing,New Jersey,Spring,78,2,3.4,1,No,0,No,0,Credit Card,2-Day Shipping,Bi-Weekly,6,0.5,Medium Engagement,0.37270408163265306,Low Value,0,0
3389,35,Female,Clothing,South Dakota,Spring,61,21,4.5,1,No,0,No,0,Credit Card,Store Pickup,Weekly,7,0.6,Medium Engagement,0.4603316326530612,Mid Value,0,1
3390,38,Female,Clothing,North Carolina,Fall,57,39,3.8,1,No,0,No,0,Venmo,Free Shipping,Annually,1,0.0,Low Engagement,0.6190051020408163,High Value,0,0
3391,32,Female,Clothing,Oregon,Summer,70,38,3.0,1,No,0,No,0,PayPal,Next Day Air,Annually,1,0.0,Low Engagement,0.6900510204081632,High Value,0,0
3392,47,Female,Clothing,Montana,Fall,57,6,3.7,1,No,0,No,0,Debit Card,2-Day Shipping,Every 3 Months,3,0.19999999999999998,Low Engagement,0.2822704081632653,Low Value,0,0
3393,53,Female,Accessories,New Jersey,Winter,74,6,4.4,1,No,0,No,0,Venmo,Free Shipping,Bi-Weekly,6,0.5,Medium Engagement,0.38852040816326533,Low Value,0,1
3394,60,Female,Clothing,Arizona,Fall,90,50,3.1,1,No,0,No,0,Debit Card,Next Day Air,Monthly,4,0.3,Low Engagement,0.9375,High Value,0,0
3395,31,Female,Footwear,Vermont,Spring,98,9,4.2,1,No,0,No,0,PayPal,Store Pickup,Annually,1,0.0,Low Engagement,0.5691326530612245,Mid Value,0,1
3396,44,Female,Clothing,Colorado,Winter,43,15,3.1,1,No,0,No,0,Debit Card,Free Shipping,Every 3 Months,3,0.19999999999999998,Low Engagement,0.28660714285714284,Low Value,0,0
3397,29,Female,Clothing,Tennessee,Winter,37,5,5.0,1,No,0,No,0,PayPal,Next Day Air,Quarterly,3,0.19999999999999998,Low Engagement,0.14706632653061225,Low Value,0,1
3398,19,Female,Clothing,New Jersey,Summer,38,13,2.7,1,No,0,No,0,Bank Transfer,Standard,Bi-Weekly,6,0.5,Medium Engagement,0.23494897959183675,Low Value,0,0
3399,54,Female,Clothing,Montana,Winter,60,44,3.8,1,No,0,No,0,Cash,Standard,Fortnightly,5,0.39999999999999997,Medium Engagement,0.6887755102040816,High Value,0,0
3400,40,Female,Clothing,Montana,Winter,55,36,3.3,1,No,0,No,0,Debit Card,Standard,Annually,1,0.0,Low Engagement,0.5758928571428572,Mid Value,0,0
3401,39,Female,Accessories,Nevada,Fall,51,18,4.8,1,No,0,No,0,Venmo,Free Shipping,Fortnightly,5,0.39999999999999997,Medium Engagement,0.36721938775510204,Low Value,0,1
3402,44,Female,Accessories,Nevada,Winter,71,39,3.4,1,No,0,No,0,Credit Card,Standard,Weekly,7,0.6,Medium Engagement,0.7065051020408163,High Value,0,0
3403,22,Female,Clothing,Louisiana,Spring,61,11,4.4,1,No,0,No,0,PayPal,2-Day Shipping,Every 3 Months,3,0.19999999999999998,Low Engagement,0.3582908163265306,Low Value,0,1
3404,30,Female,Footwear,Illinois,Summer,65,1,3.9,1,No,0,No,0,Cash,Standard,Bi-Weekly,6,0.5,Medium Engagement,0.28125,Low Value,0,0
3405,69,Female,Accessories,South Carolina,Fall,34,34,3.9,1,No,0,No,0,Credit Card,2-Day Shipping,Annually,1,0.0,Low Engagement,0.424234693877551,Mid Value,0,0
3406,28,Female,Clothing,Washington,Summer,87,47,4.2,1,No,0,No,0,Bank Transfer,Store Pickup,Bi-Weekly,6,0.5,Medium Engagement,0.8881377551020408,High Value,0,1
3407,57,Female,Clothing,Nebraska,Spring,79,24,4.0,1,No,0,No,0,Venmo,Store Pickup,Quarterly,3,0.19999999999999998,Low Engagement,0.6034438775510205,High Value,0,1
3408,46,Female,Clothing,Alabama,Spring,46,20,2.6,1,No,0,No,0,Cash,Store Pickup,Quarterly,3,0.19999999999999998,Low Engagement,0.35637755102040813,Low Value,0,0
3409,48,Female,Clothing,Montana,Summer,72,11,4.4,1,No,0,No,0,Bank Transfer,Standard,Annually,1,0.0,Low Engagement,0.4270408163265306,Mid Value,0,1
3410,24,Female,Clothing,Minnesota,Summer,93,3,3.2,1,No,0,No,0,Credit Card,Next Day Air,Every 3 Months,3,0.19999999999999998,Low Engagement,0.47665816326530613,Mid Value,0,0
3411,50,Female,Footwear,Ohio,Summer,76,38,4.3,1,No,0,No,0,Bank Transfer,Free Shipping,Bi-Weekly,6,0.5,Medium Engagement,0.7275510204081632,High Value,0,1
3412,29,Female,Footwear,New York,Winter,56,45,4.9,1,No,0,No,0,Cash,2-Day Shipping,Weekly,7,0.6,Medium Engagement,0.6739795918367347,High Value,0,1
3413,61,Female,Footwear,Indiana,Fall,83,31,3.8,1,No,0,No,0,Venmo,Store Pickup,Quarterly,3,0.19999999999999998,Low Engagement,0.6998724489795918,High Value,0,0
3414,34,Female,Accessories,Delaware,Winter,90,16,2.5,1,No,0,No,0,PayPal,Express,Bi-Weekly,6,0.5,Medium Engagement,0.590561224489796,High Value,0,0
3415,27,Female,Footwear,Connecticut,Spring,94,3,4.9,1,No,0,No,0,Bank Transfer,Next Day Air,Quarterly,3,0.19999999999999998,Low Engagement,0.48290816326530617,Mid Value,0,1
3416,38,Female,Clothing,New York,Fall,68,15,3.0,1,No,0,No,0,Bank Transfer,2-Day Shipping,Annually,1,0.0,Low Engagement,0.44285714285714284,Mid Value,0,0
3417,25,Female,Footwear,Alabama,Spring,53,11,3.2,1,No,0,No,0,Bank Transfer,Store Pickup,Every 3 Months,3,0.19999999999999998,Low Engagement,0.3082908163265306,Low Value,0,0
3418,54,Female,Outerwear,Massachusetts,Summer,35,22,2.9,1,No,0,No,0,Debit Card,2-Day Shipping,Fortnightly,5,0.39999999999999997,Medium Engagement,0.3080357142857143,Low Value,0,0
3419,53,Female,Outerwear,South Carolina,Summer,30,35,2.8,1,No,0,No,0,Debit Card,Free Shipping,Annually,1,0.0,Low Engagement,0.4094387755102041,Mid Value,0,0
3420,23,Female,Accessories,West Virginia,Winter,26,5,3.1,1,No,0,No,0,Venmo,Store Pickup,Bi-Weekly,6,0.5,Medium Engagement,0.07831632653061224,Low Value,0,0
3421,19,Female,Accessories,Kentucky,Winter,60,35,3.4,1,No,0,No,0,PayPal,Express,Bi-Weekly,6,0.5,Medium Engagement,0.596938775510204,High Value,0,0
3422,57,Female,Footwear,New Jersey,Summer,30,27,2.9,1,No,0,No,0,PayPal,Free Shipping,Weekly,7,0.6,Medium Engagement,0.3278061224489796,Low Value,0,0
3423,19,Female,Outerwear,New York,Winter,91,9,3.2,1,No,0,No,0,Venmo,Next Day Air,Monthly,4,0.3,Low Engagement,0.5253826530612244,Mid Value,0,0
3424,33,Female,Footwear,Massachusetts,Spring,71,21,3.8,1,No,0,No,0,PayPal,Next Day Air,Bi-Weekly,6,0.5,Medium Engagement,0.5228316326530612,Mid Value,0,0
3425,33,Female,Accessories,Florida,Summer,64,23,3.6,1,No,0,No,0,Credit Card,2-Day Shipping,Monthly,4,0.3,Low Engagement,0.4994897959183674,Mid Value,0,0
3426,38,Female,Accessories,Michigan,Summer,54,3,4.3,1,No,0,No,0,Debit Card,Next Day Air,Bi-Weekly,6,0.5,Medium Engagement,0.2329081632653061,Low Value,0,1
3427,47,Female,Clothing,Oregon,Fall,35,31,4.8,1,No,0,No,0,Credit Card,2-Day Shipping,Annually,1,0.0,Low Engagement,0.39987244897959184,Low Value,0,1
3428,39,Female,Clothing,Michigan,Winter,38,44,2.5,1,No,0,No,0,Cash,Store Pickup,Annually,1,0.0,Low Engagement,0.5512755102040816,Mid Value,0,0
3429,32,Female,Accessories,Washington,Fall,69,20,2.5,1,No,0,No,0,Venmo,Next Day Air,Monthly,4,0.3,Low Engagement,0.5001275510204082,Mid Value,0,0
3430,27,Female,Clothing,Alaska,Winter,96,34,4.6,1,No,0,No,0,Debit Card,Express,Weekly,7,0.6,Medium Engagement,0.8117346938775509,High Value,0,1
3431,67,Female,Clothing,Montana,Winter,73,17,4.2,1,No,0,No,0,Bank Transfer,Next Day Air,Every 3 Months,3,0.19999999999999998,Low Engagement,0.494515306122449,Mid Value,0,1
3432,46,Female,Accessories,New Mexico,Summer,49,20,4.2,1,No,0,No,0,Venmo,Express,Annually,1,0.0,Low Engagement,0.3751275510204082,Low Value,0,1
3433,36,Female,Footwear,Connecticut,Summer,44,46,4.8,1,No,0,No,0,PayPal,2-Day Shipping,Every 3 Months,3,0.19999999999999998,Low Engagement,0.6091836734693877,High Value,0,1
3434,62,Female,Clothing,Alaska,Spring,93,28,4.5,1,No,0,No,0,PayPal,Free Shipping,Annually,1,0.0,Low Engagement,0.7317602040816327,High Value,0,1
3435,31,Female,Clothing,Ohio,Summer,72,6,3.3,1,No,0,No,0,Venmo,2-Day Shipping,Fortnightly,5,0.39999999999999997,Medium Engagement,0.3760204081632653,Low Value,0,0
3436,68,Female,Clothing,Montana,Summer,91,50,2.7,1,No,0,No,0,Debit Card,2-Day Shipping,Bi-Weekly,6,0.5,Medium Engagement,0.94375,High Value,0,0
3437,57,Female,Accessories,Nebraska,Winter,83,41,2.8,1,No,0,No,0,Bank Transfer,2-Day Shipping,Monthly,4,0.3,Low Engagement,0.8019132653061225,High Value,0,0
3438,22,Female,Outerwear,Oklahoma,Winter,62,50,3.5,1,No,0,No,0,PayPal,2-Day Shipping,Annually,1,0.0,Low Engagement,0.7625,High Value,0,0
3439,26,Female,Clothing,Kentucky,Fall,71,33,3.0,1,No,0,No,0,Credit Card,Store Pickup,Monthly,4,0.3,Low Engagement,0.645280612244898,High Value,0,0
3440,43,Female,Accessories,Idaho,Summer,93,25,4.5,1,No,0,No,0,Venmo,Express,Quarterly,3,0.19999999999999998,Low Engagement,0.7011479591836735,High Value,0,1
3441,45,Female,Accessories,Maryland,Fall,63,2,4.3,1,No,0,No,0,PayPal,2-Day Shipping,Weekly,7,0.6,Medium Engagement,0.27895408163265306,Low Value,0,1
3442,64,Female,Clothing,Tennessee,Fall,96,15,4.1,1,No,0,No,0,Credit Card,Standard,Annually,1,0.0,Low Engagement,0.6178571428571429,High Value,0,1
3443,28,Female,Clothing,Michigan,Spring,78,12,4.3,1,No,0,No,0,PayPal,Next Day Air,Weekly,7,0.6,Medium Engagement,0.4747448979591837,Mid Value,0,1
3444,47,Female,Clothing,Tennessee,Summer,24,28,5.0,1,No,0,No,0,Cash,Free Shipping,Bi-Weekly,6,0.5,Medium Engagement,0.30051020408163265,Low Value,0,1
3445,53,Female,Clothing,Rhode Island,Summer,63,12,3.8,1,No,0,No,0,Bank Transfer,2-Day Shipping,Bi-Weekly,6,0.5,Medium Engagement,0.3809948979591837,Low Value,0,0
3446,42,Female,Accessories,Florida,Fall,58,3,4.9,1,No,0,No,0,Debit Card,Standard,Annually,1,0.0,Low Engagement,0.25790816326530613,Low Value,0,1
3447,51,Female,Footwear,Louisiana,Spring,55,20,5.0,1,No,0,No,0,Cash,2-Day Shipping,Weekly,7,0.6,Medium Engagement,0.41262755102040816,Mid Value,0,1
3448,62,Female,Footwear,Arkansas,Fall,58,3,4.3,1,No,0,No,0,Bank Transfer,Express,Bi-Weekly,6,0.5,Medium Engagement,0.25790816326530613,Low Value,0,1
3449,18,Female,Outerwear,Kentucky,Winter,28,32,4.1,1,No,0,No,0,Bank Transfer,Express,Fortnightly,5,0.39999999999999997,Medium Engagement,0.3663265306122449,Low Value,0,1
3450,48,Female,Clothing,Kansas,Spring,37,35,4.5,1,No,0,No,0,Cash,Standard,Monthly,4,0.3,Low Engagement,0.4531887755102041,Mid Value,0,1
3451,20,Female,Clothing,Vermont,Spring,78,31,3.6,1,No,0,No,0,PayPal,Store Pickup,Monthly,4,0.3,Low Engagement,0.6686224489795918,High Value,0,0
3452,32,Female,Clothing,Nevada,Fall,73,13,3.0,1,No,0,No,0,Credit Card,Free Shipping,Annually,1,0.0,Low Engagement,0.4536989795918367,Mid Value,0,0
3453,26,Female,Outerwear,Oklahoma,Spring,20,3,3.7,1,No,0,No,0,Venmo,Next Day Air,Fortnightly,5,0.39999999999999997,Medium Engagement,0.02040816326530612,Low Value,0,0
3454,31,Female,Clothing,Alabama,Winter,60,48,4.3,1,No,0,No,0,Venmo,Standard,Bi-Weekly,6,0.5,Medium Engagement,0.7295918367346939,High Value,0,1
3455,55,Female,Accessories,Louisiana,Fall,71,15,4.6,1,No,0,No,0,PayPal,Store Pickup,Bi-Weekly,6,0.5,Medium Engagement,0.4616071428571428,Mid Value,0,1
3456,49,Female,Clothing,Ohio,Fall,89,13,4.7,1,No,0,No,0,Venmo,Standard,Annually,1,0.0,Low Engagement,0.5536989795918368,Mid Value,0,1
3457,42,Female,Clothing,Texas,Fall,53,21,4.6,1,No,0,No,0,Venmo,Express,Monthly,4,0.3,Low Engagement,0.4103316326530612,Mid Value,0,1
3458,64,Female,Accessories,Maryland,Summer,87,29,3.0,1,No,0,No,0,Cash,Express,Fortnightly,5,0.39999999999999997,Medium Engagement,0.7044642857142858,High Value,0,0
3459,68,Female,Accessories,West Virginia,Spring,37,24,3.4,1,No,0,No,0,Venmo,Standard,Quarterly,3,0.19999999999999998,Low Engagement,0.3409438775510204,Low Value,0,0
3460,68,Female,Clothing,Ohio,Fall,37,21,3.8,1,No,0,No,0,PayPal,Express,Annually,1,0.0,Low Engagement,0.31033163265306124,Low Value,0,0
3461,41,Female,Accessories,Indiana,Spring,78,5,3.1,1,No,0,No,0,Bank Transfer,Express,Bi-Weekly,6,0.5,Medium Engagement,0.4033163265306122,Low Value,0,0
3462,51,Female,Footwear,Wyoming,Spring,23,47,4.4,1,No,0,No,0,Cash,Standard,Quarterly,3,0.19999999999999998,Low Engagement,0.4881377551020408,Mid Value,0,1
3463,44,Female,Clothing,Michigan,Spring,73,34,4.5,1,No,0,No,0,Credit Card,Standard,Every 3 Months,3,0.19999999999999998,Low Engagement,0.667984693877551,High Value,0,1
3464,27,Female,Accessories,Maine,Fall,27,45,2.8,1,No,0,No,0,PayPal,2-Day Shipping,Fortnightly,5,0.39999999999999997,Medium Engagement,0.4927295918367347,Mid Value,0,0
3465,36,Female,Outerwear,Utah,Winter,59,12,2.7,1,No,0,No,0,PayPal,Next Day Air,Annually,1,0.0,Low Engagement,0.35599489795918365,Low Value,0,0
3466,19,Female,Accessories,Iowa,Spring,53,31,3.4,1,No,0,No,0,Debit Card,Standard,Weekly,7,0.6,Medium Engagement,0.5123724489795918,Mid Value,0,0
3467,49,Female,Clothing,Maryland,Summer,42,43,4.6,1,No,0,No,0,Bank Transfer,Standard,Annually,1,0.0,Low Engagement,0.5660714285714286,Mid Value,0,1
3468,18,Female,Accessories,Texas,Fall,45,5,5.0,1,No,0,No,0,Credit Card,Next Day Air,Annually,1,0.0,Low Engagement,0.19706632653061223,Low Value,0,1
3469,36,Female,Accessories,Ohio,Winter,89,36,3.5,1,No,0,No,0,Debit Card,Standard,Quarterly,3,0.19999999999999998,Low Engagement,0.7883928571428571,High Value,0,0
3470,36,Female,Clothing,North Dakota,Fall,85,12,3.3,1,No,0,No,0,Cash,Store Pickup,Annually,1,0.0,Low Engagement,0.5184948979591837,Mid Value,0,0
3471,19,Female,Outerwear,West Virginia,Summer,69,31,4.5,1,No,0,No,0,Cash,Free Shipping,Bi-Weekly,6,0.5,Medium Engagement,0.6123724489795919,High Value,0,1
3472,43,Female,Footwear,North Carolina,Spring,66,31,3.1,1,No,0,No,0,Cash,Store Pickup,Bi-Weekly,6,0.5,Medium Engagement,0.5936224489795918,High Value,0,0
3473,31,Female,Clothing,Georgia,Summer,42,15,4.0,1,No,0,No,0,Debit Card,Free Shipping,Weekly,7,0.6,Medium Engagement,0.28035714285714286,Low Value,0,1
3474,63,Female,Clothing,Kansas,Spring,40,11,2.5,1,No,0,No,0,Cash,Express,Weekly,7,0.6,Medium Engagement,0.22704081632653061,Low Value,0,0
3475,41,Female,Clothing,Maine,Winter,82,18,4.4,1,No,0,No,0,Venmo,Store Pickup,Monthly,4,0.3,Low Engagement,0.5609693877551021,Mid Value,0,1
3476,48,Female,Footwear,South Carolina,Spring,88,9,4.4,1,No,0,No,0,Cash,Express,Quarterly,3,0.19999999999999998,Low Engagement,0.5066326530612245,Mid Value,0,1
3477,68,Female,Footwear,South Carolina,Summer,99,11,3.2,1,No,0,No,0,Cash,Free Shipping,Weekly,7,0.6,Medium Engagement,0.5957908163265306,High Value,0,0
3478,53,Female,Accessories,Kentucky,Spring,85,38,3.8,1,No,0,No,0,Debit Card,Store Pickup,Bi-Weekly,6,0.5,Medium Engagement,0.7838010204081632,High Value,0,0
3479,36,Female,Accessories,Arizona,Fall,57,42,4.6,1,No,0,No,0,PayPal,Store Pickup,Quarterly,3,0.19999999999999998,Low Engagement,0.6496173469387756,High Value,0,1
3480,46,Female,Clothing,New York,Summer,56,41,4.9,1,No,0,No,0,Cash,Standard,Monthly,4,0.3,Low Engagement,0.6331632653061224,High Value,0,1
3481,21,Female,Footwear,New Hampshire,Winter,79,45,3.5,1,No,0,No,0,PayPal,Free Shipping,Monthly,4,0.3,Low Engagement,0.8177295918367347,High Value,0,0
3482,52,Female,Clothing,Ohio,Summer,67,41,3.4,1,No,0,No,0,Debit Card,Store Pickup,Bi-Weekly,6,0.5,Medium Engagement,0.7019132653061224,High Value,0,0
3483,66,Female,Accessories,Hawaii,Winter,61,35,3.9,1,No,0,No,0,Debit Card,Next Day Air,Weekly,7,0.6,Medium Engagement,0.6031887755102041,High Value,0,0
3484,19,Female,Clothing,Texas,Winter,37,21,3.9,1,No,0,No,0,Credit Card,Express,Every 3 Months,3,0.19999999999999998,Low Engagement,0.31033163265306124,Low Value,0,0
3485,44,Female,Clothing,Illinois,Fall,75,13,4.2,1,No,0,No,0,Credit Card,Free Shipping,Bi-Weekly,6,0.5,Medium Engagement,0.46619897959183676,Mid Value,0,1
3486,50,Female,Clothing,Massachusetts,Winter,21,23,3.4,1,No,0,No,0,Debit Card,Standard,Fortnightly,5,0.39999999999999997,Medium Engagement,0.23073979591836735,Low Value,0,0
3487,51,Female,Clothing,North Carolina,Winter,89,6,4.9,1,No,0,No,0,PayPal,Standard,Weekly,7,0.6,Medium Engagement,0.48227040816326533,Mid Value,0,1
3488,25,Female,Footwear,West Virginia,Fall,24,39,2.9,1,No,0,No,0,Bank Transfer,Store Pickup,Annually,1,0.0,Low Engagement,0.41275510204081634,Mid Value,0,0
3489,62,Female,Clothing,Delaware,Spring,27,7,4.9,1,No,0,No,0,Cash,Store Pickup,Quarterly,3,0.19999999999999998,Low Engagement,0.10497448979591836,Low Value,0,1
3490,48,Female,Clothing,Idaho,Summer,26,32,4.6,1,No,0,No,0,PayPal,2-Day Shipping,Every 3 Months,3,0.19999999999999998,Low Engagement,0.3538265306122449,Low Value,0,1
3491,62,Female,Footwear,Oregon,Spring,82,43,3.6,1,No,0,No,0,Credit Card,Store Pickup,Quarterly,3,0.19999999999999998,Low Engagement,0.8160714285714286,High Value,0,0
3492,22,Female,Clothing,Maine,Winter,28,15,4.3,1,No,0,No,0,Cash,Express,Monthly,4,0.3,Low Engagement,0.19285714285714284,Low Value,0,1
3493,48,Female,Accessories,South Dakota,Fall,65,48,4.6,1,No,0,No,0,Bank Transfer,Standard,Annually,1,0.0,Low Engagement,0.7608418367346939,High Value,0,1
3494,48,Female,Clothing,New Mexico,Winter,82,35,4.7,1,No,0,No,0,Credit Card,Store Pickup,Weekly,7,0.6,Medium Engagement,0.7344387755102041,High Value,0,1
3495,62,Female,Accessories,Washington,Winter,38,41,3.5,1,No,0,No,0,PayPal,Free Shipping,Quarterly,3,0.19999999999999998,Low Engagement,0.5206632653061225,Mid Value,0,0
3496,24,Female,Clothing,Georgia,Spring,33,14,2.8,1,No,0,No,0,Cash,Free Shipping,Weekly,7,0.6,Medium Engagement,0.21390306122448982,Low Value,0,0
3497,39,Female,Footwear,Idaho,Summer,38,22,4.0,1,No,0,No,0,PayPal,Free Shipping,Monthly,4,0.3,Low Engagement,0.3267857142857143,Low Value,0,1
3498,35,Female,Accessories,Colorado,Spring,48,16,4.3,1,No,0,No,0,Venmo,Store Pickup,Every 3 Months,3,0.19999999999999998,Low Engagement,0.3280612244897959,Low Value,0,1
3499,47,Female,Footwear,Kentucky,Summer,35,2,3.8,1,No,0,No,0,Bank Transfer,Standard,Bi-Weekly,6,0.5,Medium Engagement,0.10395408163265306,Low Value,0,0
3500,22,Female,Clothing,New Jersey,Fall,29,13,3.0,1,No,0,No,0,PayPal,Next Day Air,Every 3 Months,3,0.19999999999999998,Low Engagement,0.17869897959183673,Low Value,0,0
3501,38,Female,Clothing,Oregon,Fall,48,38,4.6,1,No,0,No,0,Debit Card,Next Day Air,Fortnightly,5,0.39999999999999997,Medium Engagement,0.5525510204081632,Mid Value,0,1
3502,53,Female,Footwear,Nebraska,Fall,87,43,4.8,1,No,0,No,0,Bank Transfer,Standard,Weekly,7,0.6,Medium Engagement,0.8473214285714286,High Value,0,1
3503,31,Female,Accessories,Massachusetts,Fall,62,26,4.7,1,No,0,No,0,Bank Transfer,Next Day Air,Quarterly,3,0.19999999999999998,Low Engagement,0.5176020408163265,Mid Value,0,1
3504,31,Female,Clothing,Nebraska,Spring,96,39,3.9,1,No,0,No,0,Cash,Free Shipping,Weekly,7,0.6,Medium Engagement,0.8627551020408163,High Value,0,0
3505,65,Female,Accessories,Hawaii,Fall,41,50,4.0,1,No,0,No,0,Venmo,Next Day Air,Monthly,4,0.3,Low Engagement,0.63125,High Value,0,1
3506,48,Female,Accessories,Indiana,Winter,42,40,3.7,1,No,0,No,0,Bank Transfer,2-Day Shipping,Every 3 Months,3,0.19999999999999998,Low Engagement,0.5354591836734695,Mid Value,0,0
3507,18,Female,Clothing,Illinois,Winter,57,12,3.7,1,No,0,No,0,Cash,2-Day Shipping,Fortnightly,5,0.39999999999999997,Medium Engagement,0.3434948979591837,Low Value,0,0
3508,46,Female,Accessories,Colorado,Spring,65,33,4.2,1,No,0,No,0,Credit Card,Store Pickup,Every 3 Months,3,0.19999999999999998,Low Engagement,0.6077806122448979,High Value,0,1
3509,52,Female,Clothing,Pennsylvania,Fall,54,49,4.7,1,No,0,No,0,Bank Transfer,Standard,Weekly,7,0.6,Medium Engagement,0.702295918367347,High Value,0,1
3510,50,Female,Clothing,Ohio,Winter,22,43,4.3,1,No,0,No,0,Venmo,Next Day Air,Bi-Weekly,6,0.5,Medium Engagement,0.44107142857142856,Mid Value,0,1
3511,49,Female,Footwear,Pennsylvania,Fall,96,14,4.9,1,No,0,No,0,Venmo,2-Day Shipping,Monthly,4,0.3,Low Engagement,0.6076530612244898,High Value,0,1
3512,69,Female,Accessories,Mississippi,Summer,81,21,3.9,1,No,0,No,0,Credit Card,2-Day Shipping,Every 3 Months,3,0.19999999999999998,Low Engagement,0.5853316326530612,Mid Value,0,0
3513,36,Female,Clothing,Kentucky,Fall,46,31,3.4,1,No,0,No,0,Debit Card,Free Shipping,Quarterly,3,0.19999999999999998,Low Engagement,0.4686224489795918,Mid Value,0,0
3514,30,Female,Clothing,Alaska,Spring,74,29,4.2,1,No,0,No,0,Credit Card,Store Pickup,Fortnightly,5,0.39999999999999997,Medium Engagement,0.6232142857142857,High Value,0,1
3515,25,Female,Footwear,Georgia,Winter,50,32,4.7,1,No,0,No,0,Cash,Express,Monthly,4,0.3,Low Engagement,0.5038265306122449,Mid Value,0,1
3516,19,Female,Clothing,South Dakota,Winter,80,16,4.0,1,No,0,No,0,Debit Card,Next Day Air,Bi-Weekly,6,0.5,Medium Engagement,0.528061224489796,Mid Value,0,1
3517,34,Female,Footwear,South Carolina,Summer,56,38,4.0,1,No,0,No,0,PayPal,Free Shipping,Bi-Weekly,6,0.5,Medium Engagement,0.6025510204081632,High Value,0,1
3518,29,Female,Clothing,Tennessee,Winter,69,34,3.1,1,No,0,No,0,Debit Card,Next Day Air,Every 3 Months,3,0.19999999999999998,Low Engagement,0.642984693877551,High Value,0,0
3519,50,Female,Clothing,Colorado,Spring,97,30,4.2,1,No,0,No,0,PayPal,Standard,Quarterly,3,0.19999999999999998,Low Engagement,0.7771683673469387,High Value,0,1
3520,31,Female,Clothing,Wisconsin,Winter,66,14,3.7,1,No,0,No,0,Bank Transfer,Next Day Air,Fortnightly,5,0.39999999999999997,Medium Engagement,0.4201530612244898,Mid Value,0,0
3521,41,Female,Accessories,Georgia,Spring,70,33,3.1,1,No,0,No,0,Bank Transfer,Express,Monthly,4,0.3,Low Engagement,0.6390306122448979,High Value,0,0
3522,52,Female,Footwear,Maryland,Winter,50,35,3.7,1,No,0,No,0,Venmo,Store Pickup,Weekly,7,0.6,Medium Engagement,0.534438775510204,Mid Value,0,0
3523,27,Female,Clothing,New Jersey,Spring,85,13,3.2,1,No,0,No,0,Cash,Store Pickup,Quarterly,3,0.19999999999999998,Low Engagement,0.5286989795918368,Mid Value,0,0
3524,49,Female,Accessories,Nevada,Summer,59,30,2.8,1,No,0,No,0,Cash,Standard,Fortnightly,5,0.39999999999999997,Medium Engagement,0.5396683673469388,Mid Value,0,0
3525,69,Female,Clothing,Michigan,Summer,74,30,2.9,1,No,0,No,0,Credit Card,Free Shipping,Monthly,4,0.3,Low Engagement,0.6334183673469388,High Value,0,0
3526,45,Female,Accessories,Wyoming,Winter,38,47,3.5,1,No,0,No,0,Bank Transfer,Standard,Annually,1,0.0,Low Engagement,0.5818877551020408,Mid Value,0,0
3527,20,Female,Clothing,Massachusetts,Spring,99,1,3.8,1,No,0,No,0,PayPal,Express,Every 3 Months,3,0.19999999999999998,Low Engagement,0.49375,Mid Value,0,0
3528,25,Female,Clothing,Washington,Spring,97,1,4.7,1,No,0,No,0,Cash,Free Shipping,Weekly,7,0.6,Medium Engagement,0.48125,Mid Value,0,1
3529,38,Female,Accessories,Maine,Summer,67,33,4.5,1,No,0,No,0,PayPal,Free Shipping,Annually,1,0.0,Low Engagement,0.6202806122448979,High Value,0,1
3530,55,Female,Clothing,Montana,Winter,20,43,3.9,1,No,0,No,0,Bank Transfer,Next Day Air,Weekly,7,0.6,Medium Engagement,0.42857142857142855,Mid Value,0,0
3531,62,Female,Accessories,Oklahoma,Spring,45,37,3.4,1,No,0,No,0,PayPal,Express,Weekly,7,0.6,Medium Engagement,0.5235969387755102,Mid Value,0,0
3532,54,Female,Footwear,North Dakota,Winter,52,23,4.6,1,No,0,No,0,Cash,2-Day Shipping,Quarterly,3,0.19999999999999998,Low Engagement,0.42448979591836733,Mid Value,0,1
3533,61,Female,Clothing,Connecticut,Fall,68,12,4.6,1,No,0,No,0,Credit Card,Standard,Annually,1,0.0,Low Engagement,0.4122448979591837,Mid Value,0,1
3534,50,Female,Footwear,Texas,Fall,98,30,4.7,1,No,0,No,0,Venmo,Standard,Fortnightly,5,0.39999999999999997,Medium Engagement,0.7834183673469388,High Value,0,1
3535,65,Female,Footwear,Delaware,Fall,83,7,3.2,1,No,0,No,0,Cash,Express,Weekly,7,0.6,Medium Engagement,0.45497448979591837,Mid Value,0,0
3536,68,Female,Clothing,Mississippi,Summer,51,20,5.0,1,No,0,No,0,Debit Card,Express,Monthly,4,0.3,Low Engagement,0.38762755102040813,Low Value,0,1
3537,55,Female,Accessories,Minnesota,Spring,21,10,4.5,1,No,0,No,0,Venmo,Express,Monthly,4,0.3,Low Engagement,0.09808673469387756,Low Value,0,1
3538,57,Female,Accessories,Georgia,Spring,92,40,3.5,1,No,0,No,0,Credit Card,Standard,Every 3 Months,3,0.19999999999999998,Low Engagement,0.8479591836734695,High Value,0,0
3539,56,Female,Footwear,Iowa,Spring,63,21,4.5,1,No,0,No,0,Venmo,Store Pickup,Monthly,4,0.3,Low Engagement,0.4728316326530612,Mid Value,0,1
3540,29,Female,Accessories,New York,Spring,56,17,3.2,1,No,0,No,0,Credit Card,Express,Bi-Weekly,6,0.5,Medium Engagement,0.38826530612244897,Low Value,0,0
3541,24,Female,Clothing,Nevada,Spring,95,5,4.6,1,No,0,No,0,Bank Transfer,Free Shipping,Weekly,7,0.6,Medium Engagement,0.5095663265306123,Mid Value,0,1
3542,59,Female,Clothing,Virginia,Winter,66,22,4.0,1,No,0,No,0,PayPal,Next Day Air,Annually,1,0.0,Low Engagement,0.5017857142857143,Mid Value,0,1
3543,62,Female,Outerwear,Idaho,Spring,28,5,4.2,1,No,0,No,0,Venmo,Express,Weekly,7,0.6,Medium Engagement,0.09081632653061225,Low Value,0,1
3544,58,Female,Accessories,Colorado,Winter,83,18,4.1,1,No,0,No,0,PayPal,Standard,Every 3 Months,3,0.19999999999999998,Low Engagement,0.5672193877551021,Mid Value,0,1
3545,64,Female,Clothing,Wisconsin,Fall,55,42,3.6,1,No,0,No,0,Cash,2-Day Shipping,Every 3 Months,3,0.19999999999999998,Low Engagement,0.6371173469387755,High Value,0,0
3546,48,Female,Footwear,Connecticut,Spring,28,22,3.7,1,No,0,No,0,Debit Card,2-Day Shipping,Annually,1,0.0,Low Engagement,0.2642857142857143,Low Value,0,0
3547,60,Female,Accessories,Kansas,Summer,79,37,3.6,1,No,0,No,0,Bank Transfer,Free Shipping,Bi-Weekly,6,0.5,Medium Engagement,0.7360969387755103,High Value,0,0
3548,52,Female,Accessories,Pennsylvania,Summer,31,23,3.8,1,No,0,No,0,Credit Card,Standard,Annually,1,0.0,Low Engagement,0.29323979591836735,Low Value,0,0
3549,63,Female,Clothing,Utah,Fall,37,47,3.0,1,No,0,No,0,Debit Card,Standard,Fortnightly,5,0.39999999999999997,Medium Engagement,0.5756377551020408,Mid Value,0,0
3550,44,Female,Clothing,Oregon,Summer,34,11,3.4,1,No,0,No,0,Bank Transfer,2-Day Shipping,Fortnightly,5,0.39999999999999997,Medium Engagement,0.1895408163265306,Low Value,0,0
3551,63,Female,Footwear,West Virginia,Winter,74,32,4.8,1,No,0,No,0,Cash,Standard,Weekly,7,0.6,Medium Engagement,0.6538265306122449,High Value,0,1
3552,66,Female,Accessories,Montana,Spring,31,20,2.6,1,No,0,No,0,Venmo,Store Pickup,Weekly,7,0.6,Medium Engagement,0.26262755102040813,Low Value,0,0
3553,22,Female,Accessories,Kentucky,Winter,66,3,2.9,1,No,0,No,0,PayPal,Next Day Air,Quarterly,3,0.19999999999999998,Low Engagement,0.3079081632653061,Low Value,0,0
3554,62,Female,Footwear,Minnesota,Spring,99,32,4.9,1,No,0,No,0,Bank Transfer,Free Shipping,Weekly,7,0.6,Medium Engagement,0.8100765306122449,High Value,0,1
3555,39,Female,Clothing,Louisiana,Spring,55,5,5.0,1,No,0,No,0,Credit Card,Free Shipping,Fortnightly,5,0.39999999999999997,Medium Engagement,0.25956632653061223,Low Value,0,1
3556,25,Female,Clothing,Delaware,Spring,23,45,4.6,1,No,0,No,0,Cash,Next Day Air,Quarterly,3,0.19999999999999998,Low Engagement,0.4677295918367347,Mid Value,0,1
3557,70,Female,Clothing,Arizona,Fall,88,43,4.2,1,No,0,No,0,Cash,Express,Bi-Weekly,6,0.5,Medium Engagement,0.8535714285714285,High Value,0,1
3558,52,Female,Outerwear,Nevada,Summer,26,1,4.9,1,No,0,No,0,PayPal,Next Day Air,Every 3 Months,3,0.19999999999999998,Low Engagement,0.0375,Low Value,0,1
3559,68,Female,Accessories,Alaska,Summer,94,9,4.8,1,No,0,No,0,Venmo,Standard,Quarterly,3,0.19999999999999998,Low Engagement,0.5441326530612245,Mid Value,0,1
3560,18,Female,Clothing,Utah,Fall,25,13,3.0,1,No,0,No,0,Venmo,Next Day Air,Every 3 Months,3,0.19999999999999998,Low Engagement,0.15369897959183673,Low Value,0,0
3561,18,Female,Clothing,Kansas,Fall,96,5,3.5,1,No,0,No,0,Credit Card,Express,Annually,1,0.0,Low Engagement,0.5158163265306123,Mid Value,0,0
3562,63,Female,Footwear,North Carolina,Spring,29,39,3.4,1,No,0,No,0,Credit Card,Standard,Fortnightly,5,0.39999999999999997,Medium Engagement,0.44400510204081634,Mid Value,0,0
3563,47,Female,Footwear,Maryland,Winter,36,7,3.4,1,No,0,No,0,Bank Transfer,Free Shipping,Weekly,7,0.6,Medium Engagement,0.16122448979591836,Low Value,0,0
3564,43,Female,Clothing,Maine,Summer,90,8,4.9,1,No,0,No,0,Credit Card,Standard,Every 3 Months,3,0.19999999999999998,Low Engagement,0.5089285714285714,Mid Value,0,1
3565,60,Female,Accessories,Illinois,Summer,38,40,4.4,1,No,0,No,0,Venmo,Free Shipping,Annually,1,0.0,Low Engagement,0.5104591836734694,Mid Value,0,1
3566,49,Female,Accessories,Pennsylvania,Spring,52,35,4.2,1,No,0,No,0,PayPal,Store Pickup,Monthly,4,0.3,Low Engagement,0.5469387755102041,Mid Value,0,1
3567,28,Female,Clothing,Alaska,Spring,88,14,3.1,1,No,0,No,0,Venmo,Next Day Air,Monthly,4,0.3,Low Engagement,0.5576530612244898,Mid Value,0,0
3568,32,Female,Accessories,New Mexico,Summer,56,26,4.0,1,No,0,No,0,Credit Card,Next Day Air,Monthly,4,0.3,Low Engagement,0.48010204081632657,Mid Value,0,1
3569,29,Female,Footwear,Arkansas,Spring,71,14,4.8,1,No,0,No,0,PayPal,Next Day Air,Quarterly,3,0.19999999999999998,Low Engagement,0.4514030612244898,Mid Value,0,1
3570,35,Female,Footwear,Alaska,Fall,94,9,3.3,1,No,0,No,0,Bank Transfer,Express,Fortnightly,5,0.39999999999999997,Medium Engagement,0.5441326530612245,Mid Value,0,0
3571,23,Female,Clothing,Louisiana,Winter,97,32,4.7,1,No,0,No,0,Debit Card,Standard,Annually,1,0.0,Low Engagement,0.7975765306122449,High Value,0,1
3572,70,Female,Clothing,North Dakota,Summer,27,15,3.2,1,No,0,No,0,Bank Transfer,Standard,Every 3 Months,3,0.19999999999999998,Low Engagement,0.18660714285714286,Low Value,0,0
3573,23,Female,Clothing,Rhode Island,Spring,28,25,5.0,1,No,0,No,0,Credit Card,Standard,Monthly,4,0.3,Low Engagement,0.29489795918367345,Low Value,0,1
3574,43,Female,Clothing,Connecticut,Fall,67,27,4.9,1,No,0,No,0,PayPal,Free Shipping,Monthly,4,0.3,Low Engagement,0.5590561224489796,Mid Value,0,1
3575,29,Female,Clothing,New York,Fall,70,39,4.9,1,No,0,No,0,Bank Transfer,Express,Quarterly,3,0.19999999999999998,Low Engagement,0.7002551020408163,High Value,0,1
3576,61,Female,Outerwear,Kentucky,Fall,95,49,3.7,1,No,0,No,0,Venmo,Express,Bi-Weekly,6,0.5,Medium Engagement,0.9585459183673469,High Value,0,0
3577,29,Female,Footwear,Maine,Spring,24,12,3.0,1,No,0,No,0,Venmo,Express,Bi-Weekly,6,0.5,Medium Engagement,0.13724489795918368,Low Value,0,0
3578,66,Female,Accessories,Missouri,Winter,35,13,2.6,1,No,0,No,0,Bank Transfer,Standard,Weekly,7,0.6,Medium Engagement,0.21619897959183673,Low Value,0,0
3579,46,Female,Footwear,Georgia,Winter,22,22,2.6,1,No,0,No,0,Bank Transfer,Standard,Quarterly,3,0.19999999999999998,Low Engagement,0.22678571428571428,Low Value,0,0
3580,34,Female,Accessories,Arizona,Fall,66,19,4.8,1,No,0,No,0,Credit Card,Standard,Every 3 Months,3,0.19999999999999998,Low Engagement,0.47117346938775506,Mid Value,0,1
3581,51,Female,Clothing,New Hampshire,Summer,83,3,3.2,1,No,0,No,0,Cash,2-Day Shipping,Bi-Weekly,6,0.5,Medium Engagement,0.41415816326530613,Mid Value,0,0
3582,26,Female,Clothing,Georgia,Fall,95,50,4.9,1,No,0,No,0,Credit Card,Next Day Air,Weekly,7,0.6,Medium Engagement,0.96875,High Value,0,1
3583,23,Female,Clothing,California,Summer,41,15,3.4,1,No,0,No,0,PayPal,2-Day Shipping,Annually,1,0.0,Low Engagement,0.2741071428571429,Low Value,0,0
3584,52,Female,Clothing,Arizona,Summer,77,44,2.7,1,No,0,No,0,Credit Card,Store Pickup,Every 3 Months,3,0.19999999999999998,Low Engagement,0.7950255102040816,High Value,0,0
3585,39,Female,Footwear,Florida,Fall,52,48,4.8,1,No,0,No,0,Debit Card,Express,Monthly,4,0.3,Low Engagement,0.6795918367346938,High Value,0,1
3586,39,Female,Accessories,New York,Winter,41,4,4.1,1,No,0,No,0,Venmo,Standard,Bi-Weekly,6,0.5,Medium Engagement,0.1618622448979592,Low Value,0,1
3587,33,Female,Clothing,Idaho,Winter,28,12,4.6,1,No,0,No,0,PayPal,Store Pickup,Bi-Weekly,6,0.5,Medium Engagement,0.16224489795918368,Low Value,0,1
3588,33,Female,Clothing,Virginia,Summer,90,33,4.4,1,No,0,No,0,Debit Card,Standard,Annually,1,0.0,Low Engagement,0.7640306122448979,High Value,0,1
3589,23,Female,Accessories,Michigan,Spring,55,40,3.5,1,No,0,No,0,Cash,2-Day Shipping,Annually,1,0.0,Low Engagement,0.6167091836734694,High Value,0,0
3590,31,Female,Accessories,New Hampshire,Spring,73,38,4.8,1,No,0,No,0,Cash,Next Day Air,Every 3 Months,3,0.19999999999999998,Low Engagement,0.7088010204081632,High Value,0,1
3591,27,Female,Clothing,South Dakota,Fall,87,19,2.9,1,No,0,No,0,Venmo,2-Day Shipping,Every 3 Months,3,0.19999999999999998,Low Engagement,0.6024234693877552,High Value,0,0
3592,48,Female,Outerwear,South Dakota,Winter,89,38,3.2,1,No,0,No,0,Bank Transfer,2-Day Shipping,Quarterly,3,0.19999999999999998,Low Engagement,0.8088010204081633,High Value,0,0
3593,61,Female,Footwear,New Jersey,Spring,82,18,4.4,1,No,0,No,0,Venmo,2-Day Shipping,Fortnightly,5,0.39999999999999997,Medium Engagement,0.5609693877551021,Mid Value,0,1
3594,63,Female,Footwear,Wyoming,Spring,80,24,4.6,1,No,0,No,0,PayPal,Next Day Air,Monthly,4,0.3,Low Engagement,0.6096938775510204,High Value,0,1
3595,19,Female,Accessories,Alabama,Summer,87,29,2.6,1,No,0,No,0,Venmo,2-Day Shipping,Quarterly,3,0.19999999999999998,Low Engagement,0.7044642857142858,High Value,0,0
3596,21,Female,Clothing,South Dakota,Spring,41,14,3.1,1,No,0,No,0,PayPal,Store Pickup,Annually,1,0.0,Low Engagement,0.2639030612244898,Low Value,0,0
3597,28,Female,Clothing,South Carolina,Spring,83,44,4.3,1,No,0,No,0,Cash,Standard,Fortnightly,5,0.39999999999999997,Medium Engagement,0.8325255102040816,High Value,0,1
3598,29,Female,Accessories,New Mexico,Summer,71,18,3.1,1,No,0,No,0,Bank Transfer,Standard,Quarterly,3,0.19999999999999998,Low Engagement,0.492219387755102,Mid Value,0,0
3599,23,Female,Clothing,Connecticut,Spring,76,19,4.6,1,No,0,No,0,Bank Transfer,Store Pickup,Bi-Weekly,6,0.5,Medium Engagement,0.5336734693877551,Mid Value,0,1
3600,37,Female,Accessories,Kansas,Spring,34,4,4.6,1,No,0,No,0,Cash,Express,Weekly,7,0.6,Medium Engagement,0.11811224489795918,Low Value,0,1
3601,67,Female,Clothing,South Carolina,Spring,81,25,2.7,1,No,0,No,0,Cash,Free Shipping,Bi-Weekly,6,0.5,Medium Engagement,0.6261479591836734,High Value,0,0
3602,34,Female,Clothing,North Carolina,Summer,47,3,3.0,1,No,0,No,0,PayPal,Next Day Air,Monthly,4,0.3,Low Engagement,0.18915816326530613,Low Value,0,0
3603,58,Female,Clothing,Wyoming,Summer,36,40,3.3,1,No,0,No,0,Debit Card,Store Pickup,Quarterly,3,0.19999999999999998,Low Engagement,0.49795918367346936,Mid Value,0,0
3604,45,Female,Clothing,Louisiana,Spring,51,5,2.7,1,No,0,No,0,Cash,Free Shipping,Weekly,7,0.6,Medium Engagement,0.23456632653061224,Low Value,0,0
3605,63,Female,Clothing,Louisiana,Fall,86,17,3.3,1,No,0,No,0,Debit Card,Standard,Annually,1,0.0,Low Engagement,0.5757653061224489,Mid Value,0,0
3606,68,Female,Clothing,Alabama,Fall,41,36,4.3,1,No,0,No,0,Bank Transfer,Store Pickup,Every 3 Months,3,0.19999999999999998,Low Engagement,0.4883928571428572,Mid Value,0,1
3607,41,Female,Footwear,Minnesota,Fall,90,41,4.8,1,No,0,No,0,Venmo,Express,Annually,1,0.0,Low Engagement,0.8456632653061225,High Value,0,1
3608,50,Female,Accessories,New Mexico,Fall,93,20,3.3,1,No,0,No,0,Venmo,Standard,Bi-Weekly,6,0.5,Medium Engagement,0.6501275510204081,High Value,0,0
3609,24,Female,Accessories,Tennessee,Fall,56,2,4.3,1,No,0,No,0,Cash,Next Day Air,Every 3 Months,3,0.19999999999999998,Low Engagement,0.23520408163265308,Low Value,0,1
3610,21,Female,Clothing,New Mexico,Summer,39,31,3.0,1,No,0,No,0,Debit Card,2-Day Shipping,Monthly,4,0.3,Low Engagement,0.42487244897959187,Mid Value,0,0
3611,18,Female,Outerwear,Texas,Fall,86,23,4.8,1,No,0,No,0,Bank Transfer,2-Day Shipping,Fortnightly,5,0.39999999999999997,Medium Engagement,0.6369897959183674,High Value,0,1
3612,63,Female,Clothing,Washington,Spring,82,30,2.9,1,No,0,No,0,Credit Card,Standard,Annually,1,0.0,Low Engagement,0.6834183673469387,High Value,0,0
3613,47,Female,Footwear,Michigan,Summer,29,26,3.6,1,No,0,No,0,Cash,Standard,Every 3 Months,3,0.19999999999999998,Low Engagement,0.31135204081632656,Low Value,0,0
3614,58,Female,Accessories,Minnesota,Fall,27,40,3.5,1,No,0,No,0,Venmo,Store Pickup,Annually,1,0.0,Low Engagement,0.4417091836734694,Mid Value,0,0
3615,46,Female,Accessories,Delaware,Spring,25,19,4.7,1,No,0,No,0,Bank Transfer,2-Day Shipping,Annually,1,0.0,Low Engagement,0.2149234693877551,Low Value,0,1
3616,35,Female,Clothing,California,Winter,31,4,4.4,1,No,0,No,0,Credit Card,Free Shipping,Monthly,4,0.3,Low Engagement,0.0993622448979592,Low Value,0,1
3617,42,Female,Clothing,Wisconsin,Winter,23,33,3.3,1,No,0,No,0,Debit Card,Store Pickup,Fortnightly,5,0.39999999999999997,Medium Engagement,0.3452806122448979,Low Value,0,0
3618,48,Female,Accessories,Kentucky,Fall,47,29,4.3,1,No,0,No,0,Debit Card,Express,Monthly,4,0.3,Low Engagement,0.4544642857142857,Mid Value,0,1
3619,28,Female,Accessories,Nevada,Fall,67,47,4.0,1,No,0,No,0,PayPal,2-Day Shipping,Bi-Weekly,6,0.5,Medium Engagement,0.7631377551020408,High Value,0,1
3620,44,Female,Accessories,North Carolina,Winter,75,50,4.9,1,No,0,No,0,Venmo,2-Day Shipping,Weekly,7,0.6,Medium Engagement,0.84375,High Value,0,1
3621,60,Female,Footwear,Louisiana,Summer,82,28,2.9,1,No,0,No,0,Credit Card,Express,Fortnightly,5,0.39999999999999997,Medium Engagement,0.6630102040816326,High Value,0,0
3622,38,Female,Footwear,New Jersey,Summer,32,5,4.0,1,No,0,No,0,Cash,2-Day Shipping,Fortnightly,5,0.39999999999999997,Medium Engagement,0.11581632653061225,Low Value,0,1
3623,46,Female,Clothing,Wisconsin,Fall,41,12,4.3,1,No,0,No,0,Credit Card,Store Pickup,Annually,1,0.0,Low Engagement,0.24349489795918366,Low Value,0,1
3624,39,Female,Accessories,Arkansas,Winter,89,4,2.7,1,No,0,No,0,PayPal,2-Day Shipping,Weekly,7,0.6,Medium Engagement,0.4618622448979592,Mid Value,0,0
3625,22,Female,Accessories,Texas,Fall,82,22,5.0,1,No,0,No,0,Bank Transfer,Store Pickup,Bi-Weekly,6,0.5,Medium Engagement,0.6017857142857143,High Value,0,1
3626,44,Female,Accessories,Illinois,Winter,99,32,4.4,1,No,0,No,0,PayPal,Express,Weekly,7,0.6,Medium Engagement,0.8100765306122449,High Value,0,1
3627,69,Female,Clothing,Mississippi,Fall,98,32,3.5,1,No,0,No,0,Venmo,Express,Quarterly,3,0.19999999999999998,Low Engagement,0.803826530612245,High Value,0,0
3628,39,Female,Accessories,Delaware,Winter,54,48,3.3,1,No,0,No,0,Cash,Next Day Air,Every 3 Months,3,0.19999999999999998,Low Engagement,0.6920918367346939,High Value,0,0
3629,53,Female,Clothing,Georgia,Summer,88,35,3.8,1,No,0,No,0,Credit Card,Free Shipping,Monthly,4,0.3,Low Engagement,0.7719387755102041,High Value,0,0
3630,52,Female,Clothing,Kansas,Summer,43,44,4.5,1,No,0,No,0,Debit Card,Standard,Fortnightly,5,0.39999999999999997,Medium Engagement,0.5825255102040816,Mid Value,0,1
3631,65,Female,Accessories,Oklahoma,Winter,73,29,4.8,1,No,0,No,0,Cash,Store Pickup,Weekly,7,0.6,Medium Engagement,0.6169642857142856,High Value,0,1
3632,48,Female,Accessories,New Jersey,Fall,50,26,2.9,1,No,0,No,0,Credit Card,Store Pickup,Monthly,4,0.3,Low Engagement,0.44260204081632654,Mid Value,0,0
3633,27,Female,Footwear,Utah,Spring,73,3,3.2,1,No,0,No,0,Debit Card,Express,Quarterly,3,0.19999999999999998,Low Engagement,0.35165816326530613,Low Value,0,0
3634,39,Female,Accessories,Montana,Spring,51,1,2.8,1,No,0,No,0,Bank Transfer,Free Shipping,Bi-Weekly,6,0.5,Medium Engagement,0.19375,Low Value,0,0
3635,59,Female,Clothing,Ohio,Winter,22,17,3.3,1,No,0,No,0,PayPal,Standard,Annually,1,0.0,Low Engagement,0.17576530612244898,Low Value,0,0
3636,52,Female,Footwear,Colorado,Fall,32,17,3.3,1,No,0,No,0,Credit Card,Free Shipping,Fortnightly,5,0.39999999999999997,Medium Engagement,0.23826530612244895,Low Value,0,0
3637,50,Female,Footwear,California,Summer,38,36,4.2,1,No,0,No,0,Cash,2-Day Shipping,Weekly,7,0.6,Medium Engagement,0.46964285714285714,Mid Value,0,1
3638,32,Female,Footwear,Utah,Winter,66,32,3.6,1,No,0,No,0,Credit Card,Express,Fortnightly,5,0.39999999999999997,Medium Engagement,0.6038265306122449,High Value,0,0
3639,40,Female,Accessories,Kansas,Spring,20,50,4.6,1,No,0,No,0,PayPal,Express,Bi-Weekly,6,0.5,Medium Engagement,0.5,Mid Value,0,1
3640,26,Female,Outerwear,Illinois,Summer,44,39,3.6,1,No,0,No,0,Venmo,2-Day Shipping,Annually,1,0.0,Low Engagement,0.5377551020408163,Mid Value,0,0
3641,47,Female,Accessories,Minnesota,Spring,31,17,4.0,1,No,0,No,0,PayPal,Next Day Air,Monthly,4,0.3,Low Engagement,0.23201530612244897,Low Value,0,1
3642,51,Female,Outerwear,New York,Fall,45,39,2.7,1,No,0,No,0,Bank Transfer,Free Shipping,Every 3 Months,3,0.19999999999999998,Low Engagement,0.5440051020408163,Mid Value,0,0
3643,47,Female,Clothing,Arizona,Summer,71,5,4.4,1,No,0,No,0,PayPal,Store Pickup,Annually,1,0.0,Low Engagement,0.3595663265306122,Low Value,0,1
3644,53,Female,Accessories,Tennessee,Fall,96,47,3.2,1,No,0,No,0,Debit Card,Standard,Annually,1,0.0,Low Engagement,0.9443877551020408,High Value,0,0
3645,35,Female,Clothing,Arkansas,Winter,32,18,2.6,1,No,0,No,0,Venmo,Next Day Air,Weekly,7,0.6,Medium Engagement,0.24846938775510202,Low Value,0,0
3646,38,Female,Accessories,Colorado,Summer,90,31,3.4,1,No,0,No,0,Credit Card,Free Shipping,Every 3 Months,3,0.19999999999999998,Low Engagement,0.7436224489795918,High Value,0,0
3647,69,Female,Accessories,Nevada,Spring,68,39,5.0,1,No,0,No,0,Debit Card,2-Day Shipping,Fortnightly,5,0.39999999999999997,Medium Engagement,0.6877551020408164,High Value,0,1
3648,47,Female,Clothing,Kansas,Winter,45,12,2.9,1,No,0,No,0,Bank Transfer,Store Pickup,Weekly,7,0.6,Medium Engagement,0.2684948979591837,Low Value,0,0
3649,31,Female,Clothing,New York,Winter,67,45,5.0,1,No,0,No,0,Cash,Free Shipping,Bi-Weekly,6,0.5,Medium Engagement,0.7427295918367347,High Value,0,1
3650,68,Female,Clothing,Minnesota,Fall,57,33,4.4,1,No,0,No,0,Credit Card,Standard,Fortnightly,5,0.39999999999999997,Medium Engagement,0.5577806122448979,Mid Value,0,1
3651,51,Female,Clothing,Ohio,Summer,60,3,3.5,1,No,0,No,0,PayPal,2-Day Shipping,Annually,1,0.0,Low Engagement,0.27040816326530615,Low Value,0,0
3652,20,Female,Accessories,Arizona,Spring,32,5,3.8,1,No,0,No,0,Venmo,Express,Every 3 Months,3,0.19999999999999998,Low Engagement,0.11581632653061225,Low Value,0,0
3653,27,Female,Accessories,Kentucky,Fall,29,23,3.8,1,No,0,No,0,Debit Card,Store Pickup,Monthly,4,0.3,Low Engagement,0.28073979591836734,Low Value,0,0
3654,67,Female,Outerwear,Minnesota,Spring,20,39,3.9,1,No,0,No,0,Credit Card,Next Day Air,Fortnightly,5,0.39999999999999997,Medium Engagement,0.3877551020408163,Low Value,0,0
3655,21,Female,Accessories,Arkansas,Winter,98,10,3.3,1,No,0,No,0,Credit Card,Next Day Air,Annually,1,0.0,Low Engagement,0.5793367346938776,Mid Value,0,0
3656,20,Female,Clothing,Wyoming,Fall,27,4,2.9,1,No,0,No,0,Credit Card,Next Day Air,Bi-Weekly,6,0.5,Medium Engagement,0.07436224489795917,Low Value,0,0
3657,35,Female,Outerwear,North Dakota,Spring,67,18,3.7,1,No,0,No,0,Credit Card,2-Day Shipping,Monthly,4,0.3,Low Engagement,0.4672193877551021,Mid Value,0,0
3658,58,Female,Footwear,Alabama,Winter,82,1,3.7,1,No,0,No,0,Debit Card,Express,Every 3 Months,3,0.19999999999999998,Low Engagement,0.3875,Low Value,0,0
3659,28,Female,Clothing,Mississippi,Fall,72,18,4.6,1,No,0,No,0,PayPal,Standard,Fortnightly,5,0.39999999999999997,Medium Engagement,0.4984693877551021,Mid Value,0,1
3660,27,Female,Footwear,Illinois,Fall,77,46,4.9,1,No,0,No,0,Bank Transfer,Store Pickup,Annually,1,0.0,Low Engagement,0.8154336734693878,High Value,0,1
3661,19,Female,Footwear,Arkansas,Winter,74,13,3.1,1,No,0,No,0,Bank Transfer,2-Day Shipping,Fortnightly,5,0.39999999999999997,Medium Engagement,0.4599489795918368,Mid Value,0,0
3662,63,Female,Footwear,Kansas,Winter,39,5,3.5,1,No,0,No,0,Credit Card,Next Day Air,Fortnightly,5,0.39999999999999997,Medium Engagement,0.15956632653061223,Low Value,0,0
3663,69,Female,Clothing,Rhode Island,Spring,80,11,4.9,1,No,0,No,0,Debit Card,Next Day Air,Weekly,7,0.6,Medium Engagement,0.4770408163265306,Mid Value,0,1
3664,65,Female,Accessories,Florida,Summer,59,49,4.4,1,No,0,No,0,Credit Card,Express,Weekly,7,0.6,Medium Engagement,0.733545918367347,High Value,0,1
3665,63,Female,Outerwear,Missouri,Fall,68,1,4.4,1,No,0,No,0,Debit Card,Store Pickup,Fortnightly,5,0.39999999999999997,Medium Engagement,0.3,Low Value,0,1
3666,28,Female,Clothing,North Carolina,Fall,77,11,3.4,1,No,0,No,0,Credit Card,Next Day Air,Quarterly,3,0.19999999999999998,Low Engagement,0.4582908163265306,Mid Value,0,0
3667,67,Female,Accessories,Alabama,Winter,50,47,3.0,1,No,0,No,0,Cash,2-Day Shipping,Every 3 Months,3,0.19999999999999998,Low Engagement,0.6568877551020409,High Value,0,0
3668,51,Female,Clothing,Washington,Fall,45,20,2.6,1,No,0,No,0,Venmo,Next Day Air,Monthly,4,0.3,Low Engagement,0.35012755102040816,Low Value,0,0
3669,59,Female,Clothing,Michigan,Summer,71,18,3.2,1,No,0,No,0,Venmo,Store Pickup,Annually,1,0.0,Low Engagement,0.492219387755102,Mid Value,0,0
3670,25,Female,Clothing,Washington,Fall,52,43,4.6,1,No,0,No,0,PayPal,Store Pickup,Quarterly,3,0.19999999999999998,Low Engagement,0.6285714285714286,High Value,0,1
3671,31,Female,Footwear,Vermont,Winter,50,4,3.8,1,No,0,No,0,PayPal,Free Shipping,Every 3 Months,3,0.19999999999999998,Low Engagement,0.2181122448979592,Low Value,0,0
3672,62,Female,Accessories,Illinois,Summer,66,20,4.8,1,No,0,No,0,Venmo,2-Day Shipping,Quarterly,3,0.19999999999999998,Low Engagement,0.48137755102040813,Mid Value,0,1
3673,51,Female,Footwear,New York,Fall,81,7,4.5,1,No,0,No,0,PayPal,Free Shipping,Monthly,4,0.3,Low Engagement,0.44247448979591836,Mid Value,0,1
3674,32,Female,Clothing,Rhode Island,Summer,28,31,4.2,1,No,0,No,0,Bank Transfer,2-Day Shipping,Fortnightly,5,0.39999999999999997,Medium Engagement,0.35612244897959183,Low Value,0,1
3675,35,Female,Accessories,Washington,Winter,65,41,2.7,1,No,0,No,0,Venmo,2-Day Shipping,Fortnightly,5,0.39999999999999997,Medium Engagement,0.6894132653061225,High Value,0,0
3676,70,Female,Accessories,Virginia,Winter,80,3,4.5,1,No,0,No,0,Bank Transfer,Express,Monthly,4,0.3,Low Engagement,0.39540816326530615,Low Value,0,1
3677,19,Female,Accessories,Wisconsin,Spring,94,16,4.9,1,No,0,No,0,PayPal,Free Shipping,Monthly,4,0.3,Low Engagement,0.6155612244897959,High Value,0,1
3678,32,Female,Accessories,Michigan,Fall,30,43,2.8,1,No,0,No,0,Cash,Standard,Annually,1,0.0,Low Engagement,0.49107142857142855,Mid Value,0,0
3679,56,Female,Clothing,Texas,Fall,45,29,3.5,1,No,0,No,0,Bank Transfer,Standard,Fortnightly,5,0.39999999999999997,Medium Engagement,0.4419642857142857,Mid Value,0,0
3680,53,Female,Outerwear,Idaho,Summer,91,5,2.5,1,No,0,No,0,Cash,Store Pickup,Bi-Weekly,6,0.5,Medium Engagement,0.4845663265306122,Mid Value,0,0
3681,22,Female,Accessories,Iowa,Winter,36,30,2.9,1,No,0,No,0,Debit Card,Standard,Quarterly,3,0.19999999999999998,Low Engagement,0.39591836734693875,Low Value,0,0
3682,26,Female,Accessories,Connecticut,Fall,73,33,4.2,1,No,0,No,0,Debit Card,Next Day Air,Monthly,4,0.3,Low Engagement,0.6577806122448979,High Value,0,1
3683,42,Female,Clothing,Wyoming,Fall,60,46,4.6,1,No,0,No,0,Venmo,Store Pickup,Bi-Weekly,6,0.5,Medium Engagement,0.7091836734693877,High Value,0,1
3684,30,Female,Clothing,Mississippi,Winter,77,17,3.0,1,No,0,No,0,Venmo,Free Shipping,Fortnightly,5,0.39999999999999997,Medium Engagement,0.519515306122449,Mid Value,0,0
3685,29,Female,Clothing,Pennsylvania,Spring,86,47,4.4,1,No,0,No,0,Credit Card,Free Shipping,Bi-Weekly,6,0.5,Medium Engagement,0.8818877551020408,High Value,0,1
3686,47,Female,Clothing,Tennessee,Summer,42,17,2.6,1,No,0,No,0,Cash,Standard,Bi-Weekly,6,0.5,Medium Engagement,0.300765306122449,Low Value,0,0
3687,59,Female,Footwear,Louisiana,Spring,70,17,4.8,1,No,0,No,0,Cash,Free Shipping,Bi-Weekly,6,0.5,Medium Engagement,0.47576530612244894,Mid Value,0,1
3688,34,Female,Clothing,Arkansas,Summer,44,28,2.9,1,No,0,No,0,Bank Transfer,Next Day Air,Every 3 Months,3,0.19999999999999998,Low Engagement,0.42551020408163265,Mid Value,0,0
3689,52,Female,Accessories,West Virginia,Spring,91,8,3.0,1,No,0,No,0,Cash,Next Day Air,Monthly,4,0.3,Low Engagement,0.5151785714285714,Mid Value,0,0
3690,47,Female,Accessories,South Carolina,Fall,30,8,4.5,1,No,0,No,0,Bank Transfer,Standard,Quarterly,3,0.19999999999999998,Low Engagement,0.13392857142857142,Low Value,0,1
3691,24,Female,Clothing,Kansas,Fall,23,4,3.7,1,No,0,No,0,Bank Transfer,Store Pickup,Bi-Weekly,6,0.5,Medium Engagement,0.04936224489795918,Low Value,0,0
3692,63,Female,Footwear,Michigan,Summer,21,24,4.8,1,No,0,No,0,PayPal,Next Day Air,Weekly,7,0.6,Medium Engagement,0.24094387755102042,Low Value,0,1
3693,59,Female,Outerwear,Alabama,Spring,34,29,4.8,1,No,0,No,0,Cash,Free Shipping,Fortnightly,5,0.39999999999999997,Medium Engagement,0.3732142857142857,Low Value,0,1
3694,66,Female,Clothing,South Dakota,Summer,46,10,4.7,1,No,0,No,0,Venmo,2-Day Shipping,Weekly,7,0.6,Medium Engagement,0.2543367346938776,Low Value,0,1
3695,45,Female,Clothing,Rhode Island,Winter,41,11,2.6,1,No,0,No,0,PayPal,Express,Bi-Weekly,6,0.5,Medium Engagement,0.23329081632653062,Low Value,0,0
3696,38,Female,Clothing,Florida,Fall,33,18,4.6,1,No,0,No,0,Bank Transfer,Standard,Fortnightly,5,0.39999999999999997,Medium Engagement,0.25471938775510206,Low Value,0,1
3697,63,Female,Clothing,Connecticut,Fall,48,26,3.4,1,No,0,No,0,Bank Transfer,Next Day Air,Annually,1,0.0,Low Engagement,0.4301020408163265,Mid Value,0,0
3698,55,Female,Clothing,Pennsylvania,Winter,66,39,3.0,1,No,0,No,0,Cash,Standard,Weekly,7,0.6,Medium Engagement,0.6752551020408163,High Value,0,0
3699,25,Female,Clothing,California,Spring,54,4,4.0,1,No,0,No,0,Venmo,2-Day Shipping,Annually,1,0.0,Low Engagement,0.24311224489795918,Low Value,0,1
3700,51,Female,Accessories,Oklahoma,Fall,55,24,2.6,1,No,0,No,0,Bank Transfer,Store Pickup,Weekly,7,0.6,Medium Engagement,0.45344387755102045,Mid Value,0,0
3701,28,Female,Accessories,North Dakota,Summer,84,2,3.4,1,No,0,No,0,Bank Transfer,Store Pickup,Every 3 Months,3,0.19999999999999998,Low Engagement,0.4102040816326531,Mid Value,0,0
3702,46,Female,Footwear,New Mexico,Spring,66,36,4.5,1,No,0,No,0,Cash,Store Pickup,Annually,1,0.0,Low Engagement,0.6446428571428571,High Value,0,1
3703,58,Female,Footwear,South Carolina,Spring,65,36,2.7,1,No,0,No,0,Venmo,Store Pickup,Weekly,7,0.6,Medium Engagement,0.6383928571428572,High Value,0,0
3704,30,Female,Footwear,Michigan,Fall,83,23,2.9,1,No,0,No,0,PayPal,Standard,Every 3 Months,3,0.19999999999999998,Low Engagement,0.6182397959183673,High Value,0,0
3705,68,Female,Accessories,Missouri,Winter,61,36,4.0,1,No,0,No,0,Credit Card,Store Pickup,Quarterly,3,0.19999999999999998,Low Engagement,0.6133928571428571,High Value,0,1
3706,28,Female,Clothing,Colorado,Summer,65,2,3.2,1,No,0,No,0,Debit Card,Free Shipping,Annually,1,0.0,Low Engagement,0.2914540816326531,Low Value,0,0
3707,26,Female,Footwear,Kansas,Spring,55,17,4.0,1,No,0,No,0,Cash,Store Pickup,Bi-Weekly,6,0.5,Medium Engagement,0.38201530612244894,Low Value,0,1
3708,35,Female,Accessories,Illinois,Fall,79,19,3.4,1,No,0,No,0,Venmo,2-Day Shipping,Weekly,7,0.6,Medium Engagement,0.5524234693877551,Mid Value,0,0
3709,40,Female,Clothing,South Carolina,Fall,96,41,4.9,1,No,0,No,0,PayPal,Express,Monthly,4,0.3,Low Engagement,0.8831632653061224,High Value,0,1
3710,31,Female,Clothing,Utah,Fall,43,27,3.6,1,No,0,No,0,PayPal,Free Shipping,Quarterly,3,0.19999999999999998,Low Engagement,0.4090561224489796,Mid Value,0,0
3711,60,Female,Accessories,Hawaii,Summer,40,32,3.6,1,No,0,No,0,Bank Transfer,2-Day Shipping,Fortnightly,5,0.39999999999999997,Medium Engagement,0.4413265306122449,Mid Value,0,0
3712,69,Female,Accessories,Texas,Fall,62,33,3.2,1,No,0,No,0,Cash,Free Shipping,Annually,1,0.0,Low Engagement,0.5890306122448979,High Value,0,0
3713,51,Female,Clothing,Oregon,Spring,72,24,3.7,1,No,0,No,0,PayPal,2-Day Shipping,Quarterly,3,0.19999999999999998,Low Engagement,0.5596938775510204,Mid Value,0,0
3714,49,Female,Footwear,Arizona,Spring,87,31,2.6,1,No,0,No,0,Debit Card,Express,Every 3 Months,3,0.19999999999999998,Low Engagement,0.7248724489795919,High Value,0,0
3715,18,Female,Accessories,New York,Winter,31,35,3.9,1,No,0,No,0,Credit Card,Express,Weekly,7,0.6,Medium Engagement,0.4156887755102041,Mid Value,0,0
3716,63,Female,Accessories,Nebraska,Fall,34,2,3.4,1,No,0,No,0,Bank Transfer,Free Shipping,Monthly,4,0.3,Low Engagement,0.09770408163265305,Low Value,0,0
3717,57,Female,Clothing,Vermont,Fall,53,42,3.4,1,No,0,No,0,Debit Card,Next Day Air,Every 3 Months,3,0.19999999999999998,Low Engagement,0.6246173469387755,High Value,0,0
3718,45,Female,Clothing,Maryland,Summer,85,47,4.2,1,No,0,No,0,Bank Transfer,Express,Every 3 Months,3,0.19999999999999998,Low Engagement,0.8756377551020409,High Value,0,1
3719,36,Female,Clothing,Tennessee,Fall,50,44,2.9,1,No,0,No,0,Bank Transfer,Standard,Bi-Weekly,6,0.5,Medium Engagement,0.6262755102040816,High Value,0,0
3720,20,Female,Clothing,Pennsylvania,Summer,91,8,4.1,1,No,0,No,0,Bank Transfer,Free Shipping,Every 3 Months,3,0.19999999999999998,Low Engagement,0.5151785714285714,Mid Value,0,1
3721,21,Female,Accessories,South Carolina,Fall,56,13,3.6,1,No,0,No,0,Credit Card,Free Shipping,Quarterly,3,0.19999999999999998,Low Engagement,0.34744897959183674,Low Value,0,0
3722,62,Female,Outerwear,Connecticut,Fall,60,10,4.0,1,No,0,No,0,Cash,Next Day Air,Annually,1,0.0,Low Engagement,0.34183673469387754,Low Value,0,1
3723,23,Female,Outerwear,Kentucky,Fall,34,1,4.0,1,No,0,No,0,Credit Card,Standard,Fortnightly,5,0.39999999999999997,Medium Engagement,0.0875,Low Value,0,1
3724,26,Female,Footwear,Rhode Island,Spring,30,1,3.6,1,No,0,No,0,Debit Card,Free Shipping,Monthly,4,0.3,Low Engagement,0.0625,Low Value,0,0
3725,30,Female,Accessories,Colorado,Winter,71,18,3.1,1,No,0,No,0,Bank Transfer,Express,Annually,1,0.0,Low Engagement,0.492219387755102,Mid Value,0,0
3726,18,Female,Clothing,Oklahoma,Winter,100,2,4.4,1,No,0,No,0,PayPal,Next Day Air,Annually,1,0.0,Low Engagement,0.5102040816326531,Mid Value,0,1
3727,47,Female,Accessories,Idaho,Fall,85,36,4.3,1,No,0,No,0,Debit Card,Next Day Air,Every 3 Months,3,0.19999999999999998,Low Engagement,0.7633928571428572,High Value,0,1
3728,41,Female,Clothing,Maine,Summer,83,17,3.5,1,No,0,No,0,Debit Card,Next Day Air,Bi-Weekly,6,0.5,Medium Engagement,0.557015306122449,Mid Value,0,0
3729,62,Female,Outerwear,Vermont,Winter,31,1,3.0,1,No,0,No,0,Debit Card,Standard,Annually,1,0.0,Low Engagement,0.06875,Low Value,0,0
3730,28,Female,Footwear,Rhode Island,Spring,82,50,4.7,1,No,0,No,0,Cash,2-Day Shipping,Quarterly,3,0.19999999999999998,Low Engagement,0.8875,High Value,0,1
3731,46,Female,Clothing,Florida,Summer,79,3,2.5,1,No,0,No,0,Credit Card,2-Day Shipping,Bi-Weekly,6,0.5,Medium Engagement,0.38915816326530617,Low Value,0,0
3732,54,Female,Accessories,West Virginia,Spring,62,45,3.1,1,No,0,No,0,PayPal,2-Day Shipping,Quarterly,3,0.19999999999999998,Low Engagement,0.7114795918367347,High Value,0,0
3733,36,Female,Footwear,Indiana,Spring,92,28,3.3,1,No,0,No,0,PayPal,Free Shipping,Annually,1,0.0,Low Engagement,0.7255102040816326,High Value,0,0
3734,25,Female,Clothing,Illinois,Fall,58,6,4.7,1,No,0,No,0,Debit Card,Next Day Air,Every 3 Months,3,0.19999999999999998,Low Engagement,0.2885204081632653,Low Value,0,1
3735,38,Female,Clothing,California,Spring,88,33,3.4,1,No,0,No,0,Debit Card,Next Day Air,Every 3 Months,3,0.19999999999999998,Low Engagement,0.7515306122448979,High Value,0,0
3736,38,Female,Footwear,Massachusetts,Spring,44,29,3.1,1,No,0,No,0,PayPal,2-Day Shipping,Annually,1,0.0,Low Engagement,0.4357142857142857,Mid Value,0,0
3737,42,Female,Clothing,Idaho,Spring,56,2,4.6,1,No,0,No,0,PayPal,Store Pickup,Every 3 Months,3,0.19999999999999998,Low Engagement,0.23520408163265308,Low Value,0,1
3738,19,Female,Accessories,Kentucky,Winter,23,43,4.9,1,No,0,No,0,PayPal,Free Shipping,Bi-Weekly,6,0.5,Medium Engagement,0.44732142857142854,Mid Value,0,1
3739,34,Female,Clothing,Delaware,Spring,45,48,2.7,1,No,0,No,0,Cash,Free Shipping,Fortnightly,5,0.39999999999999997,Medium Engagement,0.6358418367346939,High Value,0,0
3740,38,Female,Accessories,Idaho,Fall,31,43,4.2,1,No,0,No,0,Credit Card,Free Shipping,Weekly,7,0.6,Medium Engagement,0.4973214285714286,Mid Value,0,1
3741,42,Female,Clothing,Virginia,Summer,96,26,2.6,1,No,0,No,0,Debit Card,Store Pickup,Bi-Weekly,6,0.5,Medium Engagement,0.7301020408163266,High Value,0,0
3742,58,Female,Clothing,Arizona,Spring,96,26,3.2,1,No,0,No,0,Debit Card,2-Day Shipping,Bi-Weekly,6,0.5,Medium Engagement,0.7301020408163266,High Value,0,0
3743,56,Female,Clothing,Maryland,Fall,80,50,4.4,1,No,0,No,0,Credit Card,Standard,Bi-Weekly,6,0.5,Medium Engagement,0.875,High Value,0,1
3744,62,Female,Clothing,Idaho,Fall,28,36,3.6,1,No,0,No,0,Debit Card,Free Shipping,Quarterly,3,0.19999999999999998,Low Engagement,0.40714285714285714,Mid Value,0,0
3745,24,Female,Clothing,New Jersey,Summer,51,26,2.7,1,No,0,No,0,Bank Transfer,Next Day Air,Fortnightly,5,0.39999999999999997,Medium Engagement,0.44885204081632657,Mid Value,0,0
3746,60,Female,Clothing,Washington,Spring,41,2,4.3,1,No,0,No,0,Debit Card,Express,Monthly,4,0.3,Low Engagement,0.14145408163265308,Low Value,0,1
3747,53,Female,Outerwear,Idaho,Summer,99,49,2.6,1,No,0,No,0,PayPal,Next Day Air,Monthly,4,0.3,Low Engagement,0.983545918367347,High Value,0,0
3748,26,Female,Clothing,Rhode Island,Spring,53,32,4.3,1,No,0,No,0,Bank Transfer,Store Pickup,Bi-Weekly,6,0.5,Medium Engagement,0.522576530612245,Mid Value,0,1
3749,34,Female,Accessories,Delaware,Fall,25,3,3.9,1,No,0,No,0,Venmo,2-Day Shipping,Annually,1,0.0,Low Engagement,0.05165816326530612,Low Value,0,0
3750,24,Female,Clothing,Alaska,Winter,95,38,2.9,1,No,0,No,0,Venmo,2-Day Shipping,Every 3 Months,3,0.19999999999999998,Low Engagement,0.8463010204081632,High Value,0,0
3751,42,Female,Clothing,Arizona,Fall,88,5,3.1,1,No,0,No,0,PayPal,Free Shipping,Monthly,4,0.3,Low Engagement,0.4658163265306122,Mid Value,0,0
3752,36,Female,Accessories,Alabama,Fall,97,8,4.2,1,No,0,No,0,Credit Card,Free Shipping,Every 3 Months,3,0.19999999999999998,Low Engagement,0.5526785714285715,Mid Value,0,1
3753,24,Female,Outerwear,Washington,Winter,81,43,4.1,1,No,0,No,0,Venmo,2-Day Shipping,Weekly,7,0.6,Medium Engagement,0.8098214285714285,High Value,0,1
3754,39,Female,Accessories,Louisiana,Winter,26,22,4.2,1,No,0,No,0,Bank Transfer,Next Day Air,Fortnightly,5,0.39999999999999997,Medium Engagement,0.2517857142857143,Low Value,0,1
3755,46,Female,Footwear,Nebraska,Summer,41,10,4.4,1,No,0,No,0,Cash,Express,Every 3 Months,3,0.19999999999999998,Low Engagement,0.22308673469387758,Low Value,0,1
3756,64,Female,Clothing,Pennsylvania,Fall,93,26,3.4,1,No,0,No,0,Credit Card,Free Shipping,Monthly,4,0.3,Low Engagement,0.7113520408163265,High Value,0,0
3757,64,Female,Clothing,South Carolina,Spring,69,42,4.8,1,No,0,No,0,Debit Card,Express,Bi-Weekly,6,0.5,Medium Engagement,0.7246173469387756,High Value,0,1
3758,61,Female,Clothing,California,Fall,44,33,4.5,1,No,0,No,0,Cash,2-Day Shipping,Weekly,7,0.6,Medium Engagement,0.4765306122448979,Mid Value,0,1
3759,61,Female,Footwear,Indiana,Spring,54,23,2.7,1,No,0,No,0,Bank Transfer,Store Pickup,Quarterly,3,0.19999999999999998,Low Engagement,0.43698979591836734,Mid Value,0,0
3760,44,Female,Footwear,Missouri,Spring,61,30,3.5,1,No,0,No,0,Venmo,Store Pickup,Quarterly,3,0.19999999999999998,Low Engagement,0.5521683673469387,Mid Value,0,0
3761,65,Female,Clothing,Connecticut,Fall,80,36,3.1,1,No,0,No,0,PayPal,Next Day Air,Weekly,7,0.6,Medium Engagement,0.7321428571428572,High Value,0,0
3762,60,Female,Accessories,Nevada,Summer,30,3,2.8,1,No,0,No,0,Venmo,Next Day Air,Every 3 Months,3,0.19999999999999998,Low Engagement,0.08290816326530612,Low Value,0,0
3763,65,Female,Clothing,New York,Fall,94,13,2.9,1,No,0,No,0,PayPal,Store Pickup,Annually,1,0.0,Low Engagement,0.5849489795918368,Mid Value,0,0
3764,27,Female,Clothing,Oklahoma,Winter,24,38,4.5,1,No,0,No,0,Cash,Standard,Every 3 Months,3,0.19999999999999998,Low Engagement,0.40255102040816326,Low Value,0,1
3765,36,Female,Clothing,South Dakota,Fall,21,19,3.5,1,No,0,No,0,Venmo,Next Day Air,Monthly,4,0.3,Low Engagement,0.18992346938775512,Low Value,0,0
3766,22,Female,Accessories,Missouri,Summer,52,14,4.3,1,No,0,No,0,Bank Transfer,Standard,Bi-Weekly,6,0.5,Medium Engagement,0.3326530612244898,Low Value,0,1
3767,62,Female,Accessories,Texas,Fall,59,43,4.9,1,No,0,No,0,Debit Card,Next Day Air,Annually,1,0.0,Low Engagement,0.6723214285714285,High Value,0,1
3768,59,Female,Clothing,New York,Summer,51,10,3.1,1,No,0,No,0,Bank Transfer,Free Shipping,Fortnightly,5,0.39999999999999997,Medium Engagement,0.2855867346938776,Low Value,0,0
3769,50,Female,Clothing,Vermont,Winter,35,34,4.0,1,No,0,No,0,Bank Transfer,Free Shipping,Quarterly,3,0.19999999999999998,Low Engagement,0.430484693877551,Mid Value,0,1
3770,51,Female,Accessories,Arizona,Summer,87,31,3.6,1,No,0,No,0,Venmo,Standard,Annually,1,0.0,Low Engagement,0.7248724489795919,High Value,0,0
3771,23,Female,Clothing,Montana,Summer,42,34,4.0,1,No,0,No,0,Bank Transfer,Store Pickup,Weekly,7,0.6,Medium Engagement,0.474234693877551,Mid Value,0,1
3772,21,Female,Clothing,Oklahoma,Winter,86,28,2.6,1,No,0,No,0,Venmo,Express,Bi-Weekly,6,0.5,Medium Engagement,0.6880102040816326,High Value,0,0
3773,44,Female,Clothing,New Hampshire,Fall,26,35,3.1,1,No,0,No,0,Cash,Next Day Air,Annually,1,0.0,Low Engagement,0.38443877551020406,Low Value,0,0
3774,25,Female,Clothing,Wisconsin,Summer,60,41,3.5,1,No,0,No,0,Cash,Store Pickup,Quarterly,3,0.19999999999999998,Low Engagement,0.6581632653061225,High Value,0,0
3775,57,Female,Accessories,Alaska,Winter,83,48,3.9,1,No,0,No,0,PayPal,Standard,Fortnightly,5,0.39999999999999997,Medium Engagement,0.8733418367346939,High Value,0,0
3776,41,Female,Accessories,South Dakota,Spring,63,45,2.7,1,No,0,No,0,Cash,2-Day Shipping,Quarterly,3,0.19999999999999998,Low Engagement,0.7177295918367347,High Value,0,0
3777,19,Female,Footwear,Alaska,Spring,25,10,4.1,1,No,0,No,0,Credit Card,Standard,Fortnightly,5,0.39999999999999997,Medium Engagement,0.12308673469387756,Low Value,0,1
3778,43,Female,Clothing,Utah,Fall,65,9,4.3,1,No,0,No,0,Cash,Express,Weekly,7,0.6,Medium Engagement,0.36288265306122447,Low Value,0,1
3779,25,Female,Footwear,South Dakota,Fall,60,30,2.9,1,No,0,No,0,Debit Card,Free Shipping,Annually,1,0.0,Low Engagement,0.5459183673469388,Mid Value,0,0
3780,60,Female,Clothing,California,Spring,75,45,4.0,1,No,0,No,0,PayPal,Express,Annually,1,0.0,Low Engagement,0.7927295918367347,High Value,0,1
3781,54,Female,Footwear,Mississippi,Fall,57,41,4.1,1,No,0,No,0,Venmo,Free Shipping,Quarterly,3,0.19999999999999998,Low Engagement,0.6394132653061224,High Value,0,1
3782,52,Female,Footwear,Tennessee,Winter,99,40,3.7,1,No,0,No,0,PayPal,Standard,Fortnightly,5,0.39999999999999997,Medium Engagement,0.8917091836734694,High Value,0,0
3783,40,Female,Outerwear,Alabama,Spring,45,42,2.8,1,No,0,No,0,PayPal,Free Shipping,Fortnightly,5,0.39999999999999997,Medium Engagement,0.5746173469387755,Mid Value,0,0
3784,39,Female,Accessories,Maine,Summer,66,17,3.2,1,No,0,No,0,Debit Card,Free Shipping,Fortnightly,5,0.39999999999999997,Medium Engagement,0.4507653061224489,Mid Value,0,0
3785,54,Female,Clothing,Virginia,Winter,53,4,4.5,1,No,0,No,0,Venmo,Next Day Air,Annually,1,0.0,Low Engagement,0.23686224489795918,Low Value,0,1
3786,64,Female,Clothing,New Hampshire,Winter,94,6,3.8,1,No,0,No,0,Cash,Standard,Monthly,4,0.3,Low Engagement,0.5135204081632654,Mid Value,0,0
3787,31,Female,Footwear,Tennessee,Fall,47,22,3.6,1,No,0,No,0,Venmo,2-Day Shipping,Weekly,7,0.6,Medium Engagement,0.38303571428571426,Low Value,0,0
3788,37,Female,Clothing,New York,Fall,80,46,3.6,1,No,0,No,0,PayPal,2-Day Shipping,Every 3 Months,3,0.19999999999999998,Low Engagement,0.8341836734693877,High Value,0,0
3789,43,Female,Accessories,Kansas,Spring,65,27,3.2,1,No,0,No,0,Debit Card,Next Day Air,Monthly,4,0.3,Low Engagement,0.5465561224489797,Mid Value,0,0
3790,56,Female,Clothing,North Dakota,Summer,75,18,3.8,1,No,0,No,0,Bank Transfer,Express,Every 3 Months,3,0.19999999999999998,Low Engagement,0.517219387755102,Mid Value,0,0
3791,27,Female,Accessories,Alaska,Summer,45,31,4.4,1,No,0,No,0,Credit Card,Standard,Weekly,7,0.6,Medium Engagement,0.46237244897959184,Mid Value,0,1
3792,40,Female,Accessories,Texas,Spring,51,1,3.7,1,No,0,No,0,Venmo,Store Pickup,Weekly,7,0.6,Medium Engagement,0.19375,Low Value,0,0
3793,43,Female,Accessories,Massachusetts,Summer,58,2,2.6,1,No,0,No,0,PayPal,Express,Fortnightly,5,0.39999999999999997,Medium Engagement,0.24770408163265306,Low Value,0,0
3794,62,Female,Accessories,Delaware,Fall,20,46,4.0,1,No,0,No,0,Bank Transfer,Standard,Annually,1,0.0,Low Engagement,0.45918367346938777,Mid Value,0,1
3795,44,Female,Accessories,South Dakota,Summer,82,27,3.6,1,No,0,No,0,Venmo,2-Day Shipping,Weekly,7,0.6,Medium Engagement,0.6528061224489796,High Value,0,0
3796,45,Female,Accessories,Arkansas,Spring,92,3,2.5,1,No,0,No,0,Cash,Express,Weekly,7,0.6,Medium Engagement,0.47040816326530616,Mid Value,0,0
3797,40,Female,Clothing,Utah,Fall,81,47,3.2,1,No,0,No,0,Bank Transfer,Free Shipping,Quarterly,3,0.19999999999999998,Low Engagement,0.8506377551020408,High Value,0,0
3798,68,Female,Accessories,California,Summer,44,20,2.5,1,No,0,No,0,Cash,Next Day Air,Quarterly,3,0.19999999999999998,Low Engagement,0.3438775510204082,Low Value,0,0
3799,63,Female,Accessories,Rhode Island,Winter,72,23,3.2,1,No,0,No,0,Credit Card,Next Day Air,Annually,1,0.0,Low Engagement,0.5494897959183673,Mid Value,0,0
3800,60,Female,Outerwear,Oklahoma,Winter,26,13,2.6,1,No,0,No,0,Credit Card,Store Pickup,Monthly,4,0.3,Low Engagement,0.15994897959183674,Low Value,0,0
3801,19,Female,Clothing,Vermont,Fall,26,12,4.8,1,No,0,No,0,Venmo,Next Day Air,Bi-Weekly,6,0.5,Medium Engagement,0.14974489795918366,Low Value,0,1
3802,26,Female,Clothing,Kentucky,Spring,84,36,5.0,1,No,0,No,0,PayPal,Store Pickup,Fortnightly,5,0.39999999999999997,Medium Engagement,0.7571428571428571,High Value,0,1
3803,70,Female,Accessories,Illinois,Spring,72,1,3.2,1,No,0,No,0,Bank Transfer,2-Day Shipping,Monthly,4,0.3,Low Engagement,0.325,Low Value,0,0
3804,48,Female,Accessories,Connecticut,Spring,55,14,3.6,1,No,0,No,0,Debit Card,Standard,Weekly,7,0.6,Medium Engagement,0.35140306122448983,Low Value,0,0
3805,37,Female,Accessories,Florida,Fall,77,45,2.7,1,No,0,No,0,Cash,2-Day Shipping,Annually,1,0.0,Low Engagement,0.8052295918367347,High Value,0,0
3806,48,Female,Accessories,New Jersey,Fall,57,31,3.1,1,No,0,No,0,Credit Card,Standard,Quarterly,3,0.19999999999999998,Low Engagement,0.5373724489795919,Mid Value,0,0
3807,18,Female,Footwear,Missouri,Spring,71,41,3.0,1,No,0,No,0,PayPal,Standard,Weekly,7,0.6,Medium Engagement,0.7269132653061224,High Value,0,0
3808,38,Female,Clothing,Michigan,Spring,39,36,2.9,1,No,0,No,0,PayPal,Next Day Air,Annually,1,0.0,Low Engagement,0.4758928571428571,Mid Value,0,0
3809,33,Female,Clothing,Washington,Winter,28,6,4.7,1,No,0,No,0,Debit Card,Express,Bi-Weekly,6,0.5,Medium Engagement,0.10102040816326531,Low Value,0,1
3810,57,Female,Footwear,New York,Winter,33,28,3.7,1,No,0,No,0,Credit Card,Standard,Annually,1,0.0,Low Engagement,0.3567602040816326,Low Value,0,0
3811,46,Female,Clothing,Wisconsin,Fall,79,29,3.9,1,No,0,No,0,Venmo,Free Shipping,Monthly,4,0.3,Low Engagement,0.6544642857142857,High Value,0,0
3812,46,Female,Accessories,Idaho,Winter,30,14,4.0,1,No,0,No,0,Cash,Standard,Monthly,4,0.3,Low Engagement,0.1951530612244898,Low Value,0,1
3813,50,Female,Clothing,Michigan,Spring,75,7,2.8,1,No,0,No,0,Bank Transfer,Next Day Air,Every 3 Months,3,0.19999999999999998,Low Engagement,0.4049744897959184,Mid Value,0,0
3814,61,Female,Clothing,Georgia,Summer,89,31,4.1,1,No,0,No,0,Venmo,Express,Bi-Weekly,6,0.5,Medium Engagement,0.7373724489795919,High Value,0,1
3815,45,Female,Clothing,Michigan,Winter,95,26,4.2,1,No,0,No,0,Bank Transfer,Free Shipping,Every 3 Months,3,0.19999999999999998,Low Engagement,0.7238520408163265,High Value,0,1
3816,32,Female,Accessories,Maine,Fall,44,12,4.3,1,No,0,No,0,Venmo,Express,Fortnightly,5,0.39999999999999997,Medium Engagement,0.26224489795918365,Low Value,0,1
3817,29,Female,Outerwear,Maryland,Summer,86,45,4.3,1,No,0,No,0,Credit Card,Store Pickup,Fortnightly,5,0.39999999999999997,Medium Engagement,0.8614795918367346,High Value,0,1
3818,66,Female,Accessories,Missouri,Fall,91,40,2.6,1,No,0,No,0,PayPal,Express,Annually,1,0.0,Low Engagement,0.8417091836734694,High Value,0,0
3819,70,Female,Footwear,Oregon,Winter,41,42,3.8,1,No,0,No,0,Cash,Free Shipping,Monthly,4,0.3,Low Engagement,0.5496173469387755,Mid Value,0,0
3820,36,Female,Clothing,Arkansas,Spring,99,45,2.9,1,No,0,No,0,Cash,Express,Quarterly,3,0.19999999999999998,Low Engagement,0.9427295918367347,High Value,0,0
3821,34,Female,Accessories,New Hampshire,Winter,65,34,5.0,1,No,0,No,0,Debit Card,Standard,Quarterly,3,0.19999999999999998,Low Engagement,0.6179846938775511,High Value,0,1
3822,20,Female,Footwear,Oregon,Summer,48,34,4.6,1,No,0,No,0,Credit Card,Free Shipping,Every 3 Months,3,0.19999999999999998,Low Engagement,0.511734693877551,Mid Value,0,1
3823,70,Female,Accessories,Kansas,Spring,41,17,3.2,1,No,0,No,0,PayPal,Free Shipping,Every 3 Months,3,0.19999999999999998,Low Engagement,0.29451530612244897,Low Value,0,0
3824,50,Female,Clothing,California,Summer,42,27,3.0,1,No,0,No,0,Bank Transfer,Standard,Weekly,7,0.6,Medium Engagement,0.4028061224489796,Low Value,0,0
3825,54,Female,Clothing,Georgia,Summer,26,31,4.0,1,No,0,No,0,Credit Card,Free Shipping,Quarterly,3,0.19999999999999998,Low Engagement,0.3436224489795918,Low Value,0,1
3826,49,Female,Clothing,Hawaii,Fall,35,47,4.1,1,No,0,No,0,Debit Card,Express,Fortnightly,5,0.39999999999999997,Medium Engagement,0.5631377551020409,Mid Value,0,1
3827,50,Female,Outerwear,Montana,Summer,31,25,4.0,1,No,0,No,0,Bank Transfer,Express,Annually,1,0.0,Low Engagement,0.3136479591836735,Low Value,0,1
3828,62,Female,Accessories,Montana,Summer,73,47,4.1,1,No,0,No,0,Cash,Standard,Fortnightly,5,0.39999999999999997,Medium Engagement,0.8006377551020408,High Value,0,1
3829,42,Female,Clothing,Mississippi,Spring,82,8,3.4,1,No,0,No,0,Cash,Free Shipping,Weekly,7,0.6,Medium Engagement,0.45892857142857146,Mid Value,0,0
3830,69,Female,Clothing,Washington,Spring,32,32,2.9,1,No,0,No,0,Debit Card,Free Shipping,Fortnightly,5,0.39999999999999997,Medium Engagement,0.3913265306122449,Low Value,0,0
3831,22,Female,Accessories,Pennsylvania,Summer,27,33,3.0,1,No,0,No,0,Bank Transfer,2-Day Shipping,Every 3 Months,3,0.19999999999999998,Low Engagement,0.37028061224489794,Low Value,0,0
3832,36,Female,Accessories,Nevada,Spring,86,16,4.0,1,No,0,No,0,Debit Card,Next Day Air,Every 3 Months,3,0.19999999999999998,Low Engagement,0.5655612244897958,Mid Value,0,1
3833,64,Female,Footwear,Kansas,Winter,38,27,4.8,1,No,0,No,0,Cash,2-Day Shipping,Weekly,7,0.6,Medium Engagement,0.3778061224489796,Low Value,0,1
3834,44,Female,Outerwear,Arizona,Summer,93,17,4.6,1,No,0,No,0,PayPal,Free Shipping,Every 3 Months,3,0.19999999999999998,Low Engagement,0.619515306122449,High Value,0,1
3835,43,Female,Clothing,Tennessee,Winter,59,17,4.1,1,No,0,No,0,Cash,2-Day Shipping,Quarterly,3,0.19999999999999998,Low Engagement,0.40701530612244896,Mid Value,0,1
3836,58,Female,Footwear,Pennsylvania,Winter,58,28,2.6,1,No,0,No,0,PayPal,Express,Bi-Weekly,6,0.5,Medium Engagement,0.5130102040816327,Mid Value,0,0
3837,62,Female,Clothing,Alaska,Spring,84,38,2.5,1,No,0,No,0,PayPal,Free Shipping,Fortnightly,5,0.39999999999999997,Medium Engagement,0.7775510204081633,High Value,0,0
3838,45,Female,Clothing,New Mexico,Spring,100,33,4.8,1,No,0,No,0,Bank Transfer,Free Shipping,Fortnightly,5,0.39999999999999997,Medium Engagement,0.8265306122448979,High Value,0,1
3839,47,Female,Clothing,Rhode Island,Summer,25,24,4.2,1,No,0,No,0,Venmo,Express,Every 3 Months,3,0.19999999999999998,Low Engagement,0.26594387755102045,Low Value,0,1
3840,66,Female,Footwear,Connecticut,Spring,29,14,3.9,1,No,0,No,0,Venmo,Free Shipping,Quarterly,3,0.19999999999999998,Low Engagement,0.1889030612244898,Low Value,0,0
3841,30,Female,Clothing,Idaho,Spring,42,5,3.7,1,No,0,No,0,Venmo,Express,Fortnightly,5,0.39999999999999997,Medium Engagement,0.17831632653061225,Low Value,0,0
3842,68,Female,Clothing,Mississippi,Fall,57,8,4.2,1,No,0,No,0,Bank Transfer,2-Day Shipping,Monthly,4,0.3,Low Engagement,0.30267857142857146,Low Value,0,1
3843,35,Female,Outerwear,Colorado,Winter,84,42,4.2,1,No,0,No,0,Debit Card,Next Day Air,Monthly,4,0.3,Low Engagement,0.8183673469387756,High Value,0,1
3844,64,Female,Accessories,Georgia,Winter,71,48,4.0,1,No,0,No,0,Venmo,Free Shipping,Every 3 Months,3,0.19999999999999998,Low Engagement,0.7983418367346938,High Value,0,1
3845,30,Female,Clothing,Montana,Fall,87,40,5.0,1,No,0,No,0,Venmo,Next Day Air,Quarterly,3,0.19999999999999998,Low Engagement,0.8167091836734695,High Value,0,1
3846,58,Female,Clothing,California,Winter,52,46,4.9,1,No,0,No,0,Venmo,Standard,Annually,1,0.0,Low Engagement,0.6591836734693878,High Value,0,1
3847,57,Female,Clothing,Pennsylvania,Summer,58,40,4.0,1,No,0,No,0,PayPal,Express,Every 3 Months,3,0.19999999999999998,Low Engagement,0.6354591836734693,High Value,0,1
3848,60,Female,Clothing,Delaware,Fall,34,31,3.2,1,No,0,No,0,PayPal,2-Day Shipping,Fortnightly,5,0.39999999999999997,Medium Engagement,0.39362244897959187,Low Value,0,0
3849,22,Female,Accessories,New Hampshire,Winter,60,39,3.0,1,No,0,No,0,Cash,Next Day Air,Every 3 Months,3,0.19999999999999998,Low Engagement,0.6377551020408163,High Value,0,0
3850,46,Female,Clothing,Florida,Winter,68,36,2.6,1,No,0,No,0,PayPal,Express,Fortnightly,5,0.39999999999999997,Medium Engagement,0.6571428571428571,High Value,0,0
3851,27,Female,Accessories,Mississippi,Summer,74,25,4.4,1,No,0,No,0,Debit Card,2-Day Shipping,Every 3 Months,3,0.19999999999999998,Low Engagement,0.5823979591836734,Mid Value,0,1
3852,50,Female,Accessories,Montana,Summer,83,24,3.9,1,No,0,No,0,Debit Card,Free Shipping,Annually,1,0.0,Low Engagement,0.6284438775510204,High Value,0,0
3853,65,Female,Accessories,Mississippi,Fall,79,19,4.0,1,No,0,No,0,PayPal,2-Day Shipping,Weekly,7,0.6,Medium Engagement,0.5524234693877551,Mid Value,0,1
3854,61,Female,Accessories,Tennessee,Fall,76,49,4.0,1,No,0,No,0,Debit Card,Store Pickup,Bi-Weekly,6,0.5,Medium Engagement,0.8397959183673469,High Value,0,1
3855,57,Female,Clothing,Florida,Spring,20,4,4.2,1,No,0,No,0,Venmo,Free Shipping,Annually,1,0.0,Low Engagement,0.030612244897959183,Low Value,0,1
3856,40,Female,Clothing,Illinois,Summer,61,36,4.4,1,No,0,No,0,Cash,Next Day Air,Quarterly,3,0.19999999999999998,Low Engagement,0.6133928571428571,High Value,0,1
3857,39,Female,Footwear,Virginia,Summer,78,8,2.5,1,No,0,No,0,Debit Card,Free Shipping,Quarterly,3,0.19999999999999998,Low Engagement,0.43392857142857144,Mid Value,0,0
3858,42,Female,Accessories,Texas,Summer,21,29,3.1,1,No,0,No,0,Credit Card,Store Pickup,Every 3 Months,3,0.19999999999999998,Low Engagement,0.2919642857142857,Low Value,0,0
3859,30,Female,Clothing,Missouri,Winter,77,26,3.5,1,No,0,No,0,Credit Card,Store Pickup,Quarterly,3,0.19999999999999998,Low Engagement,0.6113520408163265,High Value,0,0
3860,65,Female,Clothing,Mississippi,Fall,88,47,3.0,1,No,0,No,0,Bank Transfer,2-Day Shipping,Bi-Weekly,6,0.5,Medium Engagement,0.8943877551020408,High Value,0,0
3861,57,Female,Accessories,Pennsylvania,Summer,64,44,4.4,1,No,0,No,0,Cash,Next Day Air,Annually,1,0.0,Low Engagement,0.7137755102040817,High Value,0,1
3862,64,Female,Outerwear,Wyoming,Spring,57,49,4.9,1,No,0,No,0,Credit Card,Standard,Monthly,4,0.3,Low Engagement,0.721045918367347,High Value,0,1
3863,56,Female,Clothing,Idaho,Winter,49,9,2.8,1,No,0,No,0,Venmo,Next Day Air,Monthly,4,0.3,Low Engagement,0.2628826530612245,Low Value,0,0
3864,40,Female,Accessories,New Hampshire,Summer,35,28,3.3,1,No,0,No,0,Cash,Free Shipping,Fortnightly,5,0.39999999999999997,Medium Engagement,0.3692602040816326,Low Value,0,0
3865,55,Female,Clothing,Wyoming,Winter,99,1,4.9,1,No,0,No,0,Debit Card,Express,Fortnightly,5,0.39999999999999997,Medium Engagement,0.49375,Mid Value,0,1
3866,25,Female,Clothing,Nebraska,Spring,42,28,4.2,1,No,0,No,0,Cash,Store Pickup,Every 3 Months,3,0.19999999999999998,Low Engagement,0.41301020408163264,Mid Value,0,1
3867,58,Female,Accessories,Alaska,Winter,32,33,3.3,1,No,0,No,0,Credit Card,2-Day Shipping,Fortnightly,5,0.39999999999999997,Medium Engagement,0.40153061224489794,Low Value,0,0
3868,46,Female,Outerwear,Maryland,Summer,21,28,2.7,1,No,0,No,0,Credit Card,Standard,Monthly,4,0.3,Low Engagement,0.2817602040816326,Low Value,0,0
3869,18,Female,Clothing,Maryland,Winter,29,9,3.3,1,No,0,No,0,Cash,2-Day Shipping,Annually,1,0.0,Low Engagement,0.1378826530612245,Low Value,0,0
3870,26,Female,Outerwear,Arizona,Spring,64,28,3.8,1,No,0,No,0,Bank Transfer,Free Shipping,Annually,1,0.0,Low Engagement,0.5505102040816326,Mid Value,0,0
3871,61,Female,Footwear,Ohio,Fall,46,19,3.2,1,No,0,No,0,Cash,Next Day Air,Every 3 Months,3,0.19999999999999998,Low Engagement,0.3461734693877551,Low Value,0,0
3872,55,Female,Clothing,Minnesota,Fall,97,20,4.1,1,No,0,No,0,Bank Transfer,2-Day Shipping,Every 3 Months,3,0.19999999999999998,Low Engagement,0.6751275510204082,High Value,0,1
3873,41,Female,Outerwear,New Hampshire,Spring,94,3,4.3,1,No,0,No,0,Cash,Standard,Monthly,4,0.3,Low Engagement,0.48290816326530617,Mid Value,0,1
3874,42,Female,Footwear,Louisiana,Summer,43,22,4.0,1,No,0,No,0,Credit Card,Standard,Weekly,7,0.6,Medium Engagement,0.35803571428571423,Low Value,0,1
3875,70,Female,Clothing,Nevada,Summer,54,33,3.9,1,No,0,No,0,Credit Card,2-Day Shipping,Bi-Weekly,6,0.5,Medium Engagement,0.5390306122448979,Mid Value,0,0
3876,63,Female,Accessories,New Hampshire,Winter,51,21,3.3,1,No,0,No,0,Credit Card,2-Day Shipping,Annually,1,0.0,Low Engagement,0.3978316326530612,Low Value,0,0
3877,60,Female,Footwear,Wisconsin,Fall,85,7,2.6,1,No,0,No,0,Cash,2-Day Shipping,Annually,1,0.0,Low Engagement,0.4674744897959184,Mid Value,0,0
3878,28,Female,Clothing,Nevada,Spring,96,46,4.2,1,No,0,No,0,Debit Card,Next Day Air,Monthly,4,0.3,Low Engagement,0.9341836734693878,High Value,0,1
3879,60,Female,Accessories,South Carolina,Summer,42,24,3.4,1,No,0,No,0,Credit Card,2-Day Shipping,Annually,1,0.0,Low Engagement,0.3721938775510204,Low Value,0,0
3880,26,Female,Clothing,Florida,Winter,63,6,4.1,1,No,0,No,0,Debit Card,Free Shipping,Quarterly,3,0.19999999999999998,Low Engagement,0.3197704081632653,Low Value,0,1
3881,42,Female,Clothing,Massachusetts,Winter,20,40,3.9,1,No,0,No,0,PayPal,Free Shipping,Monthly,4,0.3,Low Engagement,0.3979591836734694,Low Value,0,0
3882,56,Female,Accessories,Georgia,Spring,25,17,2.8,1,No,0,No,0,Debit Card,2-Day Shipping,Weekly,7,0.6,Medium Engagement,0.19451530612244897,Low Value,0,0
3883,35,Female,Clothing,North Dakota,Fall,95,24,2.6,1,No,0,No,0,Cash,Free Shipping,Fortnightly,5,0.39999999999999997,Medium Engagement,0.7034438775510204,High Value,0,0
3884,34,Female,Accessories,North Dakota,Fall,38,22,4.0,1,No,0,No,0,Cash,Next Day Air,Fortnightly,5,0.39999999999999997,Medium Engagement,0.3267857142857143,Low Value,0,1
3885,47,Female,Footwear,Maryland,Fall,29,3,4.9,1,No,0,No,0,PayPal,Express,Weekly,7,0.6,Medium Engagement,0.07665816326530613,Low Value,0,1
3886,49,Female,Clothing,New Mexico,Winter,64,39,3.2,1,No,0,No,0,Cash,Free Shipping,Quarterly,3,0.19999999999999998,Low Engagement,0.6627551020408163,High Value,0,0
3887,37,Female,Accessories,Iowa,Summer,92,40,3.9,1,No,0,No,0,Debit Card,Express,Quarterly,3,0.19999999999999998,Low Engagement,0.8479591836734695,High Value,0,0
3888,40,Female,Clothing,Kansas,Spring,34,1,2.7,1,No,0,No,0,Credit Card,Express,Quarterly,3,0.19999999999999998,Low Engagement,0.0875,Low Value,0,0
3889,45,Female,Footwear,Virginia,Spring,69,14,3.4,1,No,0,No,0,Venmo,Standard,Bi-Weekly,6,0.5,Medium Engagement,0.43890306122448985,Mid Value,0,0
3890,57,Female,Clothing,Alaska,Spring,65,49,3.5,1,No,0,No,0,Bank Transfer,Express,Annually,1,0.0,Low Engagement,0.7710459183673469,High Value,0,0
3891,35,Female,Clothing,Nebraska,Winter,81,33,2.6,1,No,0,No,0,Debit Card,Standard,Annually,1,0.0,Low Engagement,0.707780612244898,High Value,0,0
3892,36,Female,Clothing,Colorado,Winter,30,6,4.7,1,No,0,No,0,Bank Transfer,Free Shipping,Quarterly,3,0.19999999999999998,Low Engagement,0.11352040816326531,Low Value,0,1
3893,35,Female,Accessories,Michigan,Summer,86,5,3.5,1,No,0,No,0,PayPal,Standard,Fortnightly,5,0.39999999999999997,Medium Engagement,0.4533163265306122,Mid Value,0,0
3894,21,Female,Accessories,Massachusetts,Fall,64,29,3.3,1,No,0,No,0,Bank Transfer,Store Pickup,Bi-Weekly,6,0.5,Medium Engagement,0.5607142857142857,Mid Value,0,0
3895,66,Female,Clothing,Connecticut,Spring,78,44,3.9,1,No,0,No,0,Credit Card,2-Day Shipping,Every 3 Months,3,0.19999999999999998,Low Engagement,0.8012755102040816,High Value,0,0
3896,40,Female,Clothing,Virginia,Summer,28,32,4.2,1,No,0,No,0,Venmo,2-Day Shipping,Weekly,7,0.6,Medium Engagement,0.3663265306122449,Low Value,0,1
3897,52,Female,Accessories,Iowa,Spring,49,41,4.5,1,No,0,No,0,Bank Transfer,Store Pickup,Bi-Weekly,6,0.5,Medium Engagement,0.5894132653061225,High Value,0,1
3898,46,Female,Accessories,New Jersey,Spring,33,24,2.9,1,No,0,No,0,Venmo,Standard,Quarterly,3,0.19999999999999998,Low Engagement,0.31594387755102044,Low Value,0,0
3899,44,Female,Footwear,Minnesota,Summer,77,24,3.8,1,No,0,No,0,Venmo,Express,Weekly,7,0.6,Medium Engagement,0.5909438775510204,High Value,0,0
3900,52,Female,Accessories,California,Spring,81,33,3.1,1,No,0,No,0,Venmo,Store Pickup,Quarterly,3,0.19999999999999998,Low Engagement,0.707780612244898,High Value,0,0
